0.0,-0.00039386378454529976,-0.0015623095124743004,0.004783148586272701,-0.009460798840667601,-0.0032115563056835995,-0.002847526770183701,0.00032122149526399996,0.0133303637115266,0.0036756033443540994,0.0022884672821857997,0.0010145666877014996,-0.0010932536014569998,-0.00038652937211340014,0.0013602805360079994,0.0044499089983593,-0.0031811984324333978,0.004311235256398399,-0.0023181177878204,-0.020597473982078396,-0.004992298569742398,0.006333424265701902,-0.006469869635736501,-0.0215455890163148,0.0010146921916697992,-0.011264123325063899,-0.010974737273843401,0.0009345464590102999,-0.0033470119147016,-0.0003777824051686999,0.0019204919401129002,0.008271532346750002
-0.005952276514475802,0.0,-0.014002229517454601,0.0148884405483857,-0.011443810162398699,-0.006298313038675105,0.007379511044274301,0.0111148542463415,-0.0032755967623962004,0.0033996910989661008,0.000366841800969,-0.0023909619024683002,0.0026193672536278,-0.000278268253354,0.002491962588196301,-0.0005209572975331013,-0.0037309654230349,0.0030800042024020993,0.0012859903922868999,-0.0095744619175144,-0.0057550207906363025,-0.009853441481417799,-0.0096706169207324,-0.0067393702300144985,0.0012930045645651988,-0.0102122092490287,-0.0030971745227207992,-0.0055832011154662,-0.0016428529289583,0.0022999692825831,-0.0013592251785322002,-0.003428896957775502
-0.0007887545093938006,0.0007898171484608998,0.0,0.0197006027717997,0.05776292138675769,0.0289997032072069,0.004281130269608802,0.0342112064093981,-0.0007355799483708021,0.0027065091163680013,-0.0018188782208553994,-0.0010992350776166011,0.00044181353628950076,-0.0005607511009838003,0.0108284972631293,0.0235379758586516,0.0030983370852392007,0.0017244289044779002,-0.0004976656812000998,-0.014287844490533599,0.0140680391909583,0.008960601029374002,0.013439493997361399,-0.0017410402172367,0.011251845574022699,0.0007265895268070994,0.0038179585895949004,-0.0057006849253352,-0.0006772266433953998,-0.0016734145541226998,-0.0006695603806071001,0.010533058470113201
0.0037992844685029005,-0.0007977457632876005,0.002338848077479999,0.0,0.023092818434318103,0.005138898189113894,-0.004449857636587902,0.0001639080820401012,0.0008180071424937008,0.009023215587390693,-0.00015402664720839954,-0.010322537807215107,0.012437355163165402,-0.0011336732946469995,-0.0202430117144724,-0.0031519698695794,0.0039017853318505996,-0.0006901359162227998,0.0007049861322735,-0.0009257004226052024,0.0017825526214752,-0.0052194320911735995,-0.009412120730134099,-0.0014563448423220004,0.0007584387835573008,0.0022974728508665995,0.0008668745626166999,-0.004935125255770199,0.0007571259525040999,-0.0001259829311407001,0.0008906581186887003,-0.0027413987934257
-0.0019249792001515002,0.0011834034960182,-0.0006454339727438997,0.028424878493723698,0.0,0.0121048583928221,-0.006515096482604401,0.0279009430059327,-0.023209701824958393,-0.0055293315427947,-0.010519677491098299,0.0056865943439809025,0.0018585516450328994,0.0008894591527165005,0.0174085992382476,-0.0026408296061357917,0.0007328930507943003,-0.0004826368821159001,0.0021828219912523998,-0.0072141722150871005,0.0064987946342016985,0.0023133720215829986,-0.0005941517281819013,-0.0054486629274844,-0.0006384115537053023,-0.0015823975692316004,0.0032028787350317995,-0.004762310534189903,-0.008720672216990499,-0.0007817517266055,-0.0005238181271396002,-0.004205233862080299
-0.0021255817975265,0.0103548084042283,0.0003321053151125004,-0.008251016078443599,0.0258890730434958,0.0,0.003791323689828199,0.0153931335574369,0.0148068112106461,-0.0028490864627596004,0.0009357030204838988,0.0066269435523414,0.0051749479937881985,-1.2947966857100156e-05,-0.0048984889431355995,0.0248724203325725,0.0003916005616374,0.0016172476921565001,-0.0008274837909092001,0.006551850723849001,-0.0048360649786395,-0.0005423413586872995,-0.0014570507317543998,0.0024221702508775006,0.013540901705395198,0.0066765678513269,0.0001250406265158998,0.0015274851945468008,-0.0033340498441037994,-0.0008289278699390003,0.0009219717928485999,0.0100808478603333
-0.0049710240776945,0.006141213073793901,-0.0024831486366060996,0.017668794032782098,0.004731140866424399,0.00012810667751200072,0.0,0.005844422692637498,0.015354217007453999,0.008589428111775101,-0.0010712853281667992,-0.005035553079198301,0.0078934857928161,0.0009174890905197996,0.0161471602960036,0.008629564464725098,-0.0021804472950854997,0.0030750648838921996,0.002238248854085,-0.009787976011888999,-0.005336096181330002,-0.0014560116343804996,-0.0188845763771864,-0.014203985185040499,0.013985567514550802,0.0005079085199651001,-0.0010878070005893004,-0.001245593130147403,-0.00047021445996979993,0.0006940946844263001,0.0007531986150931002,0.0011443152243512979
0.0043045531339487,-0.0011019508209730994,0.0029136228863769,0.0016295118015118987,0.0011596559077785996,0.0027108799649986984,0.001713301050785699,0.0,-5.369034255139991e-05,-0.00327940909185169,0.004933483353778599,0.006311375859816497,0.011172149559643001,0.0006185548717160998,-0.0161869656782309,-0.008228501498067,0.0033021599332765,-0.0034262618416083003,0.0013361215039643,-0.004206989958109902,0.0028298581558027017,-0.0012677643758917008,-0.0024611035424679014,-0.0036727912124186017,-0.0015223948008794997,-0.002161308744949,0.0014479843620413002,0.006181715445933201,0.00021985257965509994,0.00022117670989569996,-0.00047584394523369957,0.0016297330610524005
-0.0025918658019391996,0.0020939438640301,-7.799415398459988e-05,0.005946826637499,-0.0008291212140992005,0.0028311922212298987,0.0048038610219488,0.010021190998809902,0.0,0.015075013504018402,0.007344287552859199,0.0038546903423742,0.0021139851242259,0.00030263144689409967,0.0064713952321768,0.009105935724680696,-0.0006122204553264,-0.003330849897665699,0.0021825504896615,-0.0017893780968439993,-0.0009028078153579012,0.006321373218239499,-0.010303719195997901,-0.0029586230573489004,0.0006884104021590998,-0.0072355596747682,0.0012569688580146001,0.002932394497772401,-0.00047569784488339997,0.0013861504704383,-0.0039575706545865,-0.002825299925207799
0.0006061483700380002,-0.002323242012718999,-0.001721170023777,-0.023781238357757695,0.018569628342286995,-0.015073039012514604,0.003466867002253099,-0.04620662886787391,-0.0012652278311256985,0.0,0.004766621402548507,0.0028637475837784004,-0.003262252192008399,-0.0031462107555506004,-0.005351474668477199,-0.0041350909100616,0.0029401062703687995,-0.0021549011015192998,9.968384588719984e-05,-0.0161149085157024,0.0019839083954945992,-0.0103313556321372,-0.011967629001615101,-0.008967689589638802,0.0014652185567418001,-0.0007533601128873989,0.0010476669622029007,0.0028527708079098026,0.0013044685905987002,0.0005591383250413999,0.0075715529691164005,-0.0005227612050569003
-0.001681576654202,0.0042524254417491,-0.0012640766752214996,-0.020632548125281897,0.0057889547230776,-0.0011051148693349971,0.009258114131721899,-0.017205354814233804,-0.0059544069406883005,-0.010760611510993404,0.0,0.003232147774691399,0.004308478274064199,-0.0012602869517817999,-0.00030601673260519796,-0.0014752250528573992,-0.0020731251954332996,-0.0040920079311232,0.00020786113506159965,-0.0120631453886148,-0.0012297328221909003,-0.0055879243160195,-0.0014115699684776987,-0.0069624560123941,-0.0019440410832836002,-0.005880920100974301,-0.0018494697269767998,-0.0093281880701232,-0.001902887414347301,0.0029698319523088997,0.009960213841721,0.0018479188908477
-0.0015034606904847998,0.0023827398112191,-0.0011878310753655002,-0.0242611837834482,-0.0024259893125817,-0.0017500285790411005,-0.007823199227892399,-0.014294627903410198,-0.00011106774593280105,-0.047658701308454794,0.008729628501261699,0.0,-0.0057045163700378,0.0024305781867025,-0.037352305688760405,-0.0005489084369897004,-0.000868517349981,-0.0026088787883768,-0.0009647684999735999,0.0018270032807320997,-0.002269016380196699,-0.0091898602434497,-0.012934202993651403,-0.0003641853685684999,-0.0043549921386334,0.0024477365886327006,-0.0089153098629757,-0.033492560080536,0.000839319917889601,-0.0009973174542969995,-0.007181705857154601,-0.0009523959697366
0.0001571174269380999,-0.0015549270233442998,-0.0027101721682826997,0.015648419078406403,0.011130690155407599,0.0024023022336996996,0.010147090601321799,0.0106711736117515,-0.0024689640634932997,0.0246379933698704,0.025516470108353805,-0.0023512989190380973,0.0,0.0046471531498733995,-0.011044807393464202,-0.0040269896646511,-0.0005400974194723998,-0.0016801765153579998,0.0012915957675050998,0.0009806937148988011,0.003558645727214,-0.012215886928251499,-0.010903707718451502,0.00019801200488769877,-0.0050472725139996,-0.0011231324760527014,-0.0017525600351576002,-0.008988108120798899,-0.016082339104424997,-0.00044283585078580025,-0.0053467283104622005,-0.0007189222936892
0.00017486157123710027,0.0049076680909751,0.0014241627552800994,-0.026786698093769802,-0.0121862239527188,-0.017988365540540792,0.0009516479484664997,-0.0172786461156276,-0.0004713085106521006,0.006951098834155001,0.0103797402114474,0.0158118291142759,-0.003251103831182999,0.0,0.0098269777938357,-0.010648814168219098,-0.0015688240186887996,-0.0021613170346542,-0.0010414378443293,-0.012673647490059699,0.002852711770085401,-0.006697432148416,0.0008570065103491002,-0.004395610672691799,-0.0027900799997318,-0.012822379594065101,-0.0050253163092748,-0.0010897394377684978,-0.0021033041877890003,-0.00039032291550870034,0.0058881875985497,-0.0041877203748166
0.0025719215838216998,-0.0005369019158894999,0.0018267246435243003,0.002367784937699501,0.0203012308265098,0.0051359967117352995,0.0105171848076578,2.991251271997064e-06,-0.0006706083453233008,-0.003077996876929801,0.007919841817235394,-0.0070223566277743,-0.011311497328758403,-0.0011586433474654002,0.0,0.0033127005216872993,-0.00028120061350439974,0.0006274614710873,-0.0010681451387563998,-0.0065377102084256,0.0055961293161944006,0.0031042956094740996,0.0080267399578044,-0.0095556879238298,-0.008114861781718299,-0.0027544006232599998,0.0017297809989172998,0.0022064682843713976,-0.0052819373904985,-0.0005190453284326002,-0.0035459594310024004,0.0028707161846348002
-0.0009978333650367006,-0.0013664158479838005,1.2252498473000212e-05,-0.0028045426143455,-0.012827353253149999,0.0010655341402596996,-0.020388085141661197,0.0008596858900564008,0.012839858184654093,0.0040918314935561,0.008704385699924301,0.014184599338462299,0.0021264466847223996,0.0014631858604124996,0.001578170213945699,0.0,5.8746143336699426e-05,0.0007259968612967002,0.0032178633964211004,0.004476046264129398,-0.001379404573259,0.0033365329001081995,0.0012735741641639008,0.0050753753785948,-0.0029898368594924,0.004186922143791901,0.0034093697289022005,0.0123673852743644,-0.0018780891643846002,0.0024921450497897004,-0.001205235854919,-0.001887061335494801
-0.004652398973451001,-0.0065486069514354,-0.007801057739577799,0.004525438011578099,-0.004501241341153497,0.0025973195273095006,0.0009490539417238014,0.003028372668590901,0.007532168929357597,0.0034836964539619996,0.0056676880027479,0.0032965154872327002,0.0016539078438564002,0.0008562249482271999,0.0032037822104534,0.015313692913211205,0.0,0.002905101142615902,-0.0012637432554634003,-0.005131328617742598,0.0140651624663191,0.029563393800036704,0.028265783495060905,-0.0055337832821974985,-0.011455803785444196,0.0177258148152335,0.0007283156725466002,-0.0070856326731778005,0.0003686348975794002,0.0016139415439783006,0.0099366635820674,0.0028846055107921015
-0.00481415959835,-0.0123210621345034,-0.008021133180503499,0.001973711416701499,-0.0221531460781041,0.0001427129256603996,-0.0099966561496763,0.00015277156297090026,-0.0100209315807852,0.0004430580456448001,0.0032137666888583,0.0010699090526684,0.0021223650361604004,-9.284753372689998e-05,0.0136599359159678,-0.0157794490627379,-0.0050416760217908,0.0,-0.0007506903738358009,-0.0264845995140095,0.0186579880607188,0.013039826291005401,0.0366926308436819,-0.014458860482177,-0.011439731511676201,-0.018677086442852802,-0.009699968226346199,-0.012040628961057998,0.0016684486456695997,0.00022427586530880022,-0.0009533392200993,-0.004350227766925199
-0.0019385887878068,0.0007751394611098001,7.904228884160003e-05,-0.0126294983650926,-0.002271367466770701,-0.0049843343845286,-0.008904316290116001,-0.0173554675208668,-0.005322379248948,0.0014494241733755,-0.0004963593887404999,0.0024679662569804996,-0.0047471880440661,5.0610694013900146e-05,-0.003705082614131899,-0.0033805624973389,-0.0019210519444941999,-0.003889263775841501,0.0,0.0266234678077368,0.0060262449117435,0.012622025342101299,0.0282284804482272,0.038713122091225204,0.0055319552290746,-0.0106702894772338,0.0027039043302564004,0.0016328538372724997,-0.0013770207459659995,-0.0003122104145313002,-0.0032326336532058006,0.010809527907211298
-0.0014589246763198,0.0021257109960758002,-0.0009935310383045,-0.0106542287565647,0.0036927448762401997,-0.0007137495579149994,0.007928730183675098,-0.015451627369834402,0.0038403950097264,-0.0032731350347230004,-0.0045864755415975,0.0010132020860203006,-0.0008065723006559001,-0.00024280021148819994,-0.0064555107920928004,0.007752783479668901,-0.0018552534294306996,-0.0025462388169558998,0.0009941418920821005,0.0,-0.0075190409930725,-0.0069061109143762,-0.005925706017961699,3.932655517020073e-05,0.0019684128143589996,-0.0098580111610822,-0.0051466063987716006,-0.006404744895611601,0.0004097115645264001,-0.0018895878559122004,-0.0047513185026711,-0.007452357321927399
0.0001456429343658001,0.0009442629777112999,0.00022812912642490015,-0.0016590409882162992,0.0156588887915928,0.0015054663886769999,0.0135731468575511,-0.0005469087370761003,-0.0007978904456980018,-0.0008924376551723004,-0.0013067248013421007,0.0006471065392354,0.0033735953885468996,0.0004641604279053001,0.0007157355836891,0.012788478055647003,-0.0015776404162054,0.0011019772749168997,-0.0014597289763685004,-0.006083766031469999,0.0,0.010423084315074,0.0076682470546748024,0.0104461644865833,0.0133299756633458,-0.001852178552117098,-0.00012302862790410096,0.0018546552259215004,0.00010492436999410019,0.0005438676907809012,0.002665108600275399,-0.010448681534344499
-0.00042291597098339986,0.0017948632558530998,0.00222628058243,0.0025583397273837996,-0.014245890271727697,0.010185872707632899,-0.0183384310572562,0.007730525983735,-0.0032951756029925006,-0.00017580962391320048,0.0022367349528742003,-0.0052878266395657994,0.00035983409564290013,-0.0004473148712566999,0.0033569738306963,-0.008095285385590203,0.0008783163249142002,-0.0029249736912118993,-0.0013340999119394,0.0065895530376021,0.006427857549894601,0.0,0.007147877576754301,0.005338222274588099,-0.023678939998418004,0.015975846234441697,0.021325426288945896,-0.015514667397876299,0.0009449159539897999,0.0019623980259267,-0.0003291659627098001,-0.0056786453116412
-0.0022874600193085004,0.0012596431207046,0.0016536094165788,0.00019157791624709996,-0.008491027546745602,0.0026200954049820004,-0.0074798985176774,0.0021006910435285003,-0.0104601549530609,1.3903469315899517e-05,0.0035399168616677,-0.0059424544611904,0.0009600445402432999,-0.00024271909498509994,0.0020948205223086996,-0.0061172709645665,-7.491651927139971e-05,0.0017939243627122002,0.0045227244636046006,0.014090351276822101,0.005355718171692701,0.0005440864638503982,0.0,0.0032105230297471005,-0.0053902349483878,0.012803844493703798,0.0069988098838436,-0.0116845307450749,0.0008360997995061,0.004180054375938101,0.0017009615813699999,-0.0005109214302329995
-0.0009338726733262,0.0029515076825697003,-0.0018186230037394,-0.0033817023002516,0.005054880827815803,-0.0009806113354421005,0.010199735268443904,-0.0103966975725335,0.0030172809471113986,0.0038219073397819997,-0.0052936106516551,-0.0005113819239027997,-0.00019956279065440037,-0.00028445965929790006,-0.0048603116902079,0.007477797599612399,-0.0029971880886448003,-0.0002702712383939,0.0007014027577459999,-0.012655879328349495,-0.0095289822269066,-0.0073072622892830005,-0.004496968274408901,0.0,0.00022465658995599914,-0.010640168004197799,-0.0110971287403152,-0.0063276419872151,0.00013363759939650013,-0.0011433102791683011,-0.0049953134549936985,-0.009435714908355701
0.0020023222879029003,0.0087628031071427,0.00019392289192929997,0.0125349853599524,-0.0023235916270625996,-0.0004119088189871011,0.0238102468922999,0.0096563988090642,-0.006468266353965406,0.0198599781947776,-0.00040577898633730033,-0.003280556435856001,-0.0006647199483677002,0.0005665821413629001,0.020677155629050196,0.018786155123872196,0.0022105989520367006,-0.0005636716897605004,-0.0018447772588769,0.028658564104057406,0.0017326977003707007,0.005917830960787997,0.0117953771835944,0.0232270181183396,0.0,-0.004026959069952901,-0.0022805487432526993,-0.004685780000106698,0.0012354762576967998,-0.0014721754129021001,-0.0038757542138489,0.009343567251612
0.00014133730612109988,0.0027088177748106,0.0004414374432013999,-0.015546929640057501,0.0070631089027425,0.0034173497647695004,-0.006728920004515498,-0.021274166202464802,-0.004388600329023901,-0.003280213814870799,-0.0010297333515332002,-0.0030201666762739,-0.0009669150759774995,0.0008296622852735,-0.007810163573476201,-0.0014509825289456997,-0.0007013908963003001,0.0002440282830262,0.0007962802138081998,0.007617889589151806,0.0033245334616342007,0.006519990699745201,0.016455421035706,0.008174859263123002,-1.4124499687399872e-05,0.0,-0.002135484514596799,-0.0020536205686527993,0.0033250614920711007,-0.0010345220626615005,-0.0032859388049937995,0.0050963229212017
0.00026206440105269995,0.0016343107323036,0.00041570399864260005,-0.009886344279492601,0.005932942510137901,0.005514095796921,-0.010430005450741098,-0.011728890588932598,-0.006650100154991201,0.0045752224782969,-0.00023836020908420043,-0.0019344723862657,0.0010568295900191,0.0014872769405813,-0.0009515850964111009,-0.0026977028541694988,-0.0005993317648408003,-0.0005416941536924994,0.0015888292816685,0.001861560780371101,-0.0057551738656124,-0.005853658174873402,-0.0025652933125236994,-0.0022112951632234003,-0.00019410557741609928,0.03258107051071899,0.0,0.0012723498071477999,0.004119565996331899,-0.0010171104440464002,-0.0060708393089326,0.0016573328343763996
0.006565326071148401,0.0014762266688620003,-0.0021380627751956998,-0.012546273780701802,0.011493815357408402,0.002327834181905901,0.005802191928334701,0.0024644121650179984,0.0195308214320698,-0.014247457453362398,-0.0086853151490965,-0.011063077636544402,-0.0006093863082724006,0.0024169066553313997,-0.014603823513427497,0.004170612150640099,0.0027218761164369996,-0.0010470764674607998,0.0008019529400880004,-0.0046714776207280005,-0.0114849599573929,-0.0036884608928153,-0.0096530876009049,-0.0008208943025374994,-0.0057877708384356,-0.008513025459478001,-0.008908756110186199,0.0,-0.005303594637177701,-0.0022210387667254,-0.004275816411374299,0.0176605906312452
-0.0017253248348506004,0.00020884442719790001,-0.002910812314634,0.006431757460718999,0.01109555253481,0.013366913024892601,0.0183247323802999,0.0178474561307893,0.010207798295756,-0.0167060722755336,0.0060544590676276005,0.010375250286716,0.005773993037486901,-0.00021113119729550007,-0.0007545819368353999,0.003667166480025399,-0.0019941766305421,8.52888880899e-05,0.005777064032738999,0.0197432597489745,-0.00044266860967930033,-0.012822344882104198,-0.0031522225249045015,0.014882439246477301,-0.0019199446371202002,0.008783932750432301,0.008180531537943101,0.0012407754041012,0.0,0.0009917921390458998,0.012664284567678099,0.007960876024793699
0.0004613547823652999,-0.00158925875617,0.0001221564207638001,0.0071842875607764,-0.017708563448951498,-0.00031784899058829967,-0.006924175493511,0.0029340981783838004,0.006455991459434301,0.003372351450397301,-0.0028305601437024,0.0090272539003586,-0.0017308872681247,-0.0016199618683975002,-0.0063529531011770005,-0.0035520400180857,0.00028339311875999994,-0.0030185730301333005,0.0020944431351881997,0.035694136582079504,-0.009893685213266902,-0.0029055173988942994,-0.010531340279599795,0.027575850397098995,-0.00032296488792279976,-0.0009443170856256976,0.0042694722564783,0.0044694384343984,0.0009470239931584001,0.0,-0.0012255255283463995,0.0004078299457658998
0.0016224433747945002,0.0003254790713737004,0.00013540253456149995,-0.008521471170314598,0.0089590876281864,0.00035147769067959966,0.0028398000066580994,-0.007668220068571,3.945396402869981e-05,-0.0136681346170088,0.0024294021491837008,0.0057192368118151,-0.0027070179039711,0.00021000511261769998,-0.0189897195866335,0.0013682977056075998,0.0016906931755461,-0.0014252531680463,0.0010112246957115992,-0.007621743011566002,-0.004200114718472897,-0.00017542665885649997,-0.005741965781854798,-0.009812821683868902,-0.0070262920520111,0.009815623175473805,0.0021119071073593,0.0018720894648301002,0.0033587789844135,-0.0027747952003914006,0.0,-0.0069043449420687995
0.0026029311907683986,0.0018919564989615008,-0.0009178020507738995,-0.0030819007712351992,-0.0175642323522847,0.0012251388775689001,0.0027098550307938993,0.0007489129444147001,-0.0006232103738824969,0.0092500323449682,0.0025117235992541,0.0075682042001526985,-0.00032313227274200027,0.0009029167163220999,0.0058540485858543006,0.006352754414327397,-0.0015698125769357998,-0.007479265758489001,-0.00020035615370540003,0.0127856088309646,0.013152024520154999,0.007376068052280901,0.0138640118967596,0.0027491127042135015,0.001563873363336802,0.0080770515101669,0.0018225104554159006,0.0011447556495986014,9.124036553670011e-05,0.0010923715729115,0.0015495906065848002,0.0
