0,0.0635249250925498,0.000756683085314941,0.00315840293903687,0.092750104954796,0.0158311728565128,0.0443688654901213,0.0505861325263081,0.0645573785400781,0.000967770283025668,0.00540678678945325,0.00455811349541905,0.0053487984285079,0.000127995429148641,0.0107100862615351,0.0577147823265765,0.0831634722362004,0.000720645796418841,0.000127682324015533,0.00106944039780857,0.000375787392641845,0.00409891010313474,0.0150374819419681,0.00143877443928648,0.0315485154991751,0.00033517697261813,0.000328324574589638,0.00298664721797553,0.000293696903078781,0.000371999456730267,0.000939206553392726,0.00131595013148222
0.0362750837519001,0,0.030627525155384,0.00985072682861311,0.0249999082828177,0.0138485122542323,0.0239236624616818,0.0424675218100758,0.0458197847068033,0.0165787511426542,0.00106647559283539,0.0439187378722437,0.00584077347269399,0.00274732912102474,0.00957724631335745,0.0108119639059824,0.0577985456965952,0.060197650386594,0.000300778828415989,0.00939074058109061,0.0176785639692138,0.0267695186692335,0.00432048245392022,0.00474677845897191,0.0668451612370475,0.0025048564774882,0.0119893336723108,0.0104350311720615,0.0109263598087636,1.37273594448946e-05,0.00249501304202095,0.00780937931123257
0.0184144185852125,0.00563683856261223,0,0.0208779805997088,0.0423621937661504,0.0590109385450222,0.00978192707629645,0.0502495784088234,0.014412798315821,0.00545749574222588,0.00973876759164862,0.0500811767261007,0.0124558076200717,0.000405156103493455,0.0147152329823546,0.0120646960899504,0.0291847731539682,0.0101829379451316,0.00300206512525599,0.00208120355640922,0.00169656482109634,0.00120591892920574,0.00138661219562844,0.00113485412358761,0.00563189708620562,0.00109394899363396,0.000148859240982903,0.041272921030895,0.0175127037355765,0.000937315013913378,0.0023372924640836,0.0108131990395299
0.0186601152890899,0.0240355082080131,0.00142707712978844,0,0.0811752169174223,0.00524331788285499,0.074491542988103,0.0033697420470247,0.000779769785341124,0.145872214853609,0.0200874505255427,0.0225675442886875,0.0333918682285007,0.00099299723431727,0.00668207978179208,0.0288805927747358,0.0320228044702705,0.00349846122627612,0.00108642169182782,0.00154624925682263,0.00796245388831116,0.00192471037371574,0.0103132702203918,0.00261428917070843,0.0032484462477965,0.00324571237918968,0.000334359402092446,0.0133989884651646,0.00173711823204977,0.00214525313433112,0.000517775669823592,0.008869543113211
0.000280140605515223,0.0133585365941424,0.0119153226918377,0.03235375720553,0,9.4074910826358e-05,0.0397605319379123,0.0739273955583128,0.0447433179482222,0.093125823966242,0.0323421877815082,0.00573627711761722,0.0224144449155035,0.00270333325586659,0.00243605560889873,0.0843382600296557,0.000294154519731431,0.00204497868673725,0.000874231348931316,0.0134829811377239,0.0226604973348294,0.0113467973153486,0.00098214595871435,0.0119020297067137,0.0146097810446614,0.00117301091380441,0.00555239816430016,0.0161398150360472,0.00259188088207658,0.000242194776581925,0.00754409367990375,0.000230770449104597
0.0194769686246663,0.00919698559245679,0.00719801790340661,0.0780101252525134,0.0487221351444442,0,0.00552418065266053,0.0928870390368662,0.0217085269001115,0.0925324299731397,0.00259131411609034,0.0299783219483972,0.00887246214158897,0.0085548616229481,0.00859460458405189,0.0273529183864522,0.0125481457711589,0.00488056719356091,0.000484698741129619,0.0193905853764576,0.0140340464905029,0.0148653822708973,0.00969245132275185,0.00928852468788753,0.0037913233671973,0.00612198632908372,0.000336684923132588,0.0356385710425267,0.00886866689867153,0.000166260004416338,1.6368634750472e-05,0.0019556923027913
0.0173916419163493,0.0019865997475889,0.0142730508579207,0.000753965580480812,0.192074863852528,0.00631316728622718,0,0.0552319239843654,0.0709600049246693,0.0759232612371206,0.0531476194917354,0.0236344843099835,0.0466338696033642,0.00695921432593693,0.00740456976510705,0.0968144625498614,0.0216078017279371,0.0174445864568417,0.00150362925612367,0.00831401381452342,0.0127372074524378,0.0110945129286241,0.0153948809776709,0.000442635788983204,0.01635215819734,0.00152716144813531,0.00770265286171389,0.0513825563285064,0.000401921771634828,0.000408725974229572,0.000210799712467128,0.0102515719704346
0.0190558571319694,0.0632147492064763,0.00129241284965691,0.0231544545638544,0.0462281263075937,0.0150697411236806,0.0166053184902076,0,0.00429665459412033,0.0107617914386109,0.0172090328194471,0.0298353039482896,0.0137835458886065,0.00229854374972388,0.000796500161496001,0.020540244343544,0.0499436745687757,0.00343612322424962,0.00035416928342085,0.00215358153561877,0.000416759323942027,0.00241729779006084,0.0117586316600138,0.00108374897005664,0.00776005188140243,0.00218205298164689,0.00691368053318379,0.0141136300863119,0.0240735312344867,0.00138629775357358,0.00730762023521186,0.0108500108417975
0.0324923940828974,0.00495771860997988,0.00273733165789156,0.0142986263315174,0.00430234497015271,0.00698109084632944,0.00261456596279499,0.0161750300575803,0,0.014626455548407,0.00736279331188035,0.0117505156072876,0.00352383755473062,4.7198614498853e-05,0.0107965530797871,0.00764589096251424,0.0246758733552141,0.047070244593536,0.00408705092821163,0.000801445605523707,0.0244282359198355,0.0538803723079485,0.00609248263060935,0.000900437808462613,0.056278617464174,0.00243206860609535,0.00309184186283978,0.0264347177190862,0.00386471372685894,0.000659796907437503,0.00164320037942533,0.0654206474330899
0.00271067998716109,1.32506579389118e-05,0.000702560766658292,0.0105027525996073,0.00780566039717469,0.0391576099416283,0.0293392251527109,0.00462658750811133,0.00980724931913664,0,0.054473436901263,0.0115211978418685,0.0258587049565806,0.00116476673771482,0.00533857113481185,0.00647185508583568,0.00344002058920936,0.00173338827179316,0.00246141798613302,0.00183087661443131,0.000704094498725619,0.000372543131887317,0.00183964761268503,6.67766765442661e-05,0.00438475418977824,0.00176571802620003,0.00238107577168833,0.00653132117019993,0.0059645822248959,0.00105181147715299,0.00306898961080691,0.00164938179675405
0.0052681068743601,4.782184483285e-05,0.00161547569991093,0.0462209359754736,0.0171115188877875,0.00277547030343156,0.0218515093395213,0.0408504686982071,0.00388582613836683,0.0968013476156739,0,0.0134973680700684,0.0154050402352437,0.00848354005937989,0.00422138670625857,0.00537014449227505,0.011099131421781,0.00333685174693163,0.00117902412350875,0.00207395663816634,0.00141170391307468,0.000616885050749282,0.000338760048298696,0.000365898514458048,0.00849360884093576,0.00231993721894379,0.00245212019131206,0.0177271045753667,0.0195711417869432,0.000418032526642732,0.00790872729094409,0.0028887963482409
0.00114578830137318,0.00807276573460075,0.00283581012043659,0.00492328945423848,0.0565467869973072,0.0264751755932382,0.0374785522695947,0.00540720294036945,0.00842898748396773,0.00786427928025518,0.015678898637734,0,0.0361637416375824,0.00689122027505875,0.00311414937276498,0.0185796978243699,0.00217441082567616,0.00250166321291902,0.00244290099541262,0.00742649117766423,0.0155154291778576,0.000890619591651966,0.00321614588757668,0.018884278103201,0.00219155374091994,0.0100202143684853,0.000511720250755215,0.0211143694551925,0.00918649466095132,0.000817307735184037,0.00764937149148126,0.00474544227611853
0.0040204227361077,0.000670508024133026,0.000496189327113549,0.00704855067639076,0.00303040909650821,0.0180197484810962,0.00214791306500609,0.0163154423003558,0.000805715637886507,0.000210712847498091,0.0513401998244186,0.0557630321065518,0,0.00243022416655762,0.0347175202409831,0.000592196920582794,0.0158765205410218,0.00352230531297313,4.38759872870911e-05,0.000405836437142524,0.00373926244524174,0.00228909414551314,0.00312053459291842,8.87590930246195e-05,0.00885887374122091,0.00350365301608883,0.000122271724603573,0.056917566926259,0.00513293871043709,0.000148656058753766,0.00375048453211515,0.00276898020615944
0.00568817895009496,0.00120179164167642,0.000268939793369415,0.0640746975048971,0.0111481893421475,0.000258493549340726,0.0169178676160388,0.0148769084760539,0.00166336283208596,0.0316840743411658,0.0226312048834952,0.0237113528984077,0.00902577282595998,0,0.00427960193946704,0.0049261803052141,0.0137829169481812,0.0043281648548462,0.00024339581833418,0.00171958973190719,0.00249015956058138,0.00261316743044844,0.00223037394902524,0.000957518829053301,0.00574051087285202,0.00115783210110105,0.000610741999353714,0.0230303780390288,0.0105444473427637,0.000221235379353254,0.00192840267455919,0.000491803365721499
0.00172757020164067,0.01053001263862,0.000544367013095777,0.0806220132142306,0.0341053643784773,0.104695271783926,0.0139023616304368,0.00666800660602371,0.0188152282971,0.00192244697006142,0.0760200065721847,0.0300104861453567,0.0446621850236265,0.00127190927927615,0,0.00245350507902741,0.0216759541817828,0.00156842418359017,0.000536249023297423,7.91342527644407e-06,0.00560485540507895,0.00156012550207496,0.00293580345678305,0.00012345762387833,0.00154146587166304,0.0119176588634524,0.000123070315642276,0.0256123684847303,0.00209250024062103,0.000161113337263887,0.00507233101486312,0.000635829620158771
0.0444839048083527,0.00518738059237935,0.00319389989533369,0.0351817297883922,0.00183427987671151,0.0164938464349957,0.00566575001073242,0.000153066489565697,0.0145547611225796,0.00166709190944971,0.0131510185234964,0.00471424473663258,0.0109216446765464,0.00671759444661254,0.0102593438419563,0,0.0409266422851195,0.0356709663928461,0.00460052735710032,0.000487291578980339,0.000141862887246408,0.00137718190297675,0.0428706779588308,0.0137158112059857,0.0337944916904517,0.00117923585561762,0.00650121227581305,0.0139348399645051,0.00402786301996539,0.000496307785710099,0.0110900236788299,0.0122094456673724
0.00452710260189727,0.038775316959182,0.00603181421914097,0.0122580494723133,0.0375440613434441,0.0055489812556812,0.00912257730021973,0.0627825801089727,0.0105179368955079,0.00255818557310382,0.00236044391690958,0.0281032086426725,0.0057370035819581,4.29819821871537e-05,0.0322665030947151,0.0297385620981293,0,0.019769036286294,0.00399557534040523,0.00544293878339623,0.0011078596376484,0.0144515862319332,0.000182608462037138,0.000973722263203354,0.0110765707993389,0.00312451288477024,0.00260236883584011,0.0174238809380852,0.000979403191371449,0.00046386967094217,0.00103890942015023,0.0106778877106425
0.0141068020806687,0.011644415353569,0.000270734271827564,0.0178360918541453,0.0278618116016843,0.000287240156559341,0.0520722038892691,0.0131682912079338,0.0103306357289406,0.00196168601182157,0.00874029457801826,0.00703976623375382,0.0159457310200016,5.88206509029018e-05,0.0241010425423116,0.022746093867546,0.0394903741903911,0,0.0197977920958186,0.000894743773318167,0.00505934560580016,0.00813030702149542,0.0134937395928711,0.00280952963924859,0.0321524134252344,0.00913491231803273,0.00612017445483164,0.00352913189017248,0.00132673959901181,0.000258517212233391,0.000932723088076319,0.0145668229461288
0.000307961164854757,0.0146948746323869,0.00900825903967022,0.000161970038371893,0.0114495946121486,0.0021238340745076,0.0066910250973062,0.000202876996284201,0.0025039903170748,0.0133305556286079,0.00856517455530726,0.00487201269155617,0.000993207807862389,0.000234666802551244,0.00294543067987717,0.00781424985354858,0.00608863913871118,0.023409247243129,0,0.00808580353312899,0.00176995097387459,0.00108931555174726,0.013375336769759,0.0108021663518942,0.0164299097615082,0.00674145425099704,0.00841914376586852,0.00109281113073242,0.00139533441171031,3.83174121792115e-05,0.0114969925383686,0.00654226585000257
0.0011608105719642,0.00167142582719821,0.00267170675143332,0.0101783004021673,0.00792284734911615,0.00439868543239873,0.00319396511556034,0.0120260486950821,0.00125372629858008,0.00109851248240784,0.0113587338593762,0.00473261157993086,0.00121791434012656,0.00369071295330474,0.00169200967374468,0.00338190735318528,0.00581671709906959,0.0010693704217566,0.00365983246617652,0,0.0319241000773027,0.0070271544682588,0.0413973720751395,0.0246484251753084,0.00960592597482239,0.000283979555921073,0.00105540295463046,0.00121635590124263,0.000354547927559838,0.00191394665030781,0.00925475708904933,0.00422711109142634
0.000818843889059156,0.00173945493602311,0.000791102227013294,0.000207429001588395,0.000264274204050453,0.00442860383345227,0.000568968538592378,0.00044885065773056,0.0366664638701527,0.0025728255968779,0.00310556375411409,0.00924848891309356,0.00213171448230099,0.000233602942927712,0.00469429976845,0.00123900154386806,0.00160665486255881,0.00147814533763074,0.00110092737568924,0.00846812038370129,0,0.024822604088765,0.103197112456583,0.130071342630556,0.00168478467102983,0.0811684727592503,0.0151053801617619,0.00164397587595021,0.00322838495816368,0.00614877338923452,0.00570854629651504,0.00347140387464513
0.00167833903709585,0.00110260453520072,0.000635124596701439,0.00179854590840593,0.0167135955532749,0.00107349367671108,0.00290744302724092,0.00305055216509253,0.0300542273078205,0.00159823758666285,0.00861775632953935,0.00382174472765478,0.00400976589822243,0.00367751198171091,0.0111727481141711,0.0106311770356623,0.0170832386072952,0.0201876576021498,0.00497280049430706,0.0288115245091273,0.0159046473720202,0,0.0221142228053421,0.0351409043638558,0.205174030195053,0.00889059714298846,0.0296462631430198,0.0230212555003146,0.00222240216633399,0.000609239330733415,0.000316902958263451,0.0320768669509864
0.00513639622435933,0.0158698709594925,0.00197699408266223,0.00214664071295336,0.0475364520731563,0.0502617807409265,0.00476073686502337,0.00396861894049361,0.0248343097367899,0.00467308337608842,0.0256437002215985,0.0277482192078121,0.0101813008154696,0.00488565618386016,0.00250594548327798,0.0177007134222808,0.0291137695115705,0.00157574313584737,0.00617319844980569,0.0344965175096062,0.0367582984738213,0.0228593707995034,0,0.0275097652661721,0.193111045910703,0.000851377602746723,0.00165568394013516,0.00861549911558075,0.00818151671289787,0.000721726543391457,0.0060899489464204,0.0593943135451575
0.00283092632483733,0.00235854440508732,0.00312885314010612,0.00852927697927501,0.0123908493165192,0.0298388377984332,0.000641443434223924,0.000750986677454311,0.0171883145484063,0.00441743990824769,0.0191152178192235,0.012808426972672,0.00673819778190363,0.00464703345838191,0.00205150721899988,0.000432601389378352,0.00593972160230025,0.000236398791521737,0.00287198258099755,0.105443987869642,0.00979697948774286,0.00833679635735318,0.0502669670123336,0,0.000763901810693418,0.0703425759405483,0.0126273482192635,0.00705815660753971,0.00104144613232769,0.00219432668606259,0.000787812284224389,0.00114201777858123
0.0180918670821006,0.0140505732830937,0.00134325475068968,0.0126653052726447,0.027411558593088,0.0126916673232364,0.0242516948894503,0.0140678776389515,0.0156353608422418,0.0041656408329601,0.00816790645186573,0.0301986074146507,0.00569598855904817,0.000404364220504864,0.00996324722217706,0.00772614259929624,0.0415649302358657,0.0642512464186044,0.0137594468117936,0.0136697950890196,0.00894490002684982,0.11991783912749,0.00624182510847365,0.00901655660340341,0,0.00365269032019737,0.00302677466307629,0.0376647130327905,0.00841605734575425,0.00149419186134962,0.00666776155653015,0.101084532298335
0.000527269835180031,0.00974529474718886,0.00338512572579503,0.00486699596156259,0.0246514133920746,0.0423305517719558,0.00472055639559384,0.0149691719758234,0.0182937541633624,0.00536029320872867,0.010539158300603,0.0416886578956776,0.00368273114973796,0.00342667494936588,0.0146863936433112,0.0089153871059887,0.00638583283689589,0.0164635997739271,0.00231559180820355,0.121147906093211,0.0210444570133335,0.0141972786549984,0.0184481481897861,0.114279713718029,0.0125116711294206,0,0.0202433161878687,0.0642577908269705,0.0232043832010428,0.00135270217451172,0.00867448921829905,0.012392212847056
0.00164797244321301,0.00267389431975865,0.00292044368179241,0.00110889514209755,0.00166115041562016,0.00638577045017876,0.00136330767265396,0.0116411418351718,0.0122917757253324,0.0107820102071731,0.00968475439962459,0.0274234401663742,0.0100166476648974,0.0018451525151084,0.00216227005470961,0.00402813388933737,0.0113316341497683,0.0184260609578816,0.00173674626616497,0.0306612394462563,0.0116462996505903,0.0279145568498576,0.00460680736970968,0.0358172179198479,0.0181837966609832,0.261509909839173,0,0.0467411369402875,0.017957284499241,0.000542282850704816,0.0078434376152157,0.0048187773263145
0.000321080340164757,0.0102255592813846,0.00166966407795643,0.00178997027663089,0.0283081649519182,0.0122026250481306,0.0217684915896221,0.00677936615750582,0.00871141616103479,0.00685448139986681,0.00857261358426985,0.026929309808884,0.0188329784772436,0.0021025964295728,0.00713220361007703,0.0111687537792325,0.000767440969707507,0.00501936533306681,0.00198935519515028,0.00431941876746829,0.0103061206532006,0.00819335799182189,0.00803068926894117,0.00806702914996515,0.000476192152895936,0.0263011002134932,0.00466257634374857,0,0.0180626286913311,0.00244823678686658,0.00877964493819919,0.00114859431017641
0.00048546688743473,0.00218841772269039,0.00126787440933394,0.00832258578064696,0.000424643491018077,0.00315736164656684,8.0276224261796e-05,0.000461903265025379,0.000392048157918641,0.00174927393552357,0.0227225923990428,0.00368099573889357,0.024402710685182,0.00191243879660015,0.00823397053391424,0.000849136454697175,0.000752592352681182,0.00204988044930332,0.0006878344726196,0.0735176933370762,0.0280544652543379,0.0086561895890651,0.000986735214453233,0.0567788906604644,0.00443245604802332,0.00842410927781468,0.0245483226137214,0.018484651187462,0,0.0012269529056382,0.0509017309404592,0.000669755865755447
0.000557058556307594,0.00418857670641364,0.00189117400794789,0.00148624094289778,0.00304535068330824,0.013663621997754,0.0129706084794607,0.000860294652166809,0.00275184758880723,0.047288976853654,0.00748053649694595,0.0196308621818947,3.23800053507355e-06,0.00364098358188884,0.00370585942569337,0.00619302500263307,0.000504481260762272,0.00213619369296997,0.00417867437595152,0.0737190317528136,0.0129761400353647,0.00360337875948638,0.00933765637148533,0.0185448527644371,0.00732438207604675,0.0189787230225221,0.00761797024352695,0.0164788542997111,0.00563105478831222,0,0.0186112235157035,0.000660403866311283
0.00283008522898177,0.000855809186024564,0.00010497489232007,0.00140652799863363,0.0175037857135833,0.00387710464010045,0.0179968381434417,0.00320164972315318,0.00527597928765891,0.00413530826754709,0.00335861514185326,0.00737035073389776,0.000984223542160298,0.000605126869582783,0.000587696218730099,0.00588045636607308,0.00760441354506259,0.0101479086735196,0.00384828524223884,0.0105016478252899,0.0227689598098155,0.00353348451009365,0.00975121067995731,0.026394196792164,0.0110611113077836,0.00256082289637693,0.00659320079889314,0.000480194878888143,0.000377840727089275,0.00168002555805046,0,0.00173520209189847
0.0167033403363002,0.000142205525661522,0.00899882789499416,0.00612047206282043,0.0434030832742447,0.00624445149457221,0.0207642285292373,0.0108443452607891,0.00285249587069493,0.00423765652488293,0.00438139058990211,0.0376993400875574,0.0119080969054209,0.00121322441160624,0.0199823702918641,0.0339247993515094,0.0298606153766137,0.0503695918889789,0.0123606531709268,0.0248176860052723,0.00911318829340972,0.110171885957395,0.0112288512576871,0.0317880857883138,0.0443943902258293,0.00228172987079231,0.00254321808028072,0.0433002297977206,0.00962038838946055,0.000738401689372411,0.00237711508891376,0
