0,0.0466748193689393,0.124646805862077,0.113974975488986,0.0634009420752058,0.196005470976484,0.00386133385127839,0.142939551898689,0.10946925708606,0.00902600517798717,7.54686340226436e-05,0.0464595445267859,0.101752965980057,0.145811247143527,0.078546867606926,0.173744465997985,0.0103554390481912,0.263378000347349,0.0439188427093613,0.196795964843962,0.00627612499100633,0.0227758507053499,0.148666712912184,0.0830202274852013,0.480405960087274,0.15837767362071,0.156242668549799,0.0773814630130856,0.0313223159031786,0.0103294457354113,0.00452923135879671,0.158069900169402
0.0466748193689393,0,0.245878214273488,0.127100950419064,0.0432511629009999,0.0465866494347765,0.035983541574302,0.236386140298389,0.0431513709730239,0.00786487460731174,0.0230955815299898,0.103540331454433,0.0414894205892562,0.266257436370799,0.0550439688101865,0.0416289355553574,0.385161888388596,0.136421984223062,0.104367379829373,0.043857940907099,0.151521569432422,0.141854909509885,0.206450465918069,0.0198074621003197,0.149938587017087,0.132892040080765,0.0845447360060038,0.14554833961158,0.115015408870087,0.355611196235291,0.232392275683299,0.0561007378583323
0.124646805862077,0.245878214273488,0,0.253135918183729,0.250644292161993,0.310141601221203,0.434978071349073,0.0706199297870344,0.240681232207473,0.20219470050287,0.337829830188513,0.0902907379304726,0.267063841254899,0.00739230697716388,0.119169919119839,0.205122870567612,0.0751309211207555,0.0244445741626374,0.00486654879310078,0.105069768157443,0.381907111427725,0.0882364033709025,0.231022004384148,0.0119134192414054,0.00656748689368259,0.105832981845577,0.132776653772,0.150493700376964,0.172282374174069,0.0485511609211934,0.151278590464605,0.0581443712760359
0.113974975488986,0.127100950419064,0.253135918183729,0,0.255583386593413,0.068152726961409,0.360231969674726,0.763534558763515,0.22137785368434,0.27237478635005,0.222488173676211,0.0237066533600412,0.24932800267525,0.146401626135723,0.121375253355161,0.390227062609371,0.0664567205299528,0.172608650869761,0.0639253109239186,0.555857704241325,0.0872603179367757,0.221357015600318,0.518849308361097,0.22840901667738,0.175122549505136,0.249157472964412,0.205453585794596,0.017846718148095,0.177653897448709,0.0020715307720749,0.126933911970554,0.209927442939548
0.0634009420752058,0.0432511629009999,0.250644292161993,0.255583386593413,0,0.585003884928206,0.660914715098338,0.056498909257788,0.146611991168825,0.400325320089872,0.42363252206163,0.0134921849961069,0.341856144446135,0.0791159685659626,0.289406417690518,0.224729098860614,0.0974486553784774,0.14505852340176,0.0366706034058167,0.0760828483698458,0.0939011960424158,0.19494935786109,0.222051401269189,0.012110243240831,0.0856762113718826,0.210052892118711,0.101856266106441,0.0517409725374934,0.376477922228963,0.182678307711755,0.355794238516,0.0900907321799005
0.196005470976484,0.0465866494347765,0.310141601221203,0.068152726961409,0.585003884928206,0,0.564151253278948,0.094855066984168,0.172472942807037,0.455052512580477,0.523465424373731,0.0839541351252899,0.466411498019396,0.257732691957999,0.450782010252898,0.0237023885923376,0.0269562095202807,0.217476449500633,0.110170725664941,0.237982475071931,0.129617401287568,0.17222975082193,0.0953867471746764,0.069064137633888,7.08759663543739e-05,0.370160788623185,0.251409344718637,0.0636354490011614,0.162562075162855,0.0797986437264982,0.0894703104853248,0.0138589266794931
0.00386133385127839,0.035983541574302,0.434978071349073,0.360231969674726,0.660914715098338,0.564151253278948,0,0.110222798529835,0.616010444189378,0.375965551033726,0.474634205539278,0.0556117842182174,0.328703854168682,0.0879063158987935,0.240208195146646,0.504954770261581,0.145107743948267,0.147479431581583,0.0781882256012893,0.233961269723172,0.151226562779294,0.173499178098219,0.348814377239571,0.00568084507463979,0.10661826099961,0.467274091671552,0.299286796133639,0.111933752036978,0.285660222245061,0.0936107299210441,0.318761756825497,0.187615066380228
0.142939551898689,0.236386140298389,0.0706199297870344,0.763534558763515,0.056498909257788,0.094855066984168,0.110222798529835,0,0.0939191351877596,0.0400340582634559,0.0156349409750571,0.0232963270320052,0.128545427561338,0.412682299013109,0.100204173628485,0.170430606880247,0.0225920347476579,0.128545742943046,0.0360551130122969,0.563052324546073,0.0148192013746559,0.0981360835171916,0.277903759169501,0.329393827315989,0.096997223681127,0.257954101226629,0.306733379821987,0.0108196519768216,0.041024200191044,0.00892899261092588,0.040964958566549,0.13323275250585
0.10946925708606,0.0431513709730239,0.240681232207473,0.22137785368434,0.146611991168825,0.172472942807037,0.616010444189378,0.0939191351877596,0,0.20805010401811,0.286631807588701,0.0655571880275407,0.162542977458245,0.0966885658750993,0.0906207538070723,0.608042200672169,0.0383511484820833,0.155244820981632,0.0666462974336673,0.232769250466575,0.238774547238566,0.0868478547461797,0.313836003115408,0.0228183859778635,0.510949606891784,0.418370315583833,0.318433029375463,0.0678663450998471,0.0392126054563738,0.0749330501358559,0.066838693435813,0.378903409860562
0.00902600517798717,0.00786487460731174,0.20219470050287,0.27237478635005,0.400325320089872,0.455052512580477,0.375965551033726,0.0400340582634559,0.20805010401811,0,0.946222093814138,0.260713978610678,0.599192519495843,0.172284579037768,0.519816427346467,0.119517424549831,0.035403125820514,0.0274327290677293,0.0418114186235933,0.231056109564835,0.314592981725385,0.0935687687609729,0.209093585379517,0.103401854048078,0.0607159471496359,0.114678501436522,0.00170491872341146,0.249829548592864,0.313511176867616,0.0284081300490185,0.154046352125923,0.0263396384478475
7.54686340226436e-05,0.0230955815299898,0.337829830188513,0.222488173676211,0.42363252206163,0.523465424373731,0.474634205539278,0.0156349409750571,0.286631807588701,0.946222093814138,0,0.242534284722451,0.679777120393792,0.229507682890498,0.543384517556516,0.17977566048413,0.0424144405462275,0.0175603889990789,0.0224893608226531,0.20391906569366,0.380578760983938,0.0502884842256193,0.193069700670529,0.0697514443974988,0.0385321309818209,0.122891763182942,0.0129686509326173,0.265661095651113,0.313398951264872,0.0181038100659567,0.152928982607712,0.05210074573975
0.0464595445267859,0.103540331454433,0.0902907379304726,0.0237066533600412,0.0134921849961069,0.0839541351252899,0.0556117842182174,0.0232963270320052,0.0655571880275407,0.260713978610678,0.242534284722451,0,0.140746145662733,0.0041160617729394,0.0506591607059933,0.208267446842964,0.304493384683941,0.0685199526468006,0.243194969393406,0.210149646001338,0.320114009732302,0.0338920524124922,0.0449840987377057,0.583250081403025,0.0187743809793431,0.0404841598077689,0.185820994233686,0.919117666571404,0.408528055636305,0.116366991258189,0.330188226622194,0.100686766337226
0.101752965980057,0.0414894205892562,0.267063841254899,0.24932800267525,0.341856144446135,0.466411498019396,0.328703854168682,0.128545427561338,0.162542977458245,0.599192519495843,0.679777120393792,0.140746145662733,0,0.452441707562566,0.783353511791366,0.290410386463918,0.0433650139373233,0.000594869774397044,0.0783396819436467,0.0102426329284016,0.236959270350488,0.0995560771176853,0.221503043646907,0.016230850088024,0.101712660287469,0.0397065114924804,0.0205751101050194,0.233738232345711,0.37054488317337,0.0520724872544574,0.139430081182785,0.136119905914338
0.145811247143527,0.266257436370799,0.00739230697716388,0.146401626135723,0.0791159685659626,0.257732691957999,0.0879063158987935,0.412682299013109,0.0966885658750993,0.172284579037768,0.229507682890498,0.0041160617729394,0.452441707562566,0,0.362922207983177,0.0932026699118087,0.0584523400359211,0.124063381452714,0.0482353563245378,0.0612169427665187,0.148809061435242,0.0256925543694847,0.118318755943229,0.166750102589428,0.0766968298028529,0.0443188546836679,0.170849072619765,0.0133177347557794,0.0869362363337637,0.0236184305032609,0.00851340872860459,0.258383057321604
0.078546867606926,0.0550439688101865,0.119169919119839,0.121375253355161,0.289406417690518,0.450782010252898,0.240208195146646,0.100204173628485,0.0906207538070723,0.519816427346467,0.543384517556516,0.0506591607059933,0.783353511791366,0.362922207983177,0,0.0874506857592674,0.0448793241434444,0.0467160282979497,0.130476196016383,0.00496092336509374,0.0747910887263122,0.0922532594201387,0.0877296247059869,0.00599924348268823,0.0419007599343799,0.0343132622687303,0.067055984359884,0.0803149524038087,0.180054074679646,0.0799068778828418,0.0426229708564605,0.0303182275567761
0.173744465997985,0.0416289355553574,0.205122870567612,0.390227062609371,0.224729098860614,0.0237023885923376,0.504954770261581,0.170430606880247,0.608042200672169,0.119517424549831,0.17977566048413,0.208267446842964,0.290410386463918,0.0932026699118087,0.0874506857592674,0,0.174064875807188,0.2693990902794,0.0407993728620855,0.0789820123932792,0.114663241134102,0.0710901757128003,0.43254034483887,0.149571776233214,0.266003699730752,0.128598084420059,0.173614612959653,0.274289062999674,0.204553915764551,0.00223578197386542,0.151848012744485,0.611686089502547
0.0103554390481912,0.385161888388596,0.0751309211207555,0.0664567205299528,0.0974486553784774,0.0269562095202807,0.145107743948267,0.0225920347476579,0.0383511484820833,0.035403125820514,0.0424144405462275,0.304493384683941,0.0433650139373233,0.0584523400359211,0.0448793241434444,0.174064875807188,0,0.502907490725079,0.171986092214058,0.0221722651311302,0.490914619837401,0.123885444165408,0.405664750881748,0.145075374942103,0.00176792853800846,0.173095469469845,0.183243794250148,0.323936416302243,0.33815486084703,0.312352895057722,0.419056076506692,0.0734469666868922
0.263378000347349,0.136421984223062,0.0244445741626374,0.172608650869761,0.14505852340176,0.217476449500633,0.147479431581583,0.128545742943046,0.155244820981632,0.0274327290677293,0.0175603889990789,0.0685199526468006,0.000594869774397044,0.124063381452714,0.0467160282979497,0.2693990902794,0.502907490725079,0,0.102784818954676,0.139813277192769,0.245643242800788,0.306041028436493,0.581647211007413,0.253321745968535,0.171661163669351,0.26791779796986,0.0782399969687772,0.0745624598149469,0.0969545602452516,0.0982135242214681,0.187558187469605,0.357291011597148
0.0439188427093613,0.104367379829373,0.00486654879310078,0.0639253109239186,0.0366706034058167,0.110170725664941,0.0781882256012893,0.0360551130122969,0.0666462974336673,0.0418114186235933,0.0224893608226531,0.243194969393406,0.0783396819436467,0.0482353563245378,0.130476196016383,0.0407993728620855,0.171986092214058,0.102784818954676,0,0.155923499982717,0.11702190423506,0.412041728708149,0.0993955984376142,0.426221028574128,0.100854470960116,0.37345038414442,0.182467589907046,0.179459338243385,0.0466971424355285,0.631536986398632,0.282214281938939,0.124215516924873
0.196795964843962,0.043857940907099,0.105069768157443,0.555857704241325,0.0760828483698458,0.237982475071931,0.233961269723172,0.563052324546073,0.232769250466575,0.231056109564835,0.20391906569366,0.210149646001338,0.0102426329284016,0.0612169427665187,0.00496092336509374,0.0789820123932792,0.0221722651311302,0.139813277192769,0.155923499982717,0,0.0601658797532523,0.351933398858019,0.270637605174458,0.480799182055423,0.320406525704702,0.356461537216465,0.19372816259882,0.144350471982859,0.0159139722450485,0.121266363260741,0.00671634251314056,0.0566317996960908
0.00627612499100633,0.151521569432422,0.381907111427725,0.0872603179367757,0.0939011960424158,0.129617401287568,0.151226562779294,0.0148192013746559,0.238774547238566,0.314592981725385,0.380578760983938,0.320114009732302,0.236959270350488,0.148809061435242,0.0747910887263122,0.114663241134102,0.490914619837401,0.245643242800788,0.11702190423506,0.0601658797532523,0,0.143341726854995,0.422596232457003,0.211823213731099,0.0713320197437467,0.112466723119526,0.0100953417175406,0.292759150051099,0.238162306937385,0.130692383528548,0.231153944756478,0.0354910633612366
0.0227758507053499,0.141854909509885,0.0882364033709025,0.221357015600318,0.19494935786109,0.17222975082193,0.173499178098219,0.0981360835171916,0.0868478547461797,0.0935687687609729,0.0502884842256193,0.0338920524124922,0.0995560771176853,0.0256925543694847,0.0922532594201387,0.0710901757128003,0.123885444165408,0.306041028436493,0.412041728708149,0.351933398858019,0.143341726854995,0,0.532215932661491,0.209206859161317,0.282172668105574,0.327257040383968,0.0182960683569376,0.0424301729337144,0.0729544217025825,0.409350009952243,0.247865009799586,0.043268171722746
0.148666712912184,0.206450465918069,0.231022004384148,0.518849308361097,0.222051401269189,0.0953867471746764,0.348814377239571,0.277903759169501,0.313836003115408,0.209093585379517,0.193069700670529,0.0449840987377057,0.221503043646907,0.118318755943229,0.0877296247059869,0.43254034483887,0.405664750881748,0.581647211007413,0.0993955984376142,0.270637605174458,0.422596232457003,0.532215932661491,0,0.160260778654423,0.25010198795433,0.471536610283787,0.115032884672018,0.0952106687598718,0.226203455364975,0.215100012584528,0.333741375577379,0.190248061906187
0.0830202274852013,0.0198074621003197,0.0119134192414054,0.22840901667738,0.012110243240831,0.069064137633888,0.00568084507463979,0.329393827315989,0.0228183859778635,0.103401854048078,0.0697514443974988,0.583250081403025,0.016230850088024,0.166750102589428,0.00599924348268823,0.149571776233214,0.145075374942103,0.253321745968535,0.426221028574128,0.480799182055423,0.211823213731099,0.209206859161317,0.160260778654423,0,0.0678952956526439,0.0347572979527256,0.0391207639269684,0.431725984636726,0.0482820449232393,0.140060428047934,0.0811911826784621,0.282258823668704
0.480405960087274,0.149938587017087,0.00656748689368259,0.175122549505136,0.0856762113718826,7.08759663543739e-05,0.10661826099961,0.096997223681127,0.510949606891784,0.0607159471496359,0.0385321309818209,0.0187743809793431,0.101712660287469,0.0766968298028529,0.0419007599343799,0.266003699730752,0.00176792853800846,0.171661163669351,0.100854470960116,0.320406525704702,0.0713320197437467,0.282172668105574,0.25010198795433,0.0678952956526439,0,0.205568966051955,0.0714772068197426,0.0532713452558848,0.0253611779033146,0.291018306100296,0.0837579629985187,0.33864791152277
0.15837767362071,0.132892040080765,0.105832981845577,0.249157472964412,0.210052892118711,0.370160788623185,0.467274091671552,0.257954101226629,0.418370315583833,0.114678501436522,0.122891763182942,0.0404841598077689,0.0397065114924804,0.0443188546836679,0.0343132622687303,0.128598084420059,0.173095469469845,0.26791779796986,0.37345038414442,0.356461537216465,0.112466723119526,0.327257040383968,0.471536610283787,0.0347572979527256,0.205568966051955,0,0.539450364039473,0.04966779542943,0.0705878351551244,0.37578659110098,0.313165837475303,0.0508378829261537
0.156242668549799,0.0845447360060038,0.132776653772,0.205453585794596,0.101856266106441,0.251409344718637,0.299286796133639,0.306733379821987,0.318433029375463,0.00170491872341146,0.0129686509326173,0.185820994233686,0.0205751101050194,0.170849072619765,0.067055984359884,0.173614612959653,0.183243794250148,0.0782399969687772,0.182467589907046,0.19372816259882,0.0100953417175406,0.0182960683569376,0.115032884672018,0.0391207639269684,0.0714772068197426,0.539450364039473,0,0.19988797276401,0.149017031222373,0.110999081923705,0.175588930116269,0.0230164127198284
0.0773814630130856,0.14554833961158,0.150493700376964,0.017846718148095,0.0517409725374934,0.0636354490011614,0.111933752036978,0.0108196519768216,0.0678663450998471,0.249829548592864,0.265661095651113,0.919117666571404,0.233738232345711,0.0133177347557794,0.0803149524038087,0.274289062999674,0.323936416302243,0.0745624598149469,0.179459338243385,0.144350471982859,0.292759150051099,0.0424301729337144,0.0952106687598718,0.431725984636726,0.0532713452558848,0.04966779542943,0.19988797276401,0,0.55813030712296,0.151146754155816,0.511164400298858,0.0978186061856842
0.0313223159031786,0.115015408870087,0.172282374174069,0.177653897448709,0.376477922228963,0.162562075162855,0.285660222245061,0.041024200191044,0.0392126054563738,0.313511176867616,0.313398951264872,0.408528055636305,0.37054488317337,0.0869362363337637,0.180054074679646,0.204553915764551,0.33815486084703,0.0969545602452516,0.0466971424355285,0.0159139722450485,0.238162306937385,0.0729544217025825,0.226203455364975,0.0482820449232393,0.0253611779033146,0.0705878351551244,0.149017031222373,0.55813030712296,0,0.204107447776935,0.753421673768288,0.0835882120663565
0.0103294457354113,0.355611196235291,0.0485511609211934,0.0020715307720749,0.182678307711755,0.0797986437264982,0.0936107299210441,0.00892899261092588,0.0749330501358559,0.0284081300490185,0.0181038100659567,0.116366991258189,0.0520724872544574,0.0236184305032609,0.0799068778828418,0.00223578197386542,0.312352895057722,0.0982135242214681,0.631536986398632,0.121266363260741,0.130692383528548,0.409350009952243,0.215100012584528,0.140060428047934,0.291018306100296,0.37578659110098,0.110999081923705,0.151146754155816,0.204107447776935,0,0.538046229315563,0.117971688568392
0.00452923135879671,0.232392275683299,0.151278590464605,0.126933911970554,0.355794238516,0.0894703104853248,0.318761756825497,0.040964958566549,0.066838693435813,0.154046352125923,0.152928982607712,0.330188226622194,0.139430081182785,0.00851340872860459,0.0426229708564605,0.151848012744485,0.419056076506692,0.187558187469605,0.282214281938939,0.00671634251314056,0.231153944756478,0.247865009799586,0.333741375577379,0.0811911826784621,0.0837579629985187,0.313165837475303,0.175588930116269,0.511164400298858,0.753421673768288,0.538046229315563,0,0.0223586438319406
0.158069900169402,0.0561007378583323,0.0581443712760359,0.209927442939548,0.0900907321799005,0.0138589266794931,0.187615066380228,0.13323275250585,0.378903409860562,0.0263396384478475,0.05210074573975,0.100686766337226,0.136119905914338,0.258383057321604,0.0303182275567761,0.611686089502547,0.0734469666868922,0.357291011597148,0.124215516924873,0.0566317996960908,0.0354910633612366,0.043268171722746,0.190248061906187,0.282258823668704,0.33864791152277,0.0508378829261537,0.0230164127198284,0.0978186061856842,0.0835882120663565,0.117971688568392,0.0223586438319406,0
