0,0.00634383732343063,0.00260434005757685,0.0118899931050342,0.0100878870719785,0.00420277624037737,0.00443889555844076,0.00528522042025563,0.0225727619436469,0.00641176371677218,0.00313134277555998,0.000668543487787907,0.0140632095353551,0.00145341785225959,0.0110715600662212,0.02081795409696,0.000204585251921544,0.002289504214367,0.000538879989429119,0.00747122866128742,0.00075086125754339,0.00622158800539199,4.08553382057833e-05,0.0090670902563773,0.000724651751910052,0.00445104307579364,0.00183921305494195,0.00322291918805566,0.0216087905766568,0.00880027381035966,0.00603322890868953,0.000509159585311628
0.0107164360974466,0,0.00229798551956268,0.00842472284231924,0.00215427956699409,0.0103426597349215,0.00383335919742093,0.00649896709311269,0.000271997552050123,0.00187704662131987,0.00231773512466615,0.000247475011067415,0.00312686908175529,0.00107524303880139,0.00464330909694087,0.0030843815100982,0.00529165012205608,0.00744047103072598,0.00114215188811177,0.000333968301207049,0.00470017807402067,0.000855350419487158,0.00398301316309369,0.000710318218426038,0.0185258929493579,0.00162715314918038,0.000164500802064581,0.0171667737658464,0.0154737096272537,0.00630803801984337,0.000367371478917532,0.0193818721720433
0.00326345522066798,0.00628896063950743,0,0.0258612752265016,0.000790166024912501,0.00263203853364407,0.0234325356933458,0.00634822743205711,0.0221133766074023,0.000406707171199925,0.00309860513726098,0.0118821837460058,0.0119948287042907,0.000163477878148536,0.000296040311009367,0.0615069249399382,5.25519571070287e-06,0.00072450291157396,0.0012539482917608,0.0174195732606244,8.40603711841634e-05,0.00666651497839784,0.00297634798848017,0.0212881076174554,0.00797727688767238,0.00109029650565397,1.6988042484771e-05,0.0112471031892012,0.00304528726697005,0.00376669694033984,0.000319445272940969,0.00802775475726025
0.0043919218412907,0.00527531458581173,0.00982910808138248,0,0.0107745792193424,0.0168082178582351,0.006549206921198,0.0214038982093974,0.0491268616840792,0.0078574264975697,0.0188356590930381,0.0254356783966203,0.0733105438182345,0.0124848904678877,0.0486961554869143,0.0146070001013277,0.0041907242153077,0.0019584884070174,0.00429078990654528,0.00901890121215485,0.000103639014290318,0.0087348497941436,0.000559271960538388,0.0284951459029103,0.0129685556178997,0.00327454015681365,0.00136459203657424,0.000710750358725915,0.0278817458083802,0.000788794390041216,0.0154914215272698,0.0165141473251315
0.00410244989946563,0.00104524365202971,0.000370044483304342,0.00429603152729498,0,0.00652454522479281,0.0173165979493954,0.0496993003306112,0.000947058594089051,0.00273632573156063,0.00270667913604628,0.00128372554712629,0.00888502671014014,0.00139274792149921,0.00141557802244652,0.000542977080078475,0.00960276544502378,0.0108061584977816,0.00157366920303033,0.00208256725075243,0.000883840175338438,0.00210560384390534,0.00327538566873078,0.00574425946540319,0.00386492630946279,2.27485352571764e-05,0.00787630779456151,0.0135021465517174,0.00615434747368467,0.000459107691836138,0.000732342713994539,0.00813387200626878
0.00036928099338089,0.00177563466216616,0.000947672218262023,0.0037647752095616,0.00577326798057516,0,0.016223545878704,0.0149131811539982,0.00459065059450709,0.004076811319792,0.0146489144968117,0.0153006833851074,0.0254500914893646,0.016614072507198,0.0208607130301234,0.00215114466381285,0.00249318245517702,0.00529497935515978,0.00488331861462461,0.00941377866805024,0.00474375499721954,0.00137704978328995,0.00304381097607079,0.0190861117793722,0.0181863064595281,0.00563237642707481,0.00259691773999761,0.00143156912311429,0.0174458851957941,0.000301962868191831,0.00362785256372995,0.00281181781355191
0.00104009539411969,0.00335243343516174,0.000558885607098261,0.00280999236427562,0.00052941529068189,0.00973628421207534,0,0.00888666393640387,0.0220718681855287,0.00889309719025283,0.000216680174894286,0.0074018322050402,0.0264882191212988,0.00945376097147445,0.00223405813355496,0.00502764263808315,0.00767276742508027,0.00310992840345235,0.000813179795534624,0.00342404364229773,0.00805888581781686,0.00115860270063435,0.0058040706046295,0.00561546913903791,0.000778727636295571,0.000358253425404903,0.00149795620260543,0.0220085567620795,0.00923680220917,0.000326363069163067,0.00119739269269674,0.00379291982508228
0.0103668907336001,0.00944726737480697,0.00117327652183569,0.0077549209567911,0.000851810085984387,0.00399293316772487,0.00957771909181082,0,0.0509220857560185,0.000765495790154808,0.0169286190450793,0.000226846697203176,0.0325691689625964,0.00638705279984029,0.0218728219131673,0.00679189715909288,0.00657471555948987,0.00832030172700038,0.0026827838564709,0.00633913741326809,0.00010779783765126,0.00973700935730559,0.00235419993917369,0.0179093090271341,0.00495533044081688,0.000912628728140852,0.00329122884363354,0.00262124848929305,0.0232469859594922,0.00013364991542286,0.0100762846469797,0.0184617476917764
0.00303795115869969,0.0268669301954611,0.00380678396753645,0.000311804783201324,0.00366132411505194,0.0207149893575403,0.0161112378608751,0.00504266869843674,0,0.019022687188225,0.0176119594382241,0.000522572574784763,0.00650621954930817,0.000433925145798384,0.00686104552387707,0.0143882994008014,0.00234978612235942,0.00160909781243212,0.00329701502332658,0.00369680659995742,0.0444144196648519,0.00250513281620973,0.0365097539626834,0.00125520088275544,0.0329823957821232,0.00283234305247553,4.03337964900341e-05,0.00674754099943667,0.0123764917799594,0.000363973059987034,0.00252535812676676,0.0393402762099939
0.0041798159418336,0.00254112808677002,0.00208742396497449,0.016924586293222,0.0532647991015617,0.0227866800049351,0.015765899351507,0.0451650114644999,0.0285340554741429,0,0.00645918016557344,0.0314145151465486,0.0401934664120079,0.0142026365202162,0.00938568954299968,0.0247325638653299,0.000621168020311001,0.00265756352526634,0.000410292035051643,0.0264069624739765,0.00765392094682055,0.0193304854511045,0.00424757948254989,0.0729739125935495,0.0150253320043191,0.00399938625863998,0.000742492506254627,0.000443557486401524,0.0313336377583609,0.00331257237952917,0.00616820819435205,0.0266086902618162
0.00208501431860703,0.000731738143628805,0.0018914928269673,0.00115609505806529,0.128674348907551,0.0234489114056773,0.0520342305604131,0.0778728260624735,0.00721777879139229,0.0340094225816244,0,0.0066140293860311,0.00813075857571503,0.00798128159498923,0.00322059634660179,0.0213851229806549,8.79019160528543e-05,0.00160807564957035,0.00227516332855304,0.00514523398119204,0.00389050417456107,0.00936105530673471,0.00462078639791114,0.018707044111339,0.0103947398329125,0.000281282086113264,0.00265955161830854,0.000490898220711208,0.00603154835503479,0.000869493695399322,0.000480977250411795,0.0108161982350144
0.000195265494176748,0.00264297260349076,0.00142870670365214,0.0112627790489861,0.00789556599324986,0.000446679298335802,0.00119486572298896,0.00871896743901497,0.0125755680925644,0.00127929772253325,0.00263501887635895,0,0.0497445799514677,0.00223544021850002,0.00260699606373062,0.00332228847101751,0.00182219671915351,0.00398823137950404,0.00904906851110013,0.00878837858671481,0.0122422723102032,0.000595327789147914,0.00166081961979235,0.000827132621599618,0.00492983714017393,0.0240799119228895,0.00276438397276067,0.0852836614637886,0.00194558026384334,0.00424574852424839,0.00372706025009208,0.00237785782951638
0.00144274805223029,0.000420095396991764,0.000905575918209896,0.0061728156633944,0.0279096049991842,8.44503436320648e-05,0.00942192434097385,0.0100716257725039,0.0279914900808107,0.0194878872196909,0.0103152337839399,0.0126360103281019,0,0.00482460465833184,0.0480734130095106,0.00204981610466071,0.00084623064675751,0.00290398478573566,0.000203384411406088,0.00535956250314206,0.00171827766849139,0.00487093293598916,0.0246072369953673,0.0274283866683573,0.0150552459057784,0.00836049601251922,0.0097898775934446,0.0329322875812624,0.0164292025189612,0.000270246749706546,0.00762783856987917,0.000227363309465222
0.00407892657212765,0.000224843112058239,0.00154471173564929,0.0385622962838891,0.047804782456505,0.0083286601750131,0.0613716419593841,0.0474406066811136,0.00472475225807091,0.0135759278428848,0.012206932952007,0.000616008910472129,0.0101503814731341,0,0.0132417566024164,0.00119526211916415,0.000737875368344615,0.00506846904273181,0.000506781097915054,0.00051740279187709,0.00153461099228559,0.00187390226302981,0.00267107620406882,0.000322548877004931,0.00113631009187733,0.0109879518642974,0.00319258536130878,0.00134860442088117,0.0025280169241304,0.0031082931042963,0.00822206389457861,0.00437571096805159
0.0057315853337805,0.00145747212767956,0.00135094486343145,0.00542709262528028,0.0294038480294395,0.00262514845579625,0.0109562175226166,0.00728194111117267,0.0335187306277337,0.0118377332530003,0.00377679626899812,0.0095221679505669,0.0027701856320122,0.00541032258913143,0,0.00165679462842122,0.000199721612297598,0.0108388199337411,7.87907630124276e-05,0.00124559460171546,0.002180141983615,0.00452871039581203,0.0102864780751712,0.0138877632930483,0.0128521759392553,0.0134507329485832,0.00470438595829981,0.00403784703631372,0.0117637901911979,0.00203917751492851,0.00793578330887655,0.000789863754175288
0.000294959556453717,0.0273407477597063,0.00265492144839101,0.00448087503164456,0.00108873764366711,0.00439138231503048,0.0162216383383,0.00156784772549082,0.00245860021633816,0.00688193063471768,0.0076619087981279,0.0272567793179276,0.00430740071244855,0.000353393407094134,0.00627979659513783,0,0.000839848967416966,0.00113480070307308,0.00422073826460478,0.0325749517812003,0.0321349285327788,0.0119038680177368,0.0179628823358558,0.0321727244122252,0.0369434053877879,0.00465498893431653,0.000243214680088711,0.0136404317059987,0.000863857291518699,0.00117589711038709,0.0010315175405302,0.0472136486465526
0.000815969118225768,0.000239311607515078,0.00073423886647707,0.00124952987483096,0.0305025944559382,0.0135098342543813,0.0713668125375543,0.00111724532595849,0.00620751619438469,0.000257416939748422,0.000482702697744162,0.00836146173628615,0.000691672285682753,0.00322449566663457,1.86340652373953e-05,0.00612707589978415,0,0.00887100125368702,0.00958843615925849,0.0080327487663969,0.00637562146845765,0.00144446554408906,0.000486241902846264,0.0080302280213829,0.00643532225165732,0.00504187440956387,0.00664361877069551,0.000818926375078703,0.0038070499031981,0.00189927173042048,0.00143429105891224,0.0138765235010983
0.000596785155250351,0.00827477485556773,0.000632258671065204,0.000764977879725019,0.0316916267961801,0.00220789380394257,0.0314559458342418,0.00395016456278683,0.0145798607619157,0.0135336093619817,0.0019407440889098,0.00614596093427996,0.00161029425597468,0.0030117698988502,0.000914201669837313,0.0061042145124086,0.00040367259609063,0,0.00642346443234767,0.00312104113281692,0.00174897123545845,0.00678726625394048,0.0377252455803594,0.00604857993636981,0.00316973887418498,0.00567321048073907,9.11152939389976e-05,0.00160861109437418,0.0158820195767701,8.79624928301664e-05,0.00167061375813165,0.0061484171831882
0.0025176113335349,0.00675963202303625,2.14222076828868e-05,0.00790699133511817,0.00237025976001421,0.0135748966420934,0.00585829078359638,0.00224018652380097,0.00609212158905176,0.000493392186285173,0.000231345599234439,0.0209821700682967,0.00795562693698477,0.00191721901634681,0.001470695715132,9.31133001098637e-05,0.00241276850083582,0.0168867660090936,0,0.0123432368016627,0.000694981068747225,0.00224584666183633,0.00924792565684142,0.0100372093783899,6.29602100650665e-05,0.00371804995914774,0.000611573719415038,0.00170425772873268,0.0120777329024965,0.000689935646766763,0.00183191470158312,0.00393072932258147
0.00115505547997411,0.00244262011157745,0.000698823456406369,0.00267453564233876,0.00371280854731139,0.00343908982819066,0.00302065443295016,0.0140409797696883,6.56889538110187e-05,0.00118021189635523,0.00151092970389443,0.0142648819927926,0.0187613283398643,0.00402956737397806,4.46617966819876e-05,0.00835177162343381,0.00258649174575597,0.00341451345630202,0.00418751042137764,0,0.0512004056050146,0.00306295487952716,0.0808901142428554,0.0049318536513835,0.010325142102442,0.000227367164362195,0.00175530292100344,0.0243429117725405,0.00376050500956473,0.016470433390322,0.0111539538566794,0.0408853349123635
0.0019550783867438,0.00108662907946203,4.76983049436013e-05,0.00878265970571837,0.0324527858600931,0.00427630487772902,0.0415124961356905,0.0182275773008158,0.00970532891599493,0.00859628930512575,0.0023363622922658,0.00907278462510626,0.00514723444442226,0.00833940795061573,0.00323054987406193,0.00983382299550985,0.0031730953311058,0.000396639785878348,0.00124093169339263,0.0138926224690695,0,0.0035258987694141,0.0110278224353529,0.0140398576048666,0.0117016236394289,0.00544863543177183,0.000394375981440442,0.0102404992764138,0.0014371751719059,0.00151780055861954,0.00989197203602504,0.0335193172107031
0.000980456177293325,0.00177166378470678,0.00119229568251982,4.97812848541087e-05,0.0181743229256258,0.000430624451965807,0.0234636425430988,0.00479064402785513,0.00617783289558649,0.00431025291492371,5.54213131167457e-06,0.0158230871804789,0.00137884095933678,0.00335638515696314,0.000202456999385046,0.00625304138767269,0.00202235841691161,0.0253563324260047,0.00541381448466589,0.00154723132453214,0.00126747254223476,0,0.000991912889496045,0.000696009502279563,0.0423644857869541,0.0165942718197517,0.00185967627865424,0.00623428542597769,0.00150040723696741,0.000542898454355251,0.000353648333282806,0.0147940425965298
0.00167194336932228,0.0030548593126729,0.0013424136356175,0.00134315664263088,0.0199291039734367,0.00187342438818688,0.0314310839897169,0.00640087131817957,0.0127420276588511,0.0028051625399878,0.000460666749696773,0.00589184062781024,0.00152560678192339,0.00682430459613576,0.000193562423772833,0.00765118582989429,0.00182981409919029,0.000293396986263103,0.000537982349730383,0.0072933869043442,0.0451767773665741,0.00758338245170935,0,0.0156171768963486,0.0133770690954365,0.00486347398302236,0.00142573580170039,0.00476215139377746,0.00323765717149987,0.000753449473011721,0.00676740575198002,0.0317580075040215
0.000333509395509583,0.00111812180872701,0.00110372488558797,0.00360982492352046,0.00157446237018228,0.000967470652234081,0.00173659180639281,0.0123132310710144,0.00117166499711132,0.000869472029904561,0.00155684884743175,0.0211409224341813,0.0137622601071651,0.0052578056488592,0.00068588020655087,0.00218723926760348,0.00247927640477494,0.000534999954249271,0.00505536087782713,0.0028121382576451,0.0403313924818461,0.00165837255934374,0.0621463290436569,0,0.0143748909282807,0.000901120078838642,0.00970562869860726,0.0175301338687262,0.0136258625678078,0.010060153429643,0.0193562824504953,0.0396816348108863
0.00491951856757887,0.00251109524556986,0.000215964303417262,0.00427969217532208,0.00185532813971788,0.000826504033492233,0.00285225698017834,0.00526670336026528,0.0383058261475542,0.00163253325981509,0.00249003564857722,0.00276033671863484,9.01402030718791e-06,0.000402231390095969,0.00232458410564151,0.0101114847493184,0.00117067348302644,0.00383903568809224,0.00203573653536945,0.0114189097842812,0.00695178779438202,0.002019574797368,0.109984955040616,0.00173823359133697,0,0.0106623988066399,0.00572331422692724,0.0149151487977199,0.0166834076955462,0.000157744081661228,0.00139933742505355,0.00353186326589179
0.000839864536652194,0.00311828000603245,0.000360362340302493,0.0168337789798779,0.000539867023681379,0.000705969899924292,0.00248420737520147,0.00109329897688003,0.000321032735894068,0.00354260016311405,0.00313515271654155,0.00725171157346353,0.0135234189445423,0.00945701825081577,0.00540703937901113,0.000416960026787195,0.00409776636481605,0.0100619441879671,0.00174150261747493,0.0220249575511,0.0139926252218553,0.0194268313287454,0.0369370623391436,0.0291359128647576,0.00879210638872715,0,0.00426437897669631,0.0136128690458518,0.00698043791744175,0.00560988677160267,0.00430457364955004,0.0164535603749512
0.00257709890025256,0.000490247254191151,0.00387170452384485,0.023703352397537,0.0113958918693411,0.00250782306915576,0.0143910228866005,0.00434619394921623,0.0119332252219054,0.028868281386722,0.00497015661194075,0.0519174803190602,0.0142651600961691,0.00444382073611281,0.00962151537550644,0.00134424559607968,0.000664580998932439,0.0108829764249378,0.00523910944051908,0.046286282222113,0.000618862950201672,0.0050001683952672,0.00153775472583467,0.100870142615937,0.00432604452467221,0.00346393320696591,0,0.0122069333852298,0.0362985151391938,0.00348203842830536,0.00415669396395943,0.0181339600868368
0.000104756164601317,0.00295554507832835,0.00141896666628716,0.00676225666976722,0.00290861196145082,0.000869504863441706,0.00127127399393026,0.00390852445882059,0.00403308619536627,0.0004234132794313,0.00280286244377883,0.0429609345058238,0.0454553327595081,0.00339926878188882,0.00244586131506534,0.00158963077097118,0.00103938962121647,0.00251332890193835,0.00571863842881818,0.0180360562712956,0.0120654694497693,7.61544241800625e-05,0.00280883849845465,0.00757117612174894,0.000347266659576558,0.00734756727566468,8.8277267111504e-05,0,0.00382921276012653,0.00640486411476853,0.000998713112534636,0.00270871460741121
0.00799724616609546,0.00930951680935729,0.00357399367264767,0.00547733716866784,0.0359608932483943,0.00295063547913849,0.0236478082064918,0.00301095981812444,0.0212163496422596,0.00356844468592539,0.00077869923028685,0.0127274990596437,0.012176348640478,0.00147385509201906,0.00484452707355784,0.00718143332679422,0.0018792863117194,0.0136972975461057,0.00116125417833799,0.047537310001905,0.00878055333519173,0.023536438387742,0.00108311322516736,0.0635165492031009,0.000219174261119987,0.00413958715550022,0.00327618269120408,0.0154643181414683,0,0.00627325265284727,0.0221063637433231,0.0143167814772837
0.00229552142165799,0.0054572030056544,0.000277367656090596,0.00133743464525935,0.00711081273675201,0.00129860184189088,0.00247098008042924,5.82038535392951e-06,0.00183176297323166,0.0170433394134098,0.00874681785036946,0.0995558712512809,0.0161466780043838,0.000311998011728849,0.00045374011067561,0.00187688165140565,0.00203507224116353,0.00194546671805004,0.0140549693467537,0.0132063383690072,0.0218953424719042,0.00172054864322608,0.0205306894749981,0.0031650747422719,0.00638905833888498,0.00131004838336733,0.000728517909649507,0.0347516406821432,0.0418589909630747,0,0.0120808000237564,0.00258112684674001
0.00183661778532372,0.00614541381668732,0.00527814116123153,0.00479298697317655,0.0067560254681817,0.000248907554323474,0.00523025063786273,0.00182463588475248,0.0223943651201552,0.000740291072061743,8.45482114387264e-05,0.0319183671518258,0.00643113700387146,0.00312011044596794,0.00262008855926329,0.00494892765895079,0.00210680643639719,0.00636581801267996,0.000531352365684429,0.0366108161664121,0.0173015404237498,0.0158191233880598,0.00712330404519777,0.0586458446347788,0.00247977531329324,0.00542888380071666,0.00990138393352784,0.0152338452264224,0.0246578379604455,0.00084722535213861,0,0.0374077260225189
0.00320188175342666,0.00409890605389869,0.000363736956512688,0.00343605120788869,0.0101801608039851,0.00291197575390617,0.00583468891993487,0.00892593758438373,0.00474091368625664,0.00292242779084781,0.00133199774165254,0.0426628445704593,0.000301487553666908,0.000968201631557241,0.00378447568723271,0.00716887979918796,0.00170413189225886,0.000925573604624956,0.00135967427752411,0.000265184334208347,0.000980922108783007,0.0118020816667822,0.036314463125795,0.0125388210797466,0.0328570649675015,0.0122462931799231,0.00681773568455311,0.000762844298824968,0.0207368239988887,0.00020592380872055,0.000224920078379263,0
