0,0.000544107801632792,0.0157987484292199,0.00246813459766821,0.00240067511111785,0.00156152279719961,0.00225524531712082,0.00290101147890258,0.0040456227072542,0.00161086064260602,0.000506701071714504,0.000280486564003625,0.00062590379967333,0.000235591957225611,0.00088344094083945,0.00214240061042411,0.000563936868515382,0.00869855945030055,0.000752777949189042,0.000182290550253168,2.54783984265561e-06,0.00069146883566797,0.000795784750588708,0.000649485540684582,0.00645186713163265,0.000840462145380828,0.000197948454606318,0.000214880208056713,9.17390291001292e-05,7.08768615841963e-05,0.00145230820323068,0.000483675543116932
0.00233764778509685,0,0.000975791621235627,0.000724998811776101,0.00278130891514479,0.00209074417367527,0.00307567327581925,0.0015251934049848,0.00205973762063453,0.00187448332734137,0.000411442476869808,0.000380833596352887,0.000122602023264289,0.000303304073714006,0.000197261163588214,0.00336244589220291,0.0107435190909657,0.00497154372024721,2.03122895375736e-05,0.00195198447080801,0.00133025043839308,0.00081551392972464,0.000562058956297711,0.000858271720228752,0.00624901367779708,0.000359217511479406,0.000259434663650818,0.0014638350412447,0.000165951841335715,0.000142638610807659,0.000324205482238046,0.00098273208778286
0.00238676709873619,0.00351010833280537,0,0.00440268622204973,0.000501946545329393,0.00159538084945159,0.000564065613100726,0.000433014111505001,0.00177530029322016,8.8431908161413e-05,0.000530589660148861,0.000103131904997753,0.00010905707423436,0.0064159103596153,0.00497717677399255,0.00142047613253386,0.000354126953866018,0.000465199203854144,0.000396946981851403,0.000377738822790671,0.00340483608959874,0.000280581693565248,0.000315421855750308,0.00209319089198399,0.00105238336183262,2.86197058525986e-06,0.000358682753876399,0.000734174296142759,0.000283400590700979,0.000641818811356155,0.000364160166222328,0.00140808333325071
8.59563958461967e-06,0.00181858078367592,0.00245237424792956,0,0.00140951173653664,0.00101232483797973,0.00117570043896695,0.0231218726579329,0.00177211552405211,0.00911564641968974,0.0138573255382674,0.000246273893598153,0.000141427748718169,0.00353544448523356,0.00236798054516352,0.00159137366057041,0.00126041217647032,0.000516793122856002,0.00192367966487362,0.00292181337524503,0.00632850130072098,0.0020859677835735,0.00273216359612601,0.00185019078335056,0.000668503743746763,0.00223304236307977,0.00252993076934634,0.000591509245806727,0.000289859628782917,0.00270884148117818,0.00321113760101874,0.000416526788599889
0.0020442021601868,0.00143627296076782,0.00412772842039911,0.0135309589319324,0,6.01291002027659e-06,0.000745994121014916,0.00193142165327554,0.000649771919884189,0.00615310749942606,0.00841125939741291,0.000987934223911768,0.000313487329741914,0.00230971748167709,0.00221400711744986,0.000158663335786824,0.000150605546451062,0.00111516392630623,0.00344674256376322,0.0026409851751587,0.00488683966925743,0.00163507512174383,0.00226329513587502,0.00166997385921318,0.00110117202725032,0.00536276995132486,0.00155433999114279,0.00130511880956782,0.00334710563362241,5.65882238485019e-05,0.0001528930093021,0.000569488910067686
0.00584585184753141,0.00514837431377166,0.00121907954447559,0.00033916549102685,0.00321337762061643,0,0.00364173194445773,0.000244729688478899,0.00984191403298126,0.000486859557659985,0.00267561186797148,0.000227793963199527,0.000247738853919506,3.66132082689008e-06,0.000355636573811952,0.0111550513201938,0.00130101151545148,0.0016620312865943,0.000312785892803043,0.00446237715629922,0.000313958562310932,0.00013445669709574,0.00165591067528475,0.000689630147329918,0.00105016678157148,0.00262510406773616,0.000894799503443226,0.00115444340383289,0.000610931221947199,0.000330664609261208,0.000107980769358527,0.0004937947309051
0.0112724208864647,0.00136600862222713,0.00471201075057043,0.0216078135861016,0.00118627380238359,0.000653896191458596,0,0.00253467539516523,0.00058630365033271,0.00514026378110043,0.00473028307905733,0.000262786626576011,0.000313699334286453,0.000551451024704481,0.00178376793759761,0.000290688856822375,0.00179887811202516,0.000336374986124753,0.00152717467811867,0.00064421600499799,0.00225446133299091,0.00163363127603367,0.000979629209091788,0.000526182952450164,0.000210865843160678,0.0016006471433213,0.00150256788601125,0.00262488816371718,0.000283235914304866,0.000193401334576571,0.000364343484582712,0.00206671158428632
0.000393671123918318,0.00175080262747903,0.00262349263739186,0.0393778222018205,0.00480352615247922,0.00425661522906208,0.000275631183909389,0,0.000557541446620255,0.00346685244813744,0.00331461306301903,0.000502868618135438,0.0023539073985321,0.00492564974907771,0.00324820476911223,0.000301740847154325,1.46374748671656e-05,2.63382658727939e-05,0.000553226477232001,0.00213852637539805,0.000264126438693249,0.00176274943684896,0.00267297051814933,0.000212627949595969,0.000863282343823982,0.000260921916602956,0.00420232478121475,0.000531508972406631,0.00194005213083446,0.000436416546836717,0.00346713352733794,0.000240178950038034
0.00692774001120773,0.0136179358648373,0.0114876373032381,0.0136699771545722,0.00826855051882291,0.0115627482951517,0.0170706285613769,0.00504719701703286,0,0.00114109618231637,4.03340977521656e-06,7.48433295297681e-05,8.67913802523649e-05,0.000245915653283113,6.59691735915984e-05,0.0119855911012354,0.00248413822294069,0.00309918474346339,0.000580623884980725,0.00017264676728596,0.00302712292491563,0.00260734359447628,0.00080916667598433,0.000414494015806172,0.00126578410340196,9.90489774659783e-05,0.000257212740379286,0.000246655584831903,0.000117700341217071,1.3758348370141e-05,0.000284133404013906,0.00631774236129569
0.00295857488673278,0.000489776895269567,0.000152997303136427,0.00258264155336664,0.00452090369824595,0.000374591920058371,0.00434601778383667,0.00989952522228153,0.00515344486433221,0,0.00290680797038154,0.00569499691452739,0.00287041100495284,0.000790711358368944,0.000506996730985766,0.00172787052063881,0.00261090679810269,0.00262775444360103,0.00551923912025792,0.0024663821139646,0.000299138794322081,0.0008550195067277,0.000314028333265975,0.000196158991413287,0.000794989871840812,0.00898780260932543,0.00446710346279711,0.000135804215809159,0.00542601768923107,0.000745534410466461,0.00183789040455675,0.00109450081378453
0.00132665710508978,0.000110536972570313,0.000129778561103584,0.0111126021688456,0.00208342990119622,0.00312648581497185,0.00353831615146487,0.0172451002969139,0.00569641637175295,0.00492138204192054,0,0.000286309928330386,0.00523080711542673,4.70637618942896e-05,0.00917105663229767,0.00304581008613058,0.00175092677039197,0.00284097742613741,0.00308169357929669,0.00127849961638339,0.000289330813558055,0.000558807608045917,0.00015189493753212,0.000135736575033535,0.000829054615541619,0.00739166044851738,0.0057626142690769,0.00301751518195014,0.00337245472936092,0.000341772039573074,0.000294526696862598,0.00136910973037392
0.00118767970979501,0.00132726726900374,5.97994242012572e-05,0.00026017171738455,0.000662121723327291,8.03490537929303e-06,0.000560079430692241,0.000872765894603536,0.0008466370789324,0.0162736323473002,0.000617146856536935,0,0.00399289890306446,0.000132303586845663,0.00359146789978717,0.000115315448529003,0.000298095298874706,0.000576531878528451,0.00115693583000274,0.00352379348761443,0.00144469485130515,0.00120561141352185,0.00247053259605097,0.00254965072849683,0.000619352969640384,0.00139969208624814,0.000727992917693046,0.000894582054629842,0.00151845258981635,0.00169877029727594,0.00737975050939696,0.000231738067434534
0.000123618488819818,0.00106972704440974,0.00420858240314901,0.00735040996707916,0.0183462195305624,0.00155735705813229,0.00956799277930417,0.00157351905138024,0.0012219964065252,0.0168782615345989,0.00147863468510477,0.00186212577847252,0,0.000406882252854086,0.0282980278710234,0.00053048694202525,0.000214358352929243,0.00108066533533849,0.000690757150539155,1.17116013298684e-05,0.000773718689670681,0.000237179963641807,0.00093934577034972,0.000604468820249826,0.000191383983350322,0.000725279104364995,0.000316359491848133,0.00391888162653293,0.000173751492976005,0.0015167300618005,0.000177515322677885,0.000586147861890412
0.000891547853621887,7.86948268457184e-05,0.0170216402073477,0.000395364442370122,0.000444266385002277,0.000476251174188484,0.000602958785643655,0.000178249252316234,0.00266824876992938,0.00280632589620011,0.000202579974359686,0.00196206378247528,0.00247070496763798,0,0.0212413910286535,0.00211011136633148,0.00106480570717297,0.00130255254941508,0.00135084555555358,0.00223726695498294,0.000782557908711679,3.77611732897137e-05,0.00119849214282928,0.00442604528777484,0.000587249579635004,0.00069027615529499,0.00035560144515397,0.000473219527691598,0.00364187349256855,0.000799819929773219,0.000636064156079811,0.000553148692560445
0.00165112687324203,5.899469750941e-05,0.00502572717760357,0.00304436596356851,0.00699911926643653,0.00156255795710807,0.00517960085206491,0.000779137061077332,0.00127088434909658,0.00325913473862764,0.00534252499743166,0.00504540333721586,0.00984687927459859,0.000636685683593908,0,0.00194137467168014,0.000707174690997927,0.000361953788481972,0.000562846070307607,0.000832441976897331,0.000528362912723061,0.000823435224619853,0.000389210154356464,0.00175725782106537,0.000209428244882052,0.00151572871029869,0.000948249989939212,0.00500484663146702,0.00424186906119261,0.00100288415647138,0.000264811125445087,7.30133730204062e-05
0.00375497275609182,0.0276378891334089,0.017785492067114,0.00953056916910575,0.0191021067499306,0.0136292697315035,0.030522469508779,0.00277723648094066,0.0126975274711961,0.0012387187591419,0.000172705353625639,0.000318569241461175,0.000171761950204285,0.000210615021236939,0.000362419542358992,0,0.00100277191903689,0.00341564728343653,0.000107377062134521,4.45641579380661e-05,0.000927999487589481,9.86825887910646e-05,0.000142063184722682,9.84389193358216e-05,0.000519101216097774,0.000388496142934053,0.000363568452076884,0.00057490546470765,0.00061010685876377,4.03712067480754e-05,0.000460911361317412,0.00374398978377192
0.0117092693953154,0.0142490602370874,0.00342813501193699,0.0021376096124512,0.000662835214964047,0.000387388730429627,9.41358088315146e-05,0.00265810045294045,0.00108976532843173,9.20130311615093e-05,0.00146653052353059,0.00191065449278747,1.82354156852062e-05,0.000189997281917354,0.000174071531705942,0.00115555501276477,0,0.00792845250728519,0.000819080889161094,0.000564947112074105,0.000224586160429471,0.00684082026788724,0.00282740197829105,0.000628447813043198,0.00550505576691374,0.000421690869030051,0.000850749610532828,0.00047823714983751,0.000659387134994805,0.00279093548913801,0.000546356239455847,0.0069647476325613
0.00940588476450483,0.000207135370821842,0.0011961514185162,0.000520604759082983,0.00124753752730852,0.000673666925421198,0.000836534394883573,0.000491671047618625,0.00112416274734857,0.000894034211361389,0.000296545518592498,0.000345895736066032,0.000243836023567086,0.000388712634202996,0.00130502397328756,0.00191507930302645,0.0105689454549409,0,0.000219587847373002,0.00221114732264605,0.0014375068394208,0.00814970549172414,0.00777508567813077,0.00158133237617133,0.00262219968951387,0.00277246155338731,0.00415448688810187,0.000186963496198305,0.000664281048947624,0.000205180913489153,3.641101348709e-05,0.0103454983528495
0.00222751573959069,0.00371748120501042,0.000751674391451725,0.000548527669264211,0.000126275949633941,0.000273573376430413,0.00052556625499849,0.000553535847718821,0.000444481549097388,0.000606834105121675,0.00104188753529833,0.000988978537359555,9.35907053385704e-05,0.00147172147802844,0.000431690840268092,3.09564944236607e-05,0.000314519465529596,0.000562458674743995,0,0.00577146694195911,0.00116053860010058,0.000408235356833409,0.000267708152079195,0.00333082519585446,0.00630547669065884,0.00123528267325345,0.00341003788736072,0.00038109996165932,0.000243139255708042,0.00823489297194267,0.00105329970939594,0.00788575425833754
0.00180284941309777,0.000649110119851811,0.00082870996612729,0.000373426038787321,0.00160649077065456,0.000469825745335913,0.000483083374097029,0.00100541136582996,0.000125900634488521,0.000155107156456075,0.000859430684583281,0.00127135252969001,0.000407944367234327,0.00130386297340427,0.00112592850953918,0.000313647791206397,0.00774708310577163,0.00177259288764326,0.00157197879262951,0,0.0019994169676095,0.000843755628611404,0.0015308741814798,0.0059440568463244,0.000867324754601275,0.00541052009086044,0.00462417646848141,0.000946241312074221,0.00145640462685495,0.000126438125724005,0.00272934356982456,0.000701601239758173
0.00152716931998171,0.000421206622669102,0.00060534525115186,0.000172768430959451,0.000226940943133797,8.10239536192089e-05,0.000108615963757844,0.000380602784032294,8.89294229033195e-06,1.253328056186e-05,0.00153519639761539,0.0013455067360794,0.00169125516619268,0.00082311193942349,0.00289791778172074,0.000367438578975139,0.00435870457355204,0.00501160379403821,0.00230042896662432,0.00281810360543251,0,0.0016846910302051,0.000363401952454128,0.00546675392048923,0.000708133946486511,0.00179951432652945,0.0039883993029468,0.000827760465658088,0.00138292881430406,0.00182116544951376,0.0020006188516395,0.000853468891799191
0.00430249148355628,0.000369190850899125,0.000365475277571079,0.000334076179253953,0.00134277614732285,1.38596810106838e-05,0.00019273912402481,0.00042066362612053,0.00212583045177238,0.00157189913527218,0.00324591744834887,0.00457158990462664,0.000112348911199844,0.00309080511441883,0.00344710506358204,0.00290551538949708,0.00574892916909607,0.00600304330146797,0.0298109825279705,0.0109996635132261,2.31170728276736e-05,0,0.0151559192821271,0.000682735905104109,0.0021042958528044,0.00285451505476569,0.00137683269292724,0.0015768987299742,0.0059441814495998,0.00221219561902974,0.000620239479018043,0.0026047862063942
0.00727906753943022,0.00573780606747974,0.000603247093495232,4.84868107565719e-06,0.000697783270978914,1.69787937399296e-05,0.000204408559613352,3.88188601608634e-05,0.000602988009428355,0.00022146861681106,0.00138856120666348,0.00197809397678333,0.00021469800725018,0.000931628497259301,0.000117970069919486,0.000896161739739024,0.000856081620931404,0.00168269126920212,0.0211131205925622,0.00364137877519032,0.00167691355686464,0.0060432730446717,0,0.00155987266788095,0.00216381685615056,0.0010993654579025,0.00687987486747221,0.00117259624160033,0.00351049089889009,0.00543730370897933,0.000715088599014779,0.00296361003625043
0.000382214511660411,0.00096043843426616,0.000845611634403419,0.000803685409215942,0.000935846325942511,0.00203213859644826,0.00136836106644987,0.00103143756251951,0.00152160224774777,0.000374454955008768,0.00131172032831552,0.00156114505942047,0.000313680047789915,0.00144673141362134,0.000403158854460326,0.000480246462557811,0.0104266812298876,0.00131145535922913,0.011868144521113,0.00596418488263299,0.0184822748609888,0.00107819932986725,0.00349073845492703,0,5.0738837986869e-05,0.00299747367527779,0.00157681565085022,0.00148520306099982,0.00268320177340606,2.81828504361331e-05,0.000431165469853548,0.00216183305833762
0.0221899809347348,0.0412756203913426,0.000375076327638237,0.00276009961144027,0.00351643712312945,0.00159778697690547,0.0108368713894733,0.000709363497275749,0.00875125855922172,0.000166440200380329,0.000698567578561286,0.000859668059830459,0.000818281984974065,0.000580705105306515,0.00059570529970858,0.00208431775305501,0.00198859422495989,0.0219679719828735,0.00571919180358319,8.22138620721868e-05,0.000905167637110568,0.00577111439891712,0.00297597617216067,0.00140415523542386,0,0.000361783006065195,0.000192160856025872,0.0007202268440164,0.00109200560595417,0.00206781331435064,8.65891821715094e-05,0.00320657028629336
0.000713780526855105,0.00101662528475874,0.00250034433715764,0.0026405252556412,0.00108994053030792,0.00132036466791551,0.00172479279447556,0.00115889801543604,0.00122980949763242,0.000941622403854862,0.000868209932322701,0.000680704396290695,0.000414796189834933,0.00190917249451272,0.000446378296097738,0.0016441987068121,0.00692791327708959,0.000993830785468126,0.00725385078575353,0.0023995550983546,0.0042665081740664,0.00855562255668923,0.00995358021934094,0.00326937029791734,0.00352145495684763,0,0.00887190061797501,0.00185999291169149,0.00388166320575602,0.00040701178536241,0.00279184890695031,0.00245236417575827
0.00200282655501758,0.000260400671716429,0.00140587833579898,0.000408127049969456,0.0016072928517771,0.00281683617500776,0.00316964747940631,0.000970730090174053,0.00415148775701275,0.000955185070381379,0.00152938213599016,0.000544685755001137,0.000974894404851302,0.00306140951496635,0.000219019691077497,0.0032232799428488,0.00624038399466558,0.000896289336763857,0.011860907056413,0.00293396807652024,0.00506146956495813,0.0346381069560536,0.0246238235539047,0.00704501743869038,0.00401578870128635,0.013304596872368,0,0.00177355393894934,0.00804395341517972,0.00185903152333884,0.00111753927183697,0.00756585355280369
0.00182150832642229,0.000121366300370598,0.00211058737821652,0.000196980708726821,0.00110416016007479,0.00142209294192827,0.0027826717792774,0.00240355495064327,0.000548738544052685,0.00499860739202835,0.0013774970298015,0.00401903452903414,0.0123095594922259,0.00111849687179145,0.0193489424653585,0.00109028276644961,0.000393072333397582,0.000722107126654349,0.00161947381083982,0.00291077587454727,0.000887449670558933,0.00217297333033552,0.000433858640186228,0.00229737857361746,0.00253017013504627,0.000686228842976325,0.00195393575520122,0,0.00459360391460364,0.00731787020500026,0.00199535625967118,0.00114588042967595
0.000700499326281267,0.00284479182158369,0.0023741161111065,0.000699114866583877,0.000724454298420603,0.000620540961048703,0.000651092457395021,0.000967357604926772,4.96109930550017e-05,0.00820278510884031,0.000699768341748638,0.000892087688046153,0.002819107659161,0.00146310558908298,0.00020875234266035,0.00105425747689369,0.00204006899062479,0.00221147737637245,0.00070252728680843,0.00259344180875744,0.00134501349683916,0.00144030893640751,0.004207211951512,0.00165133709164478,0.00248684291570842,0.000160919091738038,0.0116840237846309,0.00577897365176716,0,0.000379579597908,0.0264113297642554,0.00317384919130867
0.000303372628610934,0.000137802135303027,0.00119150278044524,0.00303319337262239,0.000228344903821615,0.00305673387967304,0.00135178696742278,0.00291836879323985,0.000286455176943437,0.00017682672487177,0.000552825740053647,0.00119681110990974,0.000135911502435014,0.00723010187935731,0.00157476218813945,0.000675164834425959,0.00267977258121063,0.000450450854007114,0.00485417679435665,0.00556487446453151,0.00103686741174862,0.0017018065806416,0.00423190014842052,0.00280276282137075,0.00110287448453478,0.00169290849958123,0.00153520465409559,0.00137610472723495,0.00062541853130365,0,0.00105597989192291,0.00120186201670822
0.000322530451579771,0.00138459107100473,0.00139352845128577,0.000221117860603457,4.9883117199334e-05,0.000121677326967315,3.55591922751623e-05,0.000358212713182485,0.000107404421919991,1.88772811458695e-07,0.000211109552379025,0.00394465830058753,0.000888816061444544,0.00200291789288881,2.89661639169757e-05,7.02900479518959e-05,0.000421702763905541,0.000362464896169206,0.00151395095230232,0.0012413806584518,0.00161211933567003,0.000807975488414225,0.00151048894601892,0.00322210026583207,5.62290742835009e-05,0.000520644084006653,0.00627648634763658,0.0155991830415939,0.000660273697096741,0.00268871365834801,0,0.000312477075636977
0.00330868231279561,0.0294575799368579,0.000437281924785277,0.000248368511762976,0.00239856640058154,0.00157811315784162,0.00544856257714567,0.000549439072588103,0.00270863770799402,0.000266533525944548,0.000110202074973981,0.00183275108056669,0.000465610882701773,0.000329515202863961,0.000450835941210712,0.00170262790723546,0.00523445988749532,0.0130751095164523,0.00237079743310418,0.000399315278343889,0.00865751699037171,0.00358147751511061,0.0020374902999523,0.00615099186949156,0.00728684768490924,0.000532496995263062,1.74134399166023e-05,0.00232283071212878,0.00158219121419486,0.00144514124692771,0.000105790127259343,0
