0,0.530217383547556,0.506022901431304,0.0568777593972285,0.0652579515027526,0.146896251010871,0.249075674488509,0.280898663331188,0.204819452869903,0.110767490673426,0.144014264872105,0.175854462825511,0.301703305095592,0.0312030975530182,0.416051257605558,0.196106352362577,0.295173211093111,0.049549927624467,0.265404825342421,0.0432096593929239,0.069177178768179,0.0703896535938252,0.0833336301411161,0.0452446858219333,0.00166655326351898,0.0589598283161932,0.00691061312034839,0.0172149012343624,0.0690290548850442,0.179924672263646,0.164962625174351,0.0548215128558412
0.530217383547556,0,0.494296276335179,0.0574425001738028,7.58828939959776e-05,0.00334931474835014,0.11627600462973,0.391485109319014,0.186209367936156,0.104264705195422,0.0805280971345665,0.0602960184628285,0.455384393169061,0.0803913808164685,0.588228084389104,0.162575265356245,0.572299582331053,0.0134696560545557,0.368490937838501,0.0656275340588348,0.0282313327680769,0.0822817554505227,0.206747649402904,0.04020951640246,0.117530807086763,0.00863961208219724,0.0911862367169156,0.133624355624674,0.124036723857235,0.097627510323233,0.140748813138221,0.308077744784343
0.506022901431304,0.494296276335179,0,0.0529698217519229,0.00117520458436274,0.0506004414273241,0.047580510406928,0.363273015496446,0.0571061395742809,0.21228291842034,0.146407865101765,0.0433271887201186,0.282377645514045,0.0116000583263416,0.46237345228166,0.034565322795643,0.525301535589408,0.095893288369196,0.181557512213456,0.016997853854869,0.229691909830398,0.0127394298468071,0.234117193827816,0.088137756961297,0.0340413274931362,0.0533403341933347,0.233268588951493,0.000530407472646469,0.0914412992117559,0.268435666200813,0.128805084899858,0.0826410527451678
0.0568777593972285,0.0574425001738028,0.0529698217519229,0,0.340918673971221,0.0308250538333972,0.227792566518876,0.08739989851487,0.0887243729602942,0.270538111369276,0.0153294390932343,0.11411105160825,0.0983616497921349,0.15734546488802,0.126050896532592,0.0776334988212409,0.0686715281925773,0.225235086598353,0.190836573679689,0.0254128299302056,0.0048420503285211,0.107500117831605,0.101263898772251,0.0879156249690065,0.296680941821439,0.0330265147758994,0.084513487964166,0.123428829524785,0.172186243050167,0.0985683708830154,0.00587103448090313,0.00222099858429173
0.0652579515027526,7.58828939959776e-05,0.00117520458436274,0.340918673971221,0,0.0785883974333744,0.160400530785582,0.103436712724282,0.128499314039297,0.419386015982369,0.150609221411815,0.0245202322407454,0.179888864636504,0.0256766477216306,0.0141285560792805,0.109527123308796,0.137503666137048,0.0749668132549579,0.0298427540269384,0.0937255437827918,0.0323761313766923,0.325381690589976,0.124889895360317,0.00762231477214766,0.0152532005596337,0.0672347429928019,0.0294298888727674,0.0723714184826315,0.114736929029434,0.0420961927065467,0.166794942929422,0.165535430682658
0.146896251010871,0.00334931474835014,0.0506004414273241,0.0308250538333972,0.0785883974333744,0,0.302716524150483,0.134344948503993,0.13131880023028,0.0659721924127313,0.0462969845709633,0.194591743262212,0.067552747185975,0.507994045737358,0.0114919382877621,0.0601199543737433,0.0532491258691257,0.115534917333444,0.11446013140993,0.110027861208851,0.0253543039816753,0.160574091794559,0.0135411074001091,0.245892278822237,0.00983887348392394,0.387067533448342,0.107443812851527,0.059259770823485,0.0456766782038256,0.0215479532858551,0.0894387170289082,0.0169740290035351
0.249075674488509,0.11627600462973,0.047580510406928,0.227792566518876,0.160400530785582,0.302716524150483,0,0.0278176272777058,0.737764762931472,0.0943265304845339,0.242113951314897,0.0663386198347329,0.132147409834684,0.126722869630375,0.0986231410192525,0.591018065910457,0.021279908767944,0.196155855282879,0.404272651776259,0.0532562764169022,0.0721995775329837,0.133612650161041,0.0231839754933618,0.150282328877536,0.0463786884176614,0.255268365560361,0.185437287182071,0.0543397608261173,0.0669329429102822,0.26394824146154,0.212514974236532,0.0411551653025908
0.280898663331188,0.391485109319014,0.363273015496446,0.08739989851487,0.103436712724282,0.134344948503993,0.0278176272777058,0,0.0737781232227719,0.114206069559952,0.00767197164339042,0.173977339676978,0.553120635697095,0.00302047284230697,0.305278474033649,0.114420828577021,0.232399955850587,0.172169625286764,0.124016592815676,0.261894536927114,0.0457225698155562,0.20025518994593,0.138352710451415,0.0835188891677656,0.00531856218774112,0.0374778303632847,0.19361770198017,0.000548870043521781,0.15285592747321,0.334853794346369,0.0728180093948082,0.0893735247650954
0.204819452869903,0.186209367936156,0.0571061395742809,0.0887243729602942,0.128499314039297,0.13131880023028,0.737764762931472,0.0737781232227719,0,0.126854518956384,0.225335672445797,0.0656930402136711,0.187534101993347,0.0486704767583189,0.143883603758249,0.928331284195803,0.00366160192426755,0.161321872871396,0.377876646781244,0.128874128952818,0.213527254099587,0.143485897085729,0.0557933729182501,0.174558081274352,0.124827059824057,0.482107409341594,0.174957502494435,0.232406294645439,0.186804856755509,0.293401709949635,0.36333558395904,0.00338651906143405
0.110767490673426,0.104264705195422,0.21228291842034,0.270538111369276,0.419386015982369,0.0659721924127313,0.0943265304845339,0.114206069559952,0.126854518956384,0,0.324791227642184,0.0922189482570573,0.0331907256283237,0.210996280576453,0.0391018521662185,0.0776378089121068,0.042726961065502,0.00394505546393718,0.0149667468969721,0.226463148667588,0.393604554957337,0.106897416231496,0.0838251649663625,0.141748585909459,0.038437069272535,0.209066137342768,0.10613118495178,0.0848015462271974,0.181397437421537,0.0122326558632717,0.0224419784091124,0.131727767208295
0.144014264872105,0.0805280971345665,0.146407865101765,0.0153294390932343,0.150609221411815,0.0462969845709633,0.242113951314897,0.00767197164339042,0.225335672445797,0.324791227642184,0,0.217447767176443,0.0418438289420963,0.0294938955560757,0.0702218468894841,0.237111696374947,0.127766117566867,0.170516939604809,0.00332286685751121,0.0737264257876862,0.190898037306925,0.0541172641250793,0.118450890491699,0.131150091974701,0.0746874157720944,0.0908301004880131,0.0362117110012498,0.223212356706756,0.377383516909065,0.0657385591679916,0.125235061652466,0.123300126315575
0.175854462825511,0.0602960184628285,0.0433271887201186,0.11411105160825,0.0245202322407454,0.194591743262212,0.0663386198347329,0.173977339676978,0.0656930402136711,0.0922189482570573,0.217447767176443,0,0.328049091591652,0.225668531299003,0.014039542685019,0.109286709505892,0.042244200332792,0.166471251316735,0.213788045897471,0.0269349279846875,0.187005250143736,0.0919362181626317,0.0197146321466072,0.117704617298859,0.0126115736557561,0.0103788861423036,0.0486192077441752,0.151065291878911,0.506910029740205,0.346370798133205,0.304465214273166,0.0101026082513228
0.301703305095592,0.455384393169061,0.282377645514045,0.0983616497921349,0.179888864636504,0.067552747185975,0.132147409834684,0.553120635697095,0.187534101993347,0.0331907256283237,0.0418438289420963,0.328049091591652,0,0.0120026108206802,0.45558937631072,0.297956426270808,0.428756616216194,0.0670645319007952,0.326444627201374,0.120732129810014,0.0023005686865379,0.134515937194617,0.314759726731274,0.100089679195084,0.068265427966993,0.0219450469048867,0.0876590912469865,0.170398448551241,0.161557971596714,0.394148751992823,0.106458083540675,0.150538046767713
0.0312030975530182,0.0803913808164685,0.0116000583263416,0.15734546488802,0.0256766477216306,0.507994045737358,0.126722869630375,0.00302047284230697,0.0486704767583189,0.210996280576453,0.0294938955560757,0.225668531299003,0.0120026108206802,0,0.0253831750283557,0.0152176236321939,0.0509169076751801,0.129222314004798,0.180470880719666,0.0138573492878592,0.0798036975138702,0.0836696474343764,0.0256485995149246,0.0230438592045182,0.00424139560950642,0.161622260769661,0.231680054586859,0.0169546059634448,0.00986756564426482,0.0158693566162997,0.0441584927821478,0.164758768893772
0.416051257605558,0.588228084389104,0.46237345228166,0.126050896532592,0.0141285560792805,0.0114919382877621,0.0986231410192525,0.305278474033649,0.143883603758249,0.0391018521662185,0.0702218468894841,0.014039542685019,0.45558937631072,0.0253831750283557,0,0.158370139964999,0.383838955892178,0.167171396316725,0.242008429626296,0.108319757681165,0.165184369525289,0.161870330590634,0.501937440806578,0.108656035133625,0.0791407289097581,0.0537946024450297,0.201567393398355,0.0193429395596032,0.0495233144613319,0.0518305031608369,0.0285468758944017,0.0598973174462729
0.196106352362577,0.162575265356245,0.034565322795643,0.0776334988212409,0.109527123308796,0.0601199543737433,0.591018065910457,0.114420828577021,0.928331284195803,0.0776378089121068,0.237111696374947,0.109286709505892,0.297956426270808,0.0152176236321939,0.158370139964999,0,0.0135345922629142,0.169649704511115,0.411676726253829,0.141918246081954,0.155648711555208,0.109517954822043,0.0677075901761212,0.122472280227198,0.209879081296326,0.454379040432831,0.126605255655192,0.356932961457361,0.203359179936029,0.39383617055782,0.386146956361089,0.016132142206891
0.295173211093111,0.572299582331053,0.525301535589408,0.0686715281925773,0.137503666137048,0.0532491258691257,0.021279908767944,0.232399955850587,0.00366160192426755,0.042726961065502,0.127766117566867,0.042244200332792,0.428756616216194,0.0509169076751801,0.383838955892178,0.0135345922629142,0,0.0375878160114307,0.230379209153033,0.0499759743332664,0.0698227799434015,0.141303894951591,0.149146244693522,0.172241592454734,0.0728286721968159,0.0503489786989132,0.0617575852444929,0.0508187203027726,0.0746961037289449,0.0595365915317972,0.10772810294312,0.429247607514089
0.049549927624467,0.0134696560545557,0.095893288369196,0.225235086598353,0.0749668132549579,0.115534917333444,0.196155855282879,0.172169625286764,0.161321872871396,0.00394505546393718,0.170516939604809,0.166471251316735,0.0670645319007952,0.129222314004798,0.167171396316725,0.169649704511115,0.0375878160114307,0,0.035178217321728,0.112747847677068,0.262403500934821,0.113401883283186,0.0234853584330233,0.00867829827648197,0.181362730094118,0.204828205325059,0.269292036428746,0.120775494237725,0.00524825888350149,0.20094253652149,0.0258742740040093,0.0292992601916897
0.265404825342421,0.368490937838501,0.181557512213456,0.190836573679689,0.0298427540269384,0.11446013140993,0.404272651776259,0.124016592815676,0.377876646781244,0.0149667468969721,0.00332286685751121,0.213788045897471,0.326444627201374,0.180470880719666,0.242008429626296,0.411676726253829,0.230379209153033,0.035178217321728,0,0.201391970056887,0.00366483409441737,0.253211354035004,0.148817652060973,0.0671391092784356,0.100979186996057,0.318230465878705,0.327354892917377,0.203998177712399,0.253730363924638,0.463283720166338,0.314030097399814,0.087110071217701
0.0432096593929239,0.0656275340588348,0.016997853854869,0.0254128299302056,0.0937255437827918,0.110027861208851,0.0532562764169022,0.261894536927114,0.128874128952818,0.226463148667588,0.0737264257876862,0.0269349279846875,0.120732129810014,0.0138573492878592,0.108319757681165,0.141918246081954,0.0499759743332664,0.112747847677068,0.201391970056887,0,0.169004547398939,0.380482248996144,0.289795056217032,0.429893798623736,0.0845335052546392,0.408465692452984,0.115119984611773,0.0373528738668348,0.0950834662492375,0.0882566745001247,0.152932145767477,0.0576079546234692
0.069177178768179,0.0282313327680769,0.229691909830398,0.0048420503285211,0.0323761313766923,0.0253543039816753,0.0721995775329837,0.0457225698155562,0.213527254099587,0.393604554957337,0.190898037306925,0.187005250143736,0.0023005686865379,0.0798036975138702,0.165184369525289,0.155648711555208,0.0698227799434015,0.262403500934821,0.00366483409441737,0.169004547398939,0,0.0624891571922651,0.0165391519828319,0.283430241062459,0.0475904999766312,0.137208012997835,0.301763651486803,0.180917577507856,0.130109683008125,0.00180331827530566,0.0511717487018931,0.00620365768252676
0.0703896535938252,0.0822817554505227,0.0127394298468071,0.107500117831605,0.325381690589976,0.160574091794559,0.133612650161041,0.20025518994593,0.143485897085729,0.106897416231496,0.0541172641250793,0.0919362181626317,0.134515937194617,0.0836696474343764,0.161870330590634,0.109517954822043,0.141303894951591,0.113401883283186,0.253211354035004,0.380482248996144,0.0624891571922651,0,0.384931269648162,0.0702283202814365,0.0181907871921605,0.155192445719952,0.0842674568645828,0.0225498921426711,0.00563111358545476,0.00101650873841957,0.118526552792701,0.0774152185909404
0.0833336301411161,0.206747649402904,0.234117193827816,0.101263898772251,0.124889895360317,0.0135411074001091,0.0231839754933618,0.138352710451415,0.0557933729182501,0.0838251649663625,0.118450890491699,0.0197146321466072,0.314759726731274,0.0256485995149246,0.501937440806578,0.0677075901761212,0.149146244693522,0.0234853584330233,0.148817652060973,0.289795056217032,0.0165391519828319,0.384931269648162,0,0.0891918820566168,0.0445032925512148,0.0396742939257567,0.064672222506512,0.00350356895426109,0.0492825758819408,0.0531741623529149,0.0287384944358207,0.0231644972982098
0.0452446858219333,0.04020951640246,0.088137756961297,0.0879156249690065,0.00762231477214766,0.245892278822237,0.150282328877536,0.0835188891677656,0.174558081274352,0.141748585909459,0.131150091974701,0.117704617298859,0.100089679195084,0.0230438592045182,0.108656035133625,0.122472280227198,0.172241592454734,0.00867829827648197,0.0671391092784356,0.429893798623736,0.283430241062459,0.0702283202814365,0.0891918820566168,0,0.0305086065645051,0.393083805909229,0.00603894507876599,0.200736657748033,0.298740681646693,0.067057518256881,0.223882086408611,0.0337008145429278
0.00166655326351898,0.117530807086763,0.0340413274931362,0.296680941821439,0.0152532005596337,0.00983887348392394,0.0463786884176614,0.00531856218774112,0.124827059824057,0.038437069272535,0.0746874157720944,0.0126115736557561,0.068265427966993,0.00424139560950642,0.0791407289097581,0.209879081296326,0.0728286721968159,0.181362730094118,0.100979186996057,0.0845335052546392,0.0475904999766312,0.0181907871921605,0.0445032925512148,0.0305086065645051,0,0.128552480722908,0.209371290794125,0.507497192421526,0.0519252928574232,0.0817921058954141,0.039126204916066,0.476734495893914
0.0589598283161932,0.00863961208219724,0.0533403341933347,0.0330265147758994,0.0672347429928019,0.387067533448342,0.255268365560361,0.0374778303632847,0.482107409341594,0.209066137342768,0.0908301004880131,0.0103788861423036,0.0219450469048867,0.161622260769661,0.0537946024450297,0.454379040432831,0.0503489786989132,0.204828205325059,0.318230465878705,0.408465692452984,0.137208012997835,0.155192445719952,0.0396742939257567,0.393083805909229,0.128552480722908,0,0.313142342334185,0.268797415995714,0.157363647749274,0.236244714239093,0.274343706366561,0.0337789735544558
0.00691061312034839,0.0911862367169156,0.233268588951493,0.084513487964166,0.0294298888727674,0.107443812851527,0.185437287182071,0.19361770198017,0.174957502494435,0.10613118495178,0.0362117110012498,0.0486192077441752,0.0876590912469865,0.231680054586859,0.201567393398355,0.126605255655192,0.0617575852444929,0.269292036428746,0.327354892917377,0.115119984611773,0.301763651486803,0.0842674568645828,0.064672222506512,0.00603894507876599,0.209371290794125,0.313142342334185,0,0.125139097068297,0.041001671605013,0.355510168014915,0.0654747985374238,0.027134640637438
0.0172149012343624,0.133624355624674,0.000530407472646469,0.123428829524785,0.0723714184826315,0.059259770823485,0.0543397608261173,0.000548870043521781,0.232406294645439,0.0848015462271974,0.223212356706756,0.151065291878911,0.170398448551241,0.0169546059634448,0.0193429395596032,0.356932961457361,0.0508187203027726,0.120775494237725,0.203998177712399,0.0373528738668348,0.180917577507856,0.0225498921426711,0.00350356895426109,0.200736657748033,0.507497192421526,0.268797415995714,0.125139097068297,0,0.254766306977179,0.223931901661735,0.220641190303467,0.204782930218249
0.0690290548850442,0.124036723857235,0.0914412992117559,0.172186243050167,0.114736929029434,0.0456766782038256,0.0669329429102822,0.15285592747321,0.186804856755509,0.181397437421537,0.377383516909065,0.506910029740205,0.161557971596714,0.00986756564426482,0.0495233144613319,0.203359179936029,0.0746961037289449,0.00524825888350149,0.253730363924638,0.0950834662492375,0.130109683008125,0.00563111358545476,0.0492825758819408,0.298740681646693,0.0519252928574232,0.157363647749274,0.041001671605013,0.254766306977179,0,0.374466248745276,0.661439684318135,0.0188660038632299
0.179924672263646,0.097627510323233,0.268435666200813,0.0985683708830154,0.0420961927065467,0.0215479532858551,0.26394824146154,0.334853794346369,0.293401709949635,0.0122326558632717,0.0657385591679916,0.346370798133205,0.394148751992823,0.0158693566162997,0.0518305031608369,0.39383617055782,0.0595365915317972,0.20094253652149,0.463283720166338,0.0882566745001247,0.00180331827530566,0.00101650873841957,0.0531741623529149,0.067057518256881,0.0817921058954141,0.236244714239093,0.355510168014915,0.223931901661735,0.374466248745276,0,0.374348907109032,0.00521660391408201
0.164962625174351,0.140748813138221,0.128805084899858,0.00587103448090313,0.166794942929422,0.0894387170289082,0.212514974236532,0.0728180093948082,0.36333558395904,0.0224419784091124,0.125235061652466,0.304465214273166,0.106458083540675,0.0441584927821478,0.0285468758944017,0.386146956361089,0.10772810294312,0.0258742740040093,0.314030097399814,0.152932145767477,0.0511717487018931,0.118526552792701,0.0287384944358207,0.223882086408611,0.039126204916066,0.274343706366561,0.0654747985374238,0.220641190303467,0.661439684318135,0.374348907109032,0,0.0389399865423499
0.0548215128558412,0.308077744784343,0.0826410527451678,0.00222099858429173,0.165535430682658,0.0169740290035351,0.0411551653025908,0.0893735247650954,0.00338651906143405,0.131727767208295,0.123300126315575,0.0101026082513228,0.150538046767713,0.164758768893772,0.0598973174462729,0.016132142206891,0.429247607514089,0.0292992601916897,0.087110071217701,0.0576079546234692,0.00620365768252676,0.0774152185909404,0.0231644972982098,0.0337008145429278,0.476734495893914,0.0337789735544558,0.027134640637438,0.204782930218249,0.0188660038632299,0.00521660391408201,0.0389399865423499,0
