0,0.00116293731160768,0.00855619826946864,0.0056239530742217,0.000260255752329303,0.00249114177550964,0.00033468967568246,0.00357808588564792,0.0081088530556828,0.000310945425385805,0.00143870480665725,0.00056300100760746,0.000437796731100849,0.000447983964539549,0.000498107497954421,0.00515558137918095,0.0043271287610814,0.00261049138093846,0.00106798857411493,0.00288741770022622,0.00024271341286525,0.00855374149566549,0.006566218638436,0.00067143292823449,0.00154066202502917,0.00080063686532858,0.000275437565595453,0.000656045831327536,0.000743362257886688,8.16525431753932e-05,0.000400117771668561,0.00415045265060886
0.00062709486618852,0,0.000352893915336315,9.82439389007226e-05,0.00119937827625676,0.00111564437234592,0.000736483173692918,0.000351171738251417,0.00577224549273981,0.000306224722360037,9.39021281588155e-06,0.000541718398232302,0.00020411597774425,0.00093392614382364,1.44395358886599e-05,0.00157041033415581,0.00837070136215938,0.00185689476671869,0.00478202805224482,0.000486844123415905,0.00152014674937312,0.000563085799297128,4.57240072213483e-05,3.91706391978473e-05,8.59398131507047e-06,0.000145532416187415,0.000125857432962203,0.000163414809189433,0.000184243754889227,0.000489520463261132,0.000558758672679999,0.00311314460107223
0.00078143282559199,0.00381710877902017,0,0.00383641977302296,0.000958470614725,0.000426178355975165,0.000236885981194638,0.00225762645332922,0.000722758874054986,0.00047348861293672,0.0007071868252984,0.00146048601383087,0.00456166175375551,0.0128659500968073,0.0040546930433004,0.000283012196788386,0.000921857055408347,0.000115285500786927,0.0031619032640961,0.000675689520068896,0.00225341395972369,0.00157790486711927,0.00178901201705795,0.000488433386828514,4.31211803607126e-05,0.000940691679539479,0.000191005737394641,0.000860888595627062,0.00101011498449497,0.000752549625015492,8.69637323677525e-05,0.000320721200947778
0.000228496316577042,0.0011241663866401,0.00819134309880303,0,0.000492926984228816,0.00148729234941814,0.00399515439777563,0.0295532605986884,0.000884130577258249,0.0140824575591249,0.0182514730235781,0.000726061795184565,0.000552322027034694,0.00206224211777272,0.00237623335393572,0.00159136592970517,0.000366297431144182,0.00198696222218376,0.00237270478435242,0.000872464677798618,0.00365143730192738,0.00309686762555678,0.0040855895466937,0.000900059601878036,0.00123348338327797,0.000836861436982998,0.00091495812193285,0.00139870893015957,0.000518712165944097,0.00101004157909047,0.00201301404597909,0.00165478499408951
0.000854419877780198,0.00289175325959057,0.00503087178666817,0.0180447720495577,0,0.000545787807814571,0.000262890213379751,0.00214513014247883,0.00073309163483077,0.00645537862443213,0.00116581189775221,0.000787467569582618,0.00246456353794446,0.00468771356237098,0.00216971344792881,5.61879695976531e-05,0.000987746996864149,0.0025092358539485,0.00122245523031161,0.00220136473450051,0.00535306211003847,0.000324569026804316,0.00026563968957864,0.00198943939077252,0.000220849105773879,0.00631993494342539,0.00196778672974167,0.000527312248220842,0.00210960585497595,0.000787453094295055,0.000288171733146902,0.00155311427338106
0.00574658831921598,0.00686298917562547,0.00173525381152743,0.00972981642814602,0.00194734070428742,0,0.00124556882215549,0.0151947932442823,0.00552569338803497,5.45668200294215e-05,0.0011160275917693,0.0004165193472299,0.00028036763873552,0.000367103038842677,0.000497448875239736,0.00436039793040648,0.000234902875339677,0.00146002592033828,0.0016060878032644,0.000107501212648652,0.00120407694280388,1.0834617200454e-05,1.73502309884077e-06,0.000376600964079403,0.00136800779694575,0.00023117589886867,0.000450745599305105,0.000160560771518268,3.27129539338187e-05,0.000696408633416558,0.000647797666169493,0.00135662820492816
0.00697192118055669,0.00148681296719441,9.86273955086909e-05,0.0415371951752785,0.0017831845827656,0.00148250493970599,0,0.0106225388677763,0.00385729984885598,0.00499279768810349,0.00362597808176387,0.000969384939273722,0.0003540948173246,0.0017989889012207,0.00276254277093408,0.000775455689876362,0.000312123149368657,1.43037827184597e-05,0.000513841628311688,0.000104786505617767,0.000813339719243031,3.35766933208775e-05,0.000420831043897322,0.000495464629076462,4.44115363995923e-06,0.000436009537168802,0.000481143289308284,0.000745581140115557,0.000879363506300827,0.00131621586511093,0.000261423864744925,0.000456968176173569
0.000223314085067366,0.000563190316742866,0.0111050143233441,0.0362060934002442,0.00459805564560176,0.00115067939738629,0.000746792400235986,0,0.00289691006740121,0.00692121663582094,0.0117574399749667,0.000689568786908435,0.00155990663550759,0.00976738760564318,0.00346182337615688,0.000152632492890976,0.00242589203932789,7.90210736669967e-06,0.000595371292240992,0.00076265651638136,0.000376393041940141,0.00160885571505815,0.00218077307300273,9.29016197858671e-05,0.000183577793134764,0.00292548710767551,0.00319332004687539,0.000468796354810939,0.000124306633977648,0.00321060908577891,0.0020611598573138,0.00152770725437348
0.0091584130949407,0.00483454240451099,0.000217426131459709,0.0111618307722537,0.003574781315267,0.011419036645766,0.0141277085829662,0.00555805803582156,0,0.000186548102622542,0.000648917908128694,0.000382101486398918,0.000848422504787161,0.0012841294573521,0.00129715758330102,0.00458964581451047,0.00354271518128673,0.00170680304514735,0.00163437479214865,0.00149122821219299,0.00252523928409666,0.00403380939293939,0.00149937415224684,0.000958589937042301,0.0018025878119998,0.00086252573319233,0.00142984788005225,0.000434141037698302,0.000500195992067851,0.0001477485247078,0.000270412873370679,0.00456072614540378
0.0011949150052118,0.00165162128673643,0.00481204775603305,0.00176685662992203,0.00564648733311332,0.00172234413563043,0.000546545120468713,0.00336752467677078,0.00328248511725763,0,0.00125705427256227,0.00533774999514507,0.000105153986577914,0.000152535984620165,0.000397659619426963,8.82580866761832e-05,0.000124761736184668,0.0012513198221487,0.00448264154784311,0.00571051812100484,0.000157363788928374,0.00121952947726078,0.0063811688151979,0.00025041703463643,0.000295769086051686,0.010826988598857,0.00279198242456877,0.00197203012542886,0.00490168986827302,0.00087492549924869,0.00244053406178693,0.000573813631850987
0.00183617453041388,0.00130881977942977,0.00285773296426545,0.00566561923300099,0.00409977666653949,0.000217105177283019,0.00208416764113827,0.0118019659482185,0.00413082723910172,0.00173096828983801,0,0.00102055010422426,0.00676072859036969,0.000886691070993111,0.00985819156225285,0.000907519330390034,0.000202940058110879,0.00210059714165929,0.00328503853607829,0.00544591058502675,0.000162457342192379,0.00351311125662613,0.00884718596016743,1.69133787620411e-05,0.000640757358471427,0.0119277158610235,0.00313925671574212,0.00739966812997918,0.00516718504244008,0.00383333403404197,0.00101128381043486,0.000448767579161688
0.000303771398895373,0.000571509438858112,0.000242232240512498,0.000806957530319914,0.00362842071777633,5.56739244438674e-05,0.000210464371169302,0.0021183190870611,0.00158095040387074,0.0121015797725125,0.00128034864181196,0,0.00113867361950873,5.78921111153179e-05,0.00257665815510012,4.66556562632345e-05,0.000566992906032843,0.000553568065813432,0.00362150526390137,0.000247255443263901,0.0027859543521794,0.000925061610713005,0.00338243564808107,0.00236092173420286,8.27888525131549e-05,0.00388091720726879,6.61802786598831e-05,0.00144659300980102,0.00527910661408961,0.00388439697027329,0.00943581981538271,0.00154623108016436
8.14408816585265e-06,0.000972840574340033,0.000871674522012272,0.00935827089844815,0.0230115787113263,0.000871129154471515,0.000514600687285783,0.00190700708093871,0.000939054235972425,0.0189443893394904,0.00105101078706482,2.09195292380043e-05,0,0.00187662855238938,0.0346931957507917,5.45752014330025e-05,0.00116493574146817,0.000167719288534016,0.00256942117216349,0.000295914773626952,0.000153136664428593,4.7293557038292e-05,0.00168490540972328,0.000248649382082648,0.000772152442343449,0.00150108976306159,0.000266424967461142,0.00893685899565727,0.000551398265719294,0.000260428184372116,0.00135207522547371,0.000973717823023672
0.000267701010654991,0.00104876308076858,0.00876112843491234,0.00372355716328032,0.00139739668996649,0.00101777580736732,0.000841094446644698,0.00348726726941564,0.00179071385045848,0.00230169581263438,0.000448963926318228,0.0021708671244289,0.00166100305868032,0,0.0283834180398549,0.00105748375214848,9.26927830541199e-05,0.000541544008466341,0.00165501880901366,0.000507746643501677,0.00023570969926562,0.00024647224780933,0.000460717290689221,5.6547233488215e-05,0.000495259473448365,0.000748582946461748,2.3845722066172e-05,0.000117264680033168,0.00250804387335616,0.000421206569534165,0.000725111478643691,0.000462536895562805
0.00150071463308731,0.00104902428307775,0.00154919202349933,0.00251833453688948,0.0142942830750197,0.000707390115510353,0.00567653093609669,0.000693440333131943,0.00123933277856887,0.00224675004628012,0.00355114735146927,0.00546440915448093,0.00981483692331369,0.00368913743532753,0,0.00343281556299603,0.000275874672933805,0.0032701491000331,0.00291685574720175,0.000539268664294329,0.00228948566002797,0.00107916124602403,0.000566692027220478,0.00186853249838395,0.00146887978270329,0.000527978867257249,0.000421552256501985,0.00623433833907327,0.00382758349668442,0.00124880749883398,0.000496171241823723,0.000271910622541032
0.00198261224356673,0.00646463623075053,0.00491902635989812,0.0130806468991474,0.0177641129095211,0.0165796766670314,0.0293117225365258,0.00386302198872965,0.0129432979628561,0.000613616289707829,0.00173071999272595,0.000749933469131926,0.00154888188967005,0.00129034822800563,0.00234679838663702,0,0.00305741114042987,0.00410271947866708,0.001014514460939,0.000220007945926751,0.00085060697688051,0.000112337154716399,0.000568374403764216,0.000196295716345067,0.00300355369191593,0.000687129788283824,0.000937393927206465,0.00027378215122274,0.000407880740757211,0.00104216590616268,0.00027306141399036,0.000136277374652766
0.00186010549883418,0.0222874985021309,0.0011721332903211,0.000924516962984297,0.00706290562271605,0.00253348247845546,0.00489146502275301,0.00103100656767223,0.00715940640548814,0.000336853958284863,2.86161721947701e-05,0.000809324286776442,0.00422108155866249,0.000157435128583737,0.00262126837033094,0.00816217723740462,0,0.00721021409447466,0.00656184162518839,0.000452900671099437,0.000313536696199358,0.000305665506121255,0.00152054504122229,0.000429545555399962,0.013513114930185,0.000198959589811291,0.000259293602307934,0.000438982049070242,0.000443198408505696,0.00104107359514502,0.000855502147984062,0.0103098125308534
0.00292013636459649,0.00678329408240416,0.000566758104146883,0.000548134081435096,0.00249707696391902,0.000393175699790681,0.0017457694756355,0.000994871271380576,0.000247643911736907,0.000803930409392259,0.000463178101371892,0.000489667605004637,0.000485383099281739,0.000594714981556933,0.00113895151284724,0.000705287972942798,0.0242575113791386,0,0.000825287647477058,0.000482199278166052,0.00512892870730022,0.000287419374400115,0.000677702216359958,0.00299905137006776,0.00327453451118426,0.000185837124878719,8.62804171678066e-05,0.000221732733068721,0.000132021225188069,0.000349544570530426,0.00162219805133603,0.00302817282944281
0.00433346467415527,0.00331248679821591,0.00487391812291224,0.00197076697444818,0.00137297009753158,0.000325379431209013,0.000195787871660251,0.000109124946120574,0.00148237215504175,0.00164311170910541,0.00569883284811017,0.0024942796424946,0.000526281008594078,0.00150968854268083,0.00155050832466937,0.000950029147755282,0.00406637507087211,0.00015578337940146,0,0.00992195631297721,0.00478985576584611,0.0105320131424699,0.00160477249171512,0.00622135573627081,0.00857999979951432,0.00120867185720607,0.00409752757044139,0.000107228051708103,0.00164360257083988,0.00473801484378175,0.000997022042766206,0.00542406084626113
0.000254072387519898,0.000172430422639062,0.00282809195734414,0.000873800047338267,0.000815981219698817,0.00221064325372657,0.000825593038604348,0.00572191299594558,0.00199565830616091,0.000146733795824931,0.00221853460630886,6.87559082700177e-05,0.00151705980694633,0.000259986216979945,0.00316633417400448,0.000738301080495826,0.00311164402921838,0.00142345938921748,0.00210535778434844,0,0.00718815068552631,0.00963901810819569,0.00894389802770128,0.00171592722252055,0.000320131726683276,0.0209035310441923,0.00758472133823125,0.00212363391000594,0.000765152794843299,0.000499901470925084,0.00185772046036129,0.000207673708602823
0.00169866270932061,0.00235545442934135,0.000433917269466714,0.0020698148925995,0.00149969778094578,0.000808396392881982,0.00101175830683939,0.00599548104587947,0.00112853214088146,0.00161663946721674,0.000683591988418541,0.00138820241622078,0.000928197359939917,0.0020871003145163,0.00532486224442572,0.000934227478477212,0.00253475738162446,0.0019919427662886,0.00335781650467208,0.00758480711363365,0,0.000540562850539961,0.000837179429066011,0.00692236881835856,0.00572475613601826,0.00398807581461846,0.00511949032587526,0.00147891082857696,0.00126156890028751,0.00446850167352589,0.000138708129871636,0.00582635244563178
0.000904265272056428,0.00143993579537431,0.00136441915659609,0.00267648826702928,0.000356408526794966,0.00377056711343575,0.00203916895003096,0.00422517969522583,0.00736856198337023,0.000377445110174591,0.000858339157086673,6.14903378038833e-05,1.77394250338178e-05,0.000456289540262253,0.00130172167718331,0.0046384544180953,0.0118632240896249,0.00296221645514298,0.013822231309035,0.00144355951454225,0.000368836136585021,0,0.00915483711261505,9.04356093259825e-05,0.000183707130144844,0.000294533215649771,0.00116511198947569,0.00158145449515837,5.80659085575549e-05,0.00125743273476014,0.000715629548088317,0.000686684533601992
8.80063036030077e-05,0.000253002905228676,1.16683588469643e-05,0.000417437479525422,0.000933475247945921,0.000570763208718453,0.00098379429179405,0.000501640615784973,0.000238558988504056,2.84334134568797e-05,0.000438235250233559,0.000302953150210059,0.000283535593945645,0.00123844049110256,0.000805174334280988,0.00116825907577869,0.0115829592116197,0.00438690784337769,0.00485749400100067,0.000909628190585146,0.00028053543800779,0.000931855483938539,0,0.00016251150442807,0.000749868483246838,0.000787789704495022,0.00378827673148138,0.000371056621971406,0.000134123169978011,0.00182975027825912,0.000154363147635123,0.000672768024459549
0.000751461094483668,0.000377398215501251,0.000195115352662555,0.000215846328812348,0.000283304313161872,0.000462379894727104,0.000375768633275049,0.00344304021213895,0.00411730205603061,0.000365439907312188,0.00272632439261854,0.00101088560745837,0.00121063670027693,0.000243115855185633,0.00187588006744298,0.00116282495388398,0.00381303350613091,0.00276729517406569,0.00533446686731794,0.00355485876814127,0.0244482822257727,0.00126621317515458,0.00110434582448018,0,0.00227135414169922,0.0138586211325939,0.00467355172936562,0.00107394847552411,0.00256446952614922,0.00112035688894988,0.00180468935041089,0.00434322283126398
0.00265935334380983,0.0167662821389307,0.00199160994023072,0.002139659122947,0.00378425720150632,0.000484653237657827,0.0040601258912249,0.00201780972906331,0.0074132259241676,0.000543500041413246,0.00127402743984083,0.00273279017266143,0.00143955049343238,0.00153791465017382,0.000915605162684284,0.000265726616191314,0.000726972158336306,0.011496135183502,0.000104653455170341,0.00137276892023532,0.000430289259624879,0.00025459558397468,0.00119095162875265,0.00054684185963226,0,3.97623184255377e-05,0.000513460060163215,0.000646369140699965,0.000806150822416934,0.00073814344574222,0.00159791676737038,2.2429431563941e-05
8.33287682013882e-05,0.000676729301907875,0.000753731120679396,0.000253500260312076,0.000324259148959197,6.34224034565004e-05,7.67823043952684e-05,0.0018727144107623,0.000345972234198206,0.00185005262635855,0.00213223991945471,0.000578149757675065,0.000608890905902745,0.000174699741777323,0.000354806413302101,2.13992893767079e-05,0.000888503193942584,0.000211793448250035,0.00109239499478296,0.000521887127275288,0.00124101134278929,0.00224858961091228,0.00360730506582889,0.0023908781365759,0.000264451141677064,0,0.00800434558060006,0.000976382216399714,0.00441672146857829,0.00108504860598818,0.00336072234621137,0.00144284909100002
0.000581468139736919,0.00119770284280486,0.00278846460579858,0.0010122604411766,0.000285606349788572,0.000607433078766792,0.000427691802833241,0.000636208251564266,0.00116437071011104,0.00310030659122224,0.0028772079217864,0.00088234301813924,0.000185407590906518,0.00014246326996493,0.000540063920675093,0.000264249368950323,0.00106233208203928,0.00100103983828493,0.00571493211963067,0.00882032409061148,0.00364719581463899,0.00268828762032396,0.00223443205053512,0.00420780988659817,0.000893812764443854,0.0194596260841246,0,0.000535837196545377,0.00852734820647321,0.000656260257555168,0.00195979790083762,0.00423316372548813
0.000321282445647627,0.000885087176476585,0.000479651596354733,0.000296081276929215,0.00104439649558174,0.000123760267207438,0.000192286751713709,0.00138656366877093,0.000550450383205467,0.0041442416390285,0.000668741972606498,0.00899174331225641,0.00234565397611697,0.000861058394154564,0.0137664189435416,0.00018505282587622,5.92827993432498e-06,0.000400016963114083,0.00625679670514073,0.00123402360321203,0.00103207460894791,0.000214299633958653,0.000113956244730331,0.000745606835136272,0.000154258664218835,0.00297344160806448,0.00152707935090452,0,0.0103433806955869,0.0110539495203099,0.00105475299715976,0.000597507730613546
0.00154943521182444,0.00172414843253245,8.43029365351662e-05,0.00130612135178632,0.000247871488079308,0.000202364726836562,0.000103866697904513,0.000188419343488201,0.00223307951890778,0.00311898618182287,0.00194179326656302,0.00239483258323209,0.00359555841184965,0.000602942751903626,0.000158919152702463,0.000138193933692584,0.00179001295821813,0.00022365469413807,0.00158298044896549,0.00253389249749127,0.00454334088227914,0.00492408042762305,0.00339330991140722,0.0139734084947027,0.00171801424369437,0.000327393358498417,0.0112479042557384,0.0234141360360045,0,0.00350346386611235,0.0233745778860569,0.00379920833765439
0.00221157877314365,7.52509747984037e-05,0.000171339691890102,6.61470025269218e-05,0.000300975751650181,0.000686440280637088,0.00109740361367119,0.000609912505370835,0.000109044918537735,0.00090008288508245,0.000210916195900942,0.00191194099363871,0.000371983142969592,0.000377586423986462,0.000457326837046669,0.000546125813794273,0.000869774953885992,0.0015675820889057,0.00151414558732152,0.00669393553911994,0.000266852981589168,0.00303848597944521,0.00373781259069022,0.000591668798391496,0.0011587369731898,0.0036435864980329,0.00275192883620309,0.0017994905402915,0.00359444906610756,0,0.00907427784248807,0.000327201759439393
0.000336971452014224,0.00131475872734096,0.00155562951311351,0.00162065705507632,0.00154399928418231,0.00056910477522598,0.00136075272767158,5.63344566911042e-05,0.000688147691962848,0.00293360060564888,0.00044094933183102,0.00552199210407885,0.00548557085215926,6.6869538639872e-05,0.000104378280405409,0.000959080849215869,0.000966478104511052,0.00222328501453978,0.00188255919980712,0.000765693540304981,0.00754949205557847,0.00043508384430044,0.00164454377534536,0.0109010902323709,0.000652786784162791,0.00412667204761641,0.00203941313265788,0.0244031013218254,0.00184056127963661,0.00208487393986268,0,0.00224034200879088
0.00139049417172342,0.00738064326047445,0.00162949422073205,0.000207821635700103,0.00509210032665678,0.00117868062945519,0.00245670611142259,0.00293939205078725,0.0022623739008198,0.00130489683124441,0.00263713817172155,0.00660069684817405,0.00176027620780479,0.00289293574404309,0.00139959338230324,0.00110284677988972,0.00774685130876091,0.00104630820225215,0.000372175965396955,0.00157316694429918,0.000727542765331454,0.0017671776061899,0.00347491981184541,0.00105386238185454,0.0124312058222158,8.7503835635746e-05,0.00205440834035688,0.000873986610358897,0.00370089327962848,0.00100494596256029,0.00086653044457207,0
