0,0.00294992225230089,0.00134926434596186,0.00520196798010594,0.00360187158194944,0.00232134868981914,0.00142368924280358,0.0029029569059618,0.00900340006748652,0.000140402560713734,0.00165470226410211,0.00388895658756659,0.00102027398759634,0.000259023259654262,0.00328031125384593,0.00366422405366745,0.00264729751661794,0.000481204195368326,0.000224790305123665,0.0033789853369885,0.00628488634650071,0.000144390670548831,0.000298732844371189,0.00306645090288533,0.00135235399571353,4.15215260945803e-05,0.0013734480911554,0.00445139220246027,0.00340206542739712,0.000548307796976885,0.000306254695266161,6.97145697833472e-05
0.00862561286081593,0,0.0091106676503984,0.000353378526252606,0.00251124844326307,0.0010677754617363,0.00185486832307339,0.000530045551464391,0.00157571712305237,0.000130485568666424,0.000863554933136685,1.1937407136218e-05,0.000657185954420896,0.00206092042642742,0.00105917863782458,0.00240685125209983,0.0039607991361748,0.0180346502282744,0.000353238454868868,0.00179890406725109,0.0043047416801471,0.00131378703402338,0.00085544860150935,0.00221736901085142,0.000332414448589177,0.000145833934187626,0.00164468101432966,9.78802941998043e-05,0.00037336167620847,0.000180127813406638,0.00087127653848474,6.74663703580838e-05
0.00296669435287206,0.000893642454545756,0,0.00447546263918117,0.00290046017319974,0.00138062040008939,0.00408739437761049,0.00156391064536631,0.00534402847462574,0.00178126038013892,0.00029296218649628,0.000296248698836043,0.000789000524971519,0.00147196355502814,0.000872504375965922,0.00244369520561045,0.00158164875075256,0.000152420185120331,0.00200944349602313,0.00139290077000059,0.000911396461463245,0.000958889383836055,0.00236677685208789,0.000173245948930982,0.00392376717021113,0.000224268587866106,0.00044313706150949,0.000143973459286643,0.000360597263726021,0.000415441825235724,2.9784728369273e-05,0.000234163865733076
0.000296591499264994,0.000295688253316936,0.00092445060588506,0,0.0031110948943658,0.00224472064355649,0.00689292977595638,1.11662147573117e-05,0.000628912826716765,0.0155250186581651,0.00478989466015728,0.00261393384751673,0.0061021918542715,0.00156837946042979,0.00110151777927601,0.00130743795374525,9.53656442710051e-05,0.000276002529654186,0.00150654162197844,0.00313731849027882,0.00131132853190187,0.00022564593300808,0.00136426762152513,0.00126211960762099,0.00143933631549877,0.000400193572179893,0.000165618650444632,0.00177798964430531,0.00166531022935581,0.000804932024701024,0.00227777127083938,0.00173363608727943
0.000405994348094285,0.00300087858338612,0.0037426774884459,0.00545814813017217,0,0.000336563640682845,0.00366917217261203,0.0188515130116095,0.00108109174542598,0.000335715096514851,0.000859325439006054,0.00131198819056803,0.00018664215836983,0.00271898941826654,0.000801298510603321,0.00127804814784573,5.93896451793741e-05,6.40075423996241e-05,0.000632583113161701,0.000341259506869305,0.00409620240186661,8.33215666542777e-05,0.00121492332184783,0.000984728203971333,0.00142169845380494,0.000312579681635564,0.000402849303081087,0.000633896023622037,0.00166736400203156,0.000997514214311265,0.00186278416410499,0.000215456702636582
0.00150651931700452,0.0053448304285515,0.00456791825901044,0.010397571293058,0.00130864167996138,0,0.0128992381387146,0.0229003357895812,0.000276369245923302,0.00256030756103348,0.00099384733824101,0.000520603371876459,0.000156637408212953,6.62955951500167e-05,0.00207721139332649,0.000114091825156983,0.000508372024855643,0.000422800891636,0.000294840376091563,0.000768370712501325,0.000585559846708321,0.000390140524881676,0.00657869893036964,0.000132366137972248,0.0038010020782574,0.000250750100795006,0.000136242042804426,0.000508488173350016,0.000242606260590566,0.000412870392980018,0.000587844855175437,0.000686232270717663
0.00222289285262532,0.00100690139281104,0.0033592630837257,0.000227711109611903,0.000208510104696796,0.000396508923186979,0,0.00578506037247408,0.00190793126023263,0.000122677194453951,6.99875597418419e-06,0.000128689065495039,0.0019834350016888,0.000500483246016165,0.000189367749947955,0.0012612530479416,0.000587395005616424,0.000189901725897915,0.000682224684179862,0.000152821822055277,0.00509707106923912,0.00179322694580277,0.000785245375208049,0.000903478027993309,0.00131172386724691,0.000392116219007376,0.00166986486378569,0.000121295722339288,0.000164270692445583,0.00116418893074981,0.000627591366526537,0.00098749969944113
0.00209804849142393,0.00531928665169436,0.00223505688795947,0.00205714000751527,0.0026375743575646,0.00726162492753602,0.00133781993723571,0,0.00863494777215245,0.00533693936006501,0.00283434560076905,0.00035102998802208,0.00761495375867156,0.00147168125411736,0.000324160055700018,0.00246711420339231,0.00336023191416461,0.00154760005241209,0.000386669401436688,0.000378377889194748,0.00025525906307428,0.000214940399097927,0.0142510666306462,0.000218072128046458,3.98497323424515e-06,0.000688771178829305,0.00391184360339851,8.27768195008167e-05,0.0012651382615126,0.000445635019710365,0.000390803215587028,0.00487662152531342
0.00308036118657236,0.00520739558380902,0.000708449093786669,0.00576886810671001,0.00217877827037768,0.0025578097374222,0.00200678156183154,0.000799512465075375,0,0.00209961536861343,0.00286477101457501,0.00260969661851958,0.000807682778237028,0.000353107233733422,0.00919454427887564,0.00094659358270835,0.00401278359435925,0.0121596093895116,0.00323520277772442,0.00112624186447432,0.00701576340251522,0.00535404891298151,0.0015172047153604,0.00176498751446256,0.00238628464925569,0.00430525425487468,0.0011005277588108,0.00417284935936498,0.00140885195550481,0.000494862887248548,0.00244710772408242,0.00664929824719843
0.000718501505204607,0.000109361520861313,0.00292275637697377,0.000219133520838588,0.00526016805199542,0.00381259879244171,0.0151301489771135,0.000947926015459133,0.00189593926166804,0,0.00855202337986483,0.00154811233790146,0.00687586063211431,0.00586392951446318,0.00284313156480898,0.00786082142061705,0.00123636787284836,0.00137160406533369,0.00073532816829719,0.000867827772434876,0.0018268845886941,0.000326545456493681,0.000996459095793408,8.12723471218204e-05,0.00269472225452592,0.000481519553623129,0.000506885281298811,0.00130799627655594,0.000298701333937006,0.00134344102817207,0.000641796618414241,0.00214255004323705
0.00123704832485801,0.00115174018076628,0.00284738591822058,0.00114960377931161,0.00243755235408453,0.00548062768474516,0.0105966484963222,0.00187734084572668,0.00374324587791832,0.0279128523670437,0,0.000714006718671701,0.00175784131313226,0.017865168353379,0.00249844675674335,0.00452166230598744,0.00160772673428877,0.00134339883374857,0.00126124993265136,0.000391788331391086,0.00127995155135193,0.0016410332812399,0.0023967649503808,0.000205534147510621,0.00087523886866522,0.000139634250701793,0.00113051055286164,0.000617403002980787,0.00295576999224128,0.000412836603709617,0.000326184179128799,0.000438546958177916
5.09217626198085e-05,0.00193889923994934,1.34672814089219e-05,0.000815830411210725,0.0010622341361311,0.000591970225248118,0.00105343349644474,0.00332760418405379,0.00105760626392667,0.00347655683652726,0.00629593782990464,0,0.0110266898370024,0.00279271521102114,0.00160035355647869,0.000610245840309609,0.000412525556795274,0.00391232509947645,0.00346975087952496,0.00131048318003674,0.0032827408522736,0.000903196425403319,0.000193891494624297,0.00319998152887603,0.000408060334879211,0.00233403753431531,0.0048646017766381,0.00128557056735347,0.00156714777037917,0.0016249514868642,0.00136769947999781,5.01013676006696e-06
0.00100243004329691,0.00159511144945642,3.88845963424132e-06,0.00254807698676633,0.00243615615182724,0.00108323919779828,0.00816351551590696,0.00559034111415547,0.000232036527626559,0.00441962762343728,0.0039430331501007,0.0045323810044364,0,0.00701525410043047,0.0167084100176855,0.00346325603851422,0.000731680666628105,0.000365205185911284,0.00146305080866158,0.000965353666245391,0.000789991567300293,0.000976809197883249,0.000849227599164239,0.00100104417743257,4.14934137281269e-05,0.00100010608112647,0.00160437887104345,0.00367008134017314,0.00216824940671541,0.000721085947960229,0.00042763950676225,0.000159679361727828
0.000216940395412964,0.000221499968641364,0.000301031946820989,0.0149449921054131,0.00731819366260448,0.00086663761181816,0.00761040692988389,0.00229595169600225,0.00078027418302982,0.00134436865742181,0.00332914136958555,0.004950634836338,0.00454777323832077,0,0.00108964194359633,0.00508474515936458,5.19677629603775e-05,0.000119958073544168,0.0011456899783002,0.00188518106171322,0.000194620117279075,0.00272940283788149,0.0002274171802898,0.000616088321749734,0.00015232677645784,0.00605348931684189,0.00318382928799843,0.00342857599209639,0.00548448207347567,0.00236471774806142,0.00505595247969557,0.00185014685880354
0.000217260326933542,0.000138200751718869,0.000585299657558035,0.00447041519359627,0.00329770814557164,0.00233315212185967,0.002617102669327,0.00643070098353321,0.00605541960497256,0.00505932132373961,0.0140807469128571,0.00947320823920579,0.00963212329551391,0.000469549530410479,0,0.00085364747489566,0.000368383903731228,0.000820279368286786,0.000458657032358215,0.00414336316281037,0.000514747613812051,0.000723745776738337,0.000333116071982557,4.16411864448881e-05,0.000983489802740593,0.00600921647659175,0.00227676817259136,0.00751388833899288,0.00482664359741823,0.000235921530671012,0.00291788909911761,1.85476833214737e-05
0.0101639284320902,0.00179356302129245,0.000225263523473265,0.00255799818351255,0.0035610488143126,0.000452340514902549,0.00537170017437612,0.00951183278783959,0.0002835701514384,5.61877695756597e-05,0.00173588313740586,0.00128450539543677,0.00380397284039127,0.000101515457605449,0.0019615719987874,0,0.00229065328786241,0.00158226918342063,0.00300957662614851,0.00017694244533668,0.00234267709608245,0.00472675610778082,0.0082068610947522,0.000116326570940302,0.00564983239260125,0.00146040064105459,0.00412645954454102,0.00232492866417126,0.00104448097777574,0.000597964872700114,0.00141526877569904,0.0104792995154434
0.00192730825024204,0.0135484587571153,0.000595895941440364,0.00879378937183104,0.00540400811746183,0.00685990169148613,0.000871244730254051,0.00622709686760501,0.0106322236078688,0.000871225508369844,0.00340670432407297,0.00215060422317945,0.00253849173311424,0.000164217507632948,0.00175902038000666,0.0038447295859026,0,0.0083911457406818,0.00447544239971137,0.00159249893615114,0.00228604406730938,0.00350304537741927,0.00454314490035304,0.000227047136377185,0.00062819193959901,0.000478837629240636,0.00151140730962603,0.00320501631462016,0.00191981733795608,7.50071603448357e-05,0.000660269871274712,0.00310449504131635
0.00326852101559275,0.00700238939674126,0.00192643381951161,0.00352591089275108,0.000132631672429005,0.00403968837526789,0.00246457618830577,0.00128616037795084,0.00294016848224533,0.00016516714141758,0.00102995811614891,0.00268030015862007,0.000879883814444802,0.000241409819730772,0.00268468635482744,0.00169876759901496,0.00370902171428713,0,0.00763684514305871,0.00613274547657541,0.00851117407625717,0.00337451020656557,2.63299400983926e-05,0.00346377758528005,0.000194770905127439,0.000476239627701241,0.00473329893678928,0.00342694098913391,0.00357444334512598,0.000440114728398632,0.000420507874216384,0.000468746991682087
0.000145100987912589,0.00939008708641252,0.000763352177259942,0.000843900906674932,0.00142725534724169,0.00261034084936095,0.000371896557413555,0.00166744253452497,0.0051718698581868,0.000688022264767553,0.000315389993598972,5.97816510277799e-06,0.000385626838271288,0.000121172441624327,0.00287147724621177,0.00118947285740708,0.00247009359432889,0.00990520634145474,0,0.00556841546179739,0.00121072049713357,0.00101490447643296,0.000862727371215043,0.00658696387229226,0.00454113778164384,0.00940286985122889,0.00631483268539171,0.000296647753654095,0.000717960769245672,0.000361572485597443,0.00730075002832025,0.00207389151156954
0.000840803485594898,0.00171938367154782,0.00265576447625032,0.00308306518485065,0.000615266832241069,0.000684131698419211,0.000836976869498767,0.000889692796941733,0.00033587527353746,0.00232664113175777,0.00284136836010831,5.03961423942571e-05,0.00420017259021114,0.000759984760962617,3.61702853692917e-05,0.000382849805811494,0.00115661632430876,0.000381980938990837,0.00318996218538179,0,0.00230587711476397,0.0023645819815254,0.0101850067744449,0.00145056570942847,0.000358210399266076,0.00263441764837899,0.000894910201261122,0.000261168739849388,0.000412780398276308,0.00463040497102553,0.00576600910353505,0.00119570874548111
3.25694999334746e-05,0.00288017769109057,0.000541809808405825,0.00119391210381165,0.00050788859789661,0.00187447830738923,7.89845955779377e-05,0.00144583626519576,0.00676788927550002,0.000559539686439153,0.000106797082790637,0.000892859309653244,0.000225285061270316,0.00143900486961289,0.000950469697522377,0.000302905151944122,4.96314906574034e-05,0.000244139409860636,0.00112739174065223,0.00812785672902622,0,0.00164255956927311,0.0111158686147846,0.0292581482932601,0.00107166790217279,0.0144446298186137,0.00531132277423006,0.000358816969339427,0.000984423103617118,0.00706217223713004,0.00238307191783523,0.00259095539456406
0.000665505599873155,0.000237694919181549,0.00263403857360731,1.94741884045484e-05,0.00238924001752657,0.00343109373979456,0.000227945367444021,0.00495549014541374,0.00197392766940089,0.00139593114249091,0.000463460781829411,0.000130600912003618,0.000831657063489398,0.000965036037479641,0.000403143395252428,0.0012398822632275,0.00445659881972317,0.0028867024566391,0.00785816068436887,0.0030027762156545,0.00213417205820774,0,0.00396250559013323,0.00476565581100386,0.028782416989737,0.000409104301034233,0.00733315056507764,0.000733645030915621,0.00012018113281501,0.000354056015907097,0.000149547981703473,0.0139039102942957
0.000334912052002369,0.000599586325791053,0.002346057820468,0.000863054624832362,6.99083116224119e-05,0.00116961239435551,0.00401005290537362,0.00386368340430595,0.00225717289979339,0.0027546368254745,0.00208135200025458,1.93344603248129e-05,0.00336512726762781,0.00169472826492754,0.000214675528309847,0.000148006989078694,0.00309337482403862,0.00189147167210095,0.00414352561923187,0.0038010775512237,0.00431070378959359,0.000870675329783052,0,0.00355438287522159,0.0278200878124767,0.000970667765894853,0.00657123418832946,0.00035193166475375,0.00072458491145735,0.000168001330174271,0.000673137449621113,0.00568488820924047
0.000572251633146063,0.000609464311000475,0.00147765476169702,3.09875195215099e-05,0.000176313604596466,0.000501575713255189,0.000331377457168647,0.000460986045046283,0.0022748543068233,0.00324450894892495,0.00170273453717758,0.000693754325099672,0.0012388847627326,0.00278547626464611,0.00043595986897696,0.000118793900413412,0.000753663800480429,0.00087447962524724,0.00534429039079689,0.0154530636796503,6.25635333944576e-05,0.000318012664864374,0.0206902749459237,0,0.00073718764998096,0.0100584442547692,0.00826002497572797,0.000990556270049174,0.000540572143039489,0.00585416575683537,0.000544963439940856,0.00111882443490435
0.0031098251506986,0.00109978466392798,0.000279087825860374,0.000492852932076878,0.000926735980505438,0.000650507109129047,0.0053175786171473,0.000408446102453586,0.000606153037313576,0.000559791575016874,2.28407889885888e-05,0.000352106273789742,0.000269952191867448,0.000630349152090545,0.000559671001889511,0.00142219421411408,0.00154460415026767,0.021281169749435,0.00248285100263616,0.0056289399176546,0.00116357835805259,0.0191061416880463,0.00300544682104059,0.00230680592709751,0,0.00414186888115619,0.00295273234059965,0.000455473816051687,5.87527092172324e-05,0.000558320106317562,8.47305314931255e-05,0.0223596248329935
0.00104237118887563,5.98370811082537e-05,0.000645699245257473,3.39131376239553e-05,3.21081586783692e-05,0.000643835745670141,0.00016216559400093,0.00011631330577131,0.00141034584010302,0.000879418369044845,0.00032632574538603,0.0020223561951156,0.000132177637904709,0.00112798408883857,0.000193605985545558,0.000174537887805855,4.08986224024659e-05,0.000445422249276351,8.91376311665114e-05,0.0200109778568827,0.000460018449892469,0.000345676349002103,0.000601213308570009,0.00569870335006562,0.000122381333935073,0,0.00563861619704046,0.000783879819541902,0.000991342605372258,0.0010760902110746,0.00344824594375864,0.000715800781991262
0.00104285028149838,0.000167275232200269,3.14823460305687e-05,6.06361076796939e-05,2.81594439947035e-05,0.00026794701608951,0.000137871840797059,0.000102832633796413,0.00123463067347733,0.000892371019587805,0.000439545280154725,0.00112059706185137,0.000368565312819529,0.00296554005761103,0.000311791093902527,0.000131822122770118,8.58453429570319e-05,0.00125164915721929,0.0051103226529623,0.0188349186443242,0.000796733202494433,0.00101521431905881,0.00103273623094602,0.00483990083088108,0.00199143592243742,0.0638690564385316,0,0.000278402195009049,0.000251892723426754,0.000984618384413719,0.00475069712342983,0.000306129075613452
0.000714600129405241,0.00288362011702295,4.8893282340283e-05,0.00277729384101419,0.000600693563753254,0.00113108304021991,0.000843603291725878,0.00448497635321693,0.00367832300986927,0.00179611218891699,0.00309127154976815,0.00490288279936046,0.00556532775901838,0.00276992959944151,0.0127597804505331,0.000158565040564828,0.000513463192844921,0.0047432709107553,0.0022341858802549,0.00326427927562527,0.00533542623393059,0.000759069239564829,0.000796485513269219,0.00191126331678291,0.00134612453434091,0.000616116567824785,0.00172812398318256,0,0.00803658086429882,0.00437407925828621,0.00174329880166121,0.000500326785058624
0.000457564510898517,0.00109160258006899,0.000209114230956814,0.00281352863261326,0.000124883819382922,0.000169109797574834,0.000134799279471273,0.000462781209268877,0.00186928109195299,0.00197870747740815,0.00504855132303397,0.00167448914444343,0.00580770064098263,0.000937454006090665,0.00247389814599915,0.000189241731708687,0.000112733438281401,0.0058497699636569,0.000713771699510914,0.00761767216992173,0.00111474970149573,0.0049685874320728,0.00276447188537917,0.00927234472677048,0.00506154858328073,0.00407127762119114,0.00247293591707091,0.00103129096019193,0,0.00168138047800599,0.00468773917062044,0.000919536639793519
0.00132719043405773,0.00136681751970446,1.54956504880086e-05,0.00034745540550226,0.000182211788077224,0.000706583726312401,0.000190997646744477,1.842983611298e-05,0.000128521837180937,0.00376430404416227,0.00119640952269598,0.000360615567914851,0.00013915226798687,0.00221321813633956,7.88381752478053e-05,2.39313525248935e-05,0.000560144274564671,0.0011620041781802,0.00929667017216889,0.00212585419776831,0.00046616147858455,7.15198976532756e-05,0.000632778647250632,0.0016372289943471,0.000530120465310893,0.00888118226067141,0.00345756434318429,0.000302974785060272,0.000215875375756591,0,0.0049604222730097,0.0002615781169674
0.00134289309065553,0.00146042270642465,0.000341082248820795,0.000588998711562669,0.000228019604572727,0.00168484212176631,0.000235325564721105,0.000603380777694766,0.000717491064902707,0.00430569536694093,0.00311436320251525,0.000209644459115063,0.00142077271834962,0.000583596123002189,0.00167615845151485,3.20144414478545e-05,0.000955880975797163,0.00266956874924761,0.00582921702224643,0.0022488209938492,0.00031285636264764,2.21392008664865e-05,0.000843600374285758,0.00152918727716025,0.000803409645039188,0.000216460283168689,0.000774648027705741,0.000112033314641903,1.72461769677669e-05,0.00195062101812838,0,0.00100458524353557
0.000776818771871809,0.00918107466712411,0.00126032110873561,0.00408798592805064,0.00296076949688319,0.0139519059483647,0.00189574321138048,0.0129464435011241,0.00526465910737118,0.00325687739231435,0.00326872640630166,3.78721564572838e-06,0.000636929985603831,0.000261549062087298,0.000623870472690793,0.00053000803618515,0.00265063047227811,0.0190181607577206,0.00407279780443698,0.00673444850724869,0.00282227691846339,0.0161830352687536,0.00193137025622389,0.00806856460455509,0.00529931633250255,0.00261847235995601,0.00212243408668307,4.39946516992868e-07,6.7508355954617e-05,0.000161543768984561,0.000559198946321451,0
