0.0,-0.004331848323409101,0.00030172740836069997,0.0002433572689349,0.0005961019639457001,0.001197272051701,0.0004909661165053002,0.0014368077758404,3.3752660531200006e-05,-0.0011042056658048002,-0.0007216000069772003,-0.0003648734394145,0.0008014972879202,0.00029194111978439994,-9.786846013669999e-05,-0.0032315652791687,-0.0002605588143816005,0.0008083843737061013,-0.00047307268858169996,0.0013045872204776,0.00014942011706600006,0.0002481385277185999,0.0029796521828381996,0.0020363973080864,0.0015160789427230003,-0.0008600132974069,0.0008742324874229999,0.0001659910446565,0.0006878259635753,0.00039958920958879993,9.596291735410002e-05,-0.0030836746168405003
-0.0010535990576350002,0.0,0.0012262037304781,-0.00033549053079840005,0.0005671979790093,-0.00014924451546059975,0.0019077830118528001,-8.444128970900005e-05,0.0009174492190403001,-0.0009348414864890001,-0.00011073667116349994,0.0008876816662466,-0.00025455854862039976,-0.00029364159742060005,9.124248813799992e-05,-1.2191164610499865e-05,4.314904109619993e-05,0.00010632539640059984,-0.00020769779088770013,0.0004630274644851001,-9.760933857280002e-05,0.0011728709927872,0.0016402265436658001,0.0018832786390351,0.0003671691667559,0.0012210796976159,-0.00027012949334739996,0.00028482342724459996,0.00020024218626769983,-0.0001859206647207,-0.0004924898645722001,0.0004216987996128
0.001173438082729501,-0.0014143935441081998,0.0,-9.707432832800015e-05,-7.453118622850004e-05,0.0009792869011486,3.8148384949100375e-05,0.00022463600061919996,-0.0018981891907765998,-0.0005578785994308003,-7.252221999500008e-05,0.0002867182319118,3.67084416197e-05,-0.0018819135889784995,-0.0017170382007221,-0.0001229557402636001,-0.0008065043017348,-0.0016959383914567998,-0.00030780310622390006,0.0009096455408166001,-0.0006359863143960001,0.0005613571433966001,0.0012811382206975002,0.0009458135461254001,-0.0008836156636777001,-3.6689323898699976e-05,0.00016504382709049996,-2.7260232704499963e-05,-0.00032155872192269995,-0.0006681666333976001,-0.0004047553428296,-0.0014597253523382
0.0028061609216693,0.003669495473627101,0.0024025914267075997,0.0,0.0011730055767471999,-0.0047008859987962,-0.0010962385376561002,-0.0017585065930146998,0.0009592477331847,-0.0029560287809642025,0.0013181327180124,0.0010311689408567999,-0.0020589120357753996,0.0009676393033693999,-0.0015152357034880007,-0.0034102340217613,0.0018009846590535,0.0048201105203277,0.0008242959377472,0.0023284928724729,0.0014045544195857,0.0021387443914551003,0.00032907113029949993,0.0027584966771530997,0.0002688442501765998,0.00012844974109580006,-0.00018818486141590008,-0.0007019958084458003,0.0033111194066447,-0.00033304869613709996,-0.0002900938122420999,0.0005924120169028
0.0004437383998995999,-0.0005225154538005001,-0.0012321783470511,0.0005160588048961,0.0,-0.00023914044700909997,-0.00018766564560999998,0.0030859624367632,-5.4123697230199896e-05,1.562359061219997e-05,0.0008856211623977,0.0007424267807455,-0.0011524345973824,-0.0009003507566938999,0.0004636976768343,-0.0008927253331592999,-0.00012428512989989988,-3.4274959414000005e-05,-0.0012523968212792998,0.0005183052930030001,-0.000291707917194,0.0002742831678620001,6.418809908420001e-05,0.0006913584733864,-0.0006624811074508999,-0.0006419913023137001,-0.0014765278816195999,-0.0012938111222826,-0.0010430905845827,7.65129054010002e-06,-0.00047053239437399994,0.0003037039337659
-0.00027596946050229996,-3.532383120919986e-05,0.0013675656119770995,-0.001891489189006,0.0004949468101859002,0.0,1.619308028850009e-05,0.0019602049807500004,-0.00041653381701239997,-0.0011099810822930998,0.00029264274181959996,-0.0004742391306179999,-0.000582971987905,-0.0016514395643404999,-0.00047828171697990004,0.00042732528167860003,-0.00018122363586359994,-0.00047955465628939965,-0.0004233686689726,0.000419348879801,0.0007849834517672,0.0002604580740414998,-0.00011038131188730006,0.0016590557398559998,-0.0005326679449559,-0.0006146374548091,9.865603582130005e-05,-0.00039968507635790003,-0.0002784225009674001,-0.0005114960889459001,-0.0010877274287652,0.00032034829934200006
0.0002153760254358999,-0.0006796641724936001,-0.0024204036107859997,-0.0007816896625078,-0.0017819974283130998,0.0013899793636717,0.0,-0.00040475087369679997,0.0003905478935186,-0.0007365574006505998,0.0002554760534424004,9.676828240850013e-05,-0.0013825609832569998,-0.0011651345602471,0.0004848948046616,-0.001379502475315,-0.0001937659170423,-0.0015957754664358004,-0.00028487772497390014,-0.0010683778444126003,8.590989883549985e-05,-0.0013786725010077002,-0.00011388173228259993,-0.00015501338223219995,4.780197932040004e-05,-0.00012659059406470004,-0.0006773066083369001,-0.0017640732174556,-0.0006211536645891,0.0002584046210604,-0.00041741427354429996,-1.116084231249999e-05
0.0003550735423898001,-0.00175261173777,-0.00024929103967740005,-3.882298161389996e-05,0.00039481956071709973,-0.0003194035507645,-6.718313483850013e-05,0.0,-0.00031165485245730003,-0.0005928571931237,0.0012575399678782994,7.947556828989991e-05,-0.00028383395944120014,0.0002666831285513,0.0010205835651348003,0.00011301699635489991,0.0019670882363107996,0.0015823915071044,0.0002157497025208,0.00011489147728360001,0.0006356235038072,-0.0003828051073901,-0.0005512476760142999,-0.00021048224940849994,0.000248963270289,-9.499805169999303e-07,0.0001653270072557,-0.0001853924036484,-0.0008461664153775999,-7.729095236119993e-05,0.0004199420487943999,0.00045850076863829996
-0.0010326528053222,-0.004126440157060499,-0.0010838431149933002,7.720943164870003e-05,0.0006264670051812,-0.0011482162854017,0.0004992719992898999,-0.00013219617541700016,0.0,-0.0009670020166282001,-0.0004124476409181001,-5.398358272680004e-05,0.0013690768431949998,0.0007507649488793999,-0.00011032504070170002,0.0009756265273812999,0.0008554979850704,-0.0005102891500527,-1.3587811763199971e-05,0.0026423863222527,-0.0013973421105985002,-0.0022869905585487,0.0004669972097819,0.0029393475216402,-0.002621943327900899,0.0005999607079075999,-0.0004963781255183,0.0007798183389402,-0.00014594836690919998,-7.198707382000125e-07,-0.0008277653778042,-0.0029749779324484997
0.0022819428616680003,0.0015314792029003997,0.0008738686902019001,-0.009297769653551897,-0.0021463706341018993,-0.003510251025177699,-0.0012109895619977,-0.004835196417289703,0.0019160284190677997,0.0,-0.0027123555822772,-0.00011551349833790006,-0.0017663894083191,0.0005690811888717001,0.0001719541387258999,-0.0047264102601262,0.0003085696196945,0.0006948708570143998,2.5205994806003565e-06,0.0010903193029518999,0.0016894071318873,0.0005418372298414001,0.0006463113685738001,0.0016731596364443003,-0.00013859219218299986,0.0002341359919041,-1.1859900722899826e-05,0.0009889700999100005,0.0011959412092825998,0.0012255416557457998,0.0005926360246182999,0.00021988888722049998
0.0006417009965836999,0.0013232686817237996,0.0004854384130036,-0.0020820249743645977,-0.0023318309080251004,0.0008598147571714995,-0.0014727581042778002,-0.001595514412220599,-0.00025950191102599995,-0.010124529025621401,0.0,-0.0007785302545962002,-0.0010813654904041998,-7.140710618689988e-05,-0.0015120515836852004,-0.0018036923771912001,0.0004072148874247999,-6.739398814280002e-05,0.000598318641871,-0.0005634506940132999,-0.00034341267250640015,-0.0015806062853222999,-0.0006797097711599999,-0.0007124526311944,0.0006493944112840001,3.127962318409997e-05,-0.0011446049754407998,0.0001193198146167999,-0.000521522622572,-4.102581872559999e-05,0.00035379758882560003,0.00023410810893159998
0.00015988445534089997,-0.00034371906993070005,-0.00018015545407819994,0.0005399656338098001,4.918683905469996e-05,0.00030244477883390017,-0.0005855872539611,0.0008674311213505999,0.0004085896056796001,-0.00041296743989679995,-0.0010078283170132,0.0,0.0005302365132106002,-0.0002590417344144002,-0.0038686132084683,-0.0017147787150421,-5.802215400079998e-05,-0.0004057799273513,-0.001348374992027,-0.00034806229634889996,0.0004596371221607001,-0.00031060017221489996,0.0004050966909046,0.0002540879189077,-0.0002918742192886,2.6028511184700027e-05,-0.0007360613210599001,-0.0008567752474597998,0.00026027949434639995,-0.00048496881489159985,0.0003197986797391001,0.00017600341174260007
-0.000477209764466,-0.0027803954289625,-0.0006723549523627,-0.0006159036688507999,8.61485149252e-05,0.0004885292900826997,0.00020108589064290008,-0.0017804959309633004,0.0017974884135097003,-0.0003773944905794001,-0.0009584008606780998,0.0006087606730416006,0.0,0.0014483405371228998,-0.0033881169505452996,-0.0008850774408306998,-0.0012180592430512003,-0.0008744294456276999,-6.077801185630006e-05,-0.0019005928451375,0.0043638602422178,-0.0016104322921322001,-0.0023573173358876006,-0.004452919739898,-0.0013523001057286002,0.0003374175311208999,0.0008392645530267999,-0.0022368983371833014,-0.002872782174400401,-0.00021078394339689996,-0.0017338376786127001,-0.0006415131612143
0.0008704516675697002,-0.0014083133811783003,-0.0008218170183374,0.0010147424163648002,-0.00022498870695959999,-0.0006094710539731,-0.0012034706901712,0.0006763933121327001,-0.0006850270174618,0.0012767422467781,0.0021906601255217,-0.0005252783578063996,-0.0019968716044144,0.0,-0.0006008288135716001,-0.0006826105563061999,-0.0010626545099332,0.0010285965545723,-0.0003302305556352,-0.0022482324492959,0.0003231460744798,-0.0028949606958276,-0.0008240118169601,-0.0034543329605946005,-0.005625013329145999,8.676973116020009e-05,0.0005935032481717,-0.0014205670741553001,-0.0018211980196810996,-0.0012708966664332997,-0.0005621265374801999,-0.0030038371782652004
-1.864222027099993e-05,-0.0020970354895489002,-0.0014077150844111,-0.0015427992431419001,0.0006498076256293999,-0.0002638271304763,-0.00044826785007039995,2.504990117029992e-05,-0.0002835345975756,-0.0011090181569105,-0.0002816076838938,0.0006499502900650001,-0.001037518541389,0.0024624282584569997,0.0,-0.0011297220867275998,-0.0009042058327998,-0.0010487075808154,-0.0014712470502071,-0.0007074358690859,0.0007358527759682,-0.0008709638169781,-0.0018237624720942999,-0.0015185443126913998,-0.0021946295476637,-0.00041400851322329996,2.6394538884300144e-05,9.401339325660002e-05,-0.0009214941486520999,-0.0010187108682791,-0.00035622886656739997,-0.0008115891194702997
-0.0042849625411737,0.004751807132177099,-0.0008158009192262,-0.0005948168276080999,-0.0011014350117220999,-0.0010508612056479,-3.950299303479986e-05,0.0005751850714969999,-3.414481226349979e-05,-0.0013975449443408,-0.0017409567080624,0.0010130431035816,0.0010709123095844998,-0.0002054696929137,-0.00021487980384070002,0.0,0.0008324330666132007,-0.0027301806221085995,-2.4940284119299907e-05,-0.0010234126706429002,0.0045806719367214,-0.0011081274100331997,-0.0007644276934524,-0.0008478439756956999,0.0053726995878126006,0.0007543657891255999,0.0010999279284976998,0.0017729864455474998,-0.0009089479158466,0.0011852635409657002,-0.0012555242767183998,0.010287400497480701
0.0005630892748558999,0.0006122384160501004,0.0016727586765479998,-0.00014053889141929998,0.0009793394052237995,0.0030389765548181,0.007147516295250101,7.30416988928e-05,0.0014572522883988,-0.0003353389914248999,-0.0003754279846281,0.0003015295274287,7.657587551319997e-05,5.937251871189996e-05,-0.0010662885245155,0.0010761845772157,0.0,0.0033782045771281006,-0.0012478144712836999,0.001167509944327,0.0005905149600517,-0.000353768134929,0.000467888436975,0.0007236252926709,0.0003713288389821999,0.00039355224231329977,-0.00011290019666560002,0.00011439300122700002,0.0006472779774849999,0.00017884220541869997,-0.00013076688023669998,-0.0005193644867413003
-0.0008963045439467,-4.910418534960015e-05,-0.0016307570962636,0.0007657582142002,-0.0003737759978949,0.0026716543775238,0.0013879071915031,0.00011845078725580003,-6.246978407700027e-06,-0.00032496434897730003,-0.0003699345765849,0.0011862840474463,-0.0003640900935365001,-3.641422174610002e-05,-0.00019745247187559988,-0.0004772708128677999,-0.0005681974155059,0.0,0.0032426913280591005,0.0020235649653004006,7.166898210039991e-05,0.0020405802418357,0.00217747155501,0.0018912553021078003,-0.0006598666864928,0.0021445821960022,0.0005512703709513,0.00018989990330290003,0.00038555397224890016,0.0003900507702992999,0.00030686199087319997,0.0001180859684268
-0.00018821524228969985,0.0002888321814982001,-0.0006870625165045001,0.0011183127446589998,0.00027873376452299995,-0.0005218905213918999,0.00020827656522620001,0.0011517969906171999,9.151358339001044e-07,0.0017535010221099998,0.0002834726640945,0.00029896998207380016,0.0008565245832246,0.00029711557784359993,0.0016350636758065999,-0.000585714312223,0.0005272201724339999,-0.00023300894741729982,0.0,0.0008911443323786001,0.0004744418424698,-0.00041985889749390006,1.238633225769995e-05,0.0006230032570027,-0.0009580335704426,0.0002710533843616001,-0.0004209607347608001,0.0010849840096736002,0.0004113858456515,-0.0018142944917337,0.0003683855097137,0.00023450353376830001
0.0003253785238652,-0.0005427150056264,-0.00036423492657120004,-0.00046440189435129997,-0.00014313977039570006,-0.0009601650520654999,-0.0001495237942619,-0.0013374510874321,0.0020544725080667,-0.000419110943482,-0.0011990821449338,0.0005611084381457001,0.0010237888048494,-0.0001967474526114,0.00012957233274060005,-0.0008493464962486,0.0003923416848750998,0.0017529047818365998,0.0008165756138102005,0.0,-0.0027333580917953005,-0.00018624862096550013,-0.0009840302650091,-0.0007284198387955,8.539318565609999e-05,-0.00037738752016050004,0.0006046699999620001,0.0017157500313345999,-0.00027706219399480005,0.0036857339544163004,-0.0012193633264973,-0.00012528328298580006
-0.00016216833615209994,-0.0012270686514842,-0.0006703933255963,0.0015610070861785002,-0.0003396391773824001,3.02073789632001e-05,-0.0001600969763156995,0.0018818231499534003,-0.0012911007106923998,0.0010670134374708,0.0005632399845353,0.0015375243010578,0.0019839183966102,-0.0005664544764387001,0.00032065950275249984,-0.0010809879507041999,-0.0018213502167179997,-0.00015149574848239995,-0.0004259090644042,0.0023587449315751,0.0,-0.0029763961689755996,-0.0005305584062477,0.0004886721830664005,0.00035770312716950064,0.0008371070112473001,0.0041188550067226,0.0027516831132158998,-5.059739139300079e-06,-0.0010270214214175002,-0.0014773893623396001,0.00011162422067370007
0.0011431895315529,0.0009838011033346,0.0001934658734768001,-0.0003096442518356,0.00016070251543750017,0.0008246288028474001,-7.783506632259981e-05,-0.0005670129678863999,0.0009602040890780001,-0.00032992862387710005,0.0003004028168726,-0.0005587100630653001,-0.000362180627677,0.00034038354582879995,-8.544330708020007e-05,-0.0002806195528575,4.460150786079987e-05,0.0030278438660373995,-0.0004682664157929003,0.004076874511159701,0.0008025413372825,0.0,-0.00015675891210109995,0.0035936410871815995,0.0035469654883012,0.0006395210163687003,0.004091838982691699,-0.001220918408353,0.0008186050860200999,0.0010830351859808002,0.0019565670074907,0.0009152790129650999
0.0009750640349929,-0.0004327874068171002,0.0009504635108277999,-0.000375287460204,0.0004138885402347,-0.0008222988883941,-0.0018422595950359,1.5517942958099998e-05,0.00025903512195680004,0.00010095292240230001,0.0007700701530500999,-0.00015939231861780007,-0.000683191393909,-0.0010116945490993,-0.0003765495463019001,0.0009241681400876001,-0.00019289073740769982,0.0001497540366090001,0.00024983673200229995,0.0026055575206004,-0.004116449217913799,-0.0034077650108078,0.0,0.0029460779177622994,0.0003843321951246001,0.00039508256100900026,0.0023310502962554,-0.0008689795648867999,0.00031809897472140006,-8.59677387796999e-05,0.0004854524208233002,-0.0030842883580258
3.701318554510003e-05,-0.00027816587992179995,-0.0002784796930585,-0.0003553194614473999,-0.00041472062768710004,-0.0014666611439142002,1.4999971233800005e-05,-0.0014454488505931,0.0028522140251777,-0.00044008199059949993,-0.0009713724544055001,0.00018308104124790015,0.0014702841132685001,-0.00033845208858079997,-0.00021628861434550006,-0.0004441182999762,-0.00044822022235620033,0.0010756304742254,0.0009133141531242998,-0.0014015443633426,-0.0011910626105239002,-0.0003874038531506,-0.0006426718806436006,0.0,-0.0014819127220360002,0.00015678488281320024,0.0005830254392292999,0.0019980035832892003,-0.0006015325742898998,0.0024250129285482997,-0.0014398672655806998,-0.0005775378232029001
-0.0048691973719360996,-0.0016060775466056002,0.00014949446600040007,0.0017171414917528,0.000525724458897,-0.00048587411772439996,-0.000914433821124,0.0002605064278236001,-0.004708004348004499,0.0004852406603041001,-0.00016457908281030005,0.0006797319013234999,-0.0011532581191069,0.00013515127616620006,0.0004744292305762,-0.0028784101179747997,-0.0017101946009419,0.0009295681004334001,0.00023839365922119992,-0.0012663924471706996,-0.00024878343594739996,-0.0007342880368486999,-0.0055767536272602,-0.0023745342068959,0.0,-0.0003274645742258,-0.0020451732158318003,-0.0011993223205540998,-0.0004990723992590999,0.0006155451854878,-0.00016723040808470002,-0.0002981439465278
0.0006281489130853,-7.264690225790001e-05,0.00018687764435050005,0.0012319139519644,-0.00020835960783299994,-0.00035920295718329994,1.705280892619999e-05,0.0011824884298625004,0.0024409632807054,0.0013934577648113,-4.823154271059991e-05,-0.0003536750608801999,0.0009068613253829002,0.0008758026261109001,0.0033574258407705,-0.0008182093203332,-0.0004285672030631001,-0.0002632757095170999,-0.0035346214238862,0.0026454284995716,0.0014476845813821996,-0.0008459547604086999,0.0005857231039072999,1.0550859838899963e-05,-0.00018389848571949982,0.0,3.2075474166099946e-05,0.0014068160846148,-0.0006928640506684001,0.0020421696322223994,0.008624682338108002,0.00016937019629979983
0.0013281625168767002,0.00013860300191750018,-0.00042717800650770004,0.0002470491028775,-0.00037423554245389994,-0.0003817518305936,-0.00018336088124420004,-0.000334402319251,0.0017569558791936,0.00045890267262410005,0.0002929186023121,-0.0012716571971279002,0.0011738997656713,-0.0005409187894295001,0.0009767974415741002,0.0003907249382657,0.0006954138820343,0.0017688583969536,-0.00046459618122380014,-0.0018510926059705003,0.0002558974064566001,0.0018345645307079998,0.0007869424488779,-0.0026764034298796006,-1.2121296990999855e-06,0.0017371410580914004,0.0,0.0007083343080788,-4.166458788709996e-05,-9.02320445045e-05,0.0018126574828000001,0.0002502943081631999
6.709600424209994e-05,0.0005347932346605,0.0005650016838362,0.0004645337703808,0.00012228225923260005,0.0005134280161325999,0.00031059114911419997,0.0002764241352865,0.0009199465862960999,-0.0002857481013446001,-0.0015367147758295998,0.0003361698620093002,0.000831816602019,0.00022629355727650014,-0.0009096545478754999,-0.0010632385656974,0.0005605692234973,-0.0003217940606175,-0.0012209408844161,0.00021751413780660015,0.0001882487398731001,-0.00014028978830979996,0.00047821636927709995,0.0011279590275957,-9.048844714679995e-05,-1.9834134855600035e-05,9.247374525480002e-05,0.0,0.0008889038918603002,0.00011298897496209983,-0.0008917715828795,0.000635948905383
-0.00019587622022970014,0.0011091131404677998,-0.0007007530142766001,-0.00021059088828539996,-0.0009177785824826001,-0.0003406885559749,2.4548196148399927e-05,-7.92680800008e-05,-0.0012883415038575,-0.0010752122673872001,-0.0015378822553395,0.0006668557826548001,-0.0022384994945447,-0.00047057553164910006,-0.0004047645212152998,-0.0008453383694084999,-0.0007798954442834998,-0.001342308786785,0.0002442231335517001,0.0012874524269013,0.0013882004723616002,-0.0016574326939548002,-0.0010960562215258,0.0014590893945849999,0.0007923223217779999,0.0039513242262146,0.008916117757543699,-0.00013886183587540003,0.0,-0.0008505585940386999,0.006795233726921502,-0.0005079335926838
-0.0003692565479774,0.000806210467621,-0.00044501320273239995,-5.784028773189991e-05,-4.751720284300082e-06,-0.0003360830581891999,-0.0007173311865760999,0.0003501645104372,0.0005940708944059004,0.0003686392003697999,-0.0001689323942309,0.0005956762728436,-0.0005887656076926998,0.0001838929079146,0.0008993442568398,1.8043363552799983e-05,0.00031953483594300005,0.0007436324527954001,0.002863915311031001,-0.0008913095366845001,-0.00011769768990789985,-0.0011243337653503,-0.0023417785970625002,-0.0009037480651912,-7.342147828270007e-05,-0.0011652819902383004,-0.0012682811016094,-0.0001303696566958999,-0.0011993596654309,0.0,-0.0005234018722841006,-0.00035920498558340017
-0.00012466508384700002,0.0003473474195409,7.332832302009993e-05,0.0002722420213441001,-0.0012812539226254999,-0.0004865649773485,-0.0009648462250383999,0.0004048240153732,-0.00048633614643289996,-0.0006413493444862,-0.0010826473833658,-0.0002321620249852998,8.652527759339993e-05,0.0006258396252657001,-0.0002444122757757998,6.643321565900001e-05,-0.00018115305878599992,0.0002504459270542001,3.7177723541000334e-06,-0.0003796927510705001,0.0008628357540994001,-0.00041481454308230005,-0.00045262276004419996,0.0003326770197658001,-4.040093643060006e-05,0.0033691004927335995,0.006520091300644799,0.0008905384361210999,0.000170081586823,-0.0006816211496190002,0.0,-0.00047670501498249995
-0.0037525646008628004,0.0007729287452526001,0.0010120571914193999,0.0014810030239271002,0.0006359809039836999,-0.0007191502162634,-0.00013249708137429996,0.0003722286459346999,-0.0002539281170808001,-0.00022778930924389996,-0.0016666104417836,0.00034012957584669996,-0.0014967132354492,-0.0005106587765772001,0.0014333954349423001,-0.0025769049446963,-9.195605487250002e-05,-0.0012147873071414001,0.00047069801854819995,-0.0006210859669204998,0.000302907752701,-0.0035853476760493,-0.0012693334900872,-0.0019923974223857,0.0003770471137644008,-0.00025712780156940005,0.0004637588859366,-0.0015964858399787002,-0.0004320839904688999,0.00045689823240830014,4.908415075899992e-05,0.0
