0,0.00707667678797983,0.00435676496611999,0.00165623339919018,0.00133406529916223,0.00132870024957227,0.00140067423280979,0.000872526134416722,7.27543837612656e-06,0.00139016187272238,0.00040251750230472,0.000210400432302622,0.000171529838684291,0.00103102853497061,0.000421900940043746,0.000100612763473127,0.000739062204089305,0.0063460857837888,0.00215418712378994,0.000561887445307141,0.000965175563981094,0.00306396684269166,0.000805253589989815,0.000607725387600472,0.000310439682348921,0.00011124419851392,0.000640128772253566,0.000130185079192306,0.00081122207286114,0.00170976636546497,7.86287778969421e-05,0.000870464083626599
0.000998112849584038,0,0.00095251999204692,3.544006953428e-05,0.000818441779870242,0.00845325818622284,0.000317279992329418,2.3605346483244e-07,0.0066242617924007,0.00339801549078274,0.00212459360704512,0.00133543816927881,0.000122613663305111,0.000766393105272717,0.000494787725919979,0.000461785287292602,0.0035978543746033,0.000867447237478462,0.00061955887684196,0.000420630041974277,0.000670449899120243,0.00251971009333528,0.000554211279068835,0.0013315831733174,0.00103296955301509,0.000601854687317995,0.000940635580804522,0.00091940774447815,7.22147527410464e-05,0.000243980630661708,0.000520365127278152,0.00184407688289213
0.00211839092420515,0.000814515408105054,0,0.000598020755799459,0.00016560205704638,0.00244887930171995,0.00123003140018132,0.000466385104959253,0.000135918293215648,0.000481515699045435,0.000240453649364164,9.33236583485198e-06,0.000748987169523593,0.000604147954882072,0.00354921586792043,0.0015190383219467,5.37602430336356e-05,0.000350095527707468,0.00253816596771163,0.000600479703336819,0.000690620212069965,0.000149408514739862,0.00125706409362107,0.00130845812191253,0.00169679017500717,8.1966983016785e-06,5.85888974662161e-05,0.000386779759463017,0.000122468586687338,0.000316012641004875,0.00493133195014997,0.0024381705902539
0.00453954029636513,0.00115176107041738,0.0190125913862419,0,0.00176787029362382,0.0014714237155002,0.00459535468519221,0.0159882247844118,0.00109710746129778,0.00109103347528464,0.00280740621567387,0.000841588073560108,0.00490532650289174,0.00556563542960117,0.00116513118514515,0.0011762796133491,0.00207233068405978,0.000261359569545615,0.00431357562007537,0.000750021543340467,1.6902312387884e-05,0.000163483291949943,0.000490692994263384,0.000635861176089068,0.00221941989523168,3.22037911429095e-05,0.00128416776840398,6.01304071736643e-05,0.00130549877037887,0.00012161555580841,0.000440021915040907,0.00301817944997096
0.000990761076819955,0.00197185782666871,0.000156408695163206,0.00162931492407645,0,0.00355655468371102,0.000758828562866639,0.000913433754363788,0.00135781454491341,0.00507626635480264,0.00239363480115654,0.00131883309097439,0.00461285189424495,0.00230209694691689,0.000893567806710356,0.00253820356671941,0.000309004394529844,0.00357945974430217,0.000436731913868489,0.0019371900949676,0.0012124120833839,0.00619781660105974,0.00429256816141903,0.00131297915324241,0.0012372525495944,8.06531095052702e-05,0.00279919041039411,0.0022499817643969,0.000803939284342723,0.00134269518353994,0.000253391004989052,0.00864690575671797
0.00230355561915235,0.00223319659761455,0.00711135481023532,0.00998538830801346,0.000927470332363335,0,0.000102623196249959,0.00671951524500747,2.55681967142734e-05,0.00267257400967736,0.000467111962589201,0.00312749960332224,0.000867332547319767,0.000112073869696079,0.000637757001477101,0.000772338159708995,0.000112581613657737,0.000323030532880127,0.00027403086303478,0.00189901958377514,0.00188342577047674,0.00124030068582562,0.00111640506505772,0.000217952882339622,0.000885420129253088,0.000948738938879707,0.00403698441582216,0.00184386276137744,0.00135339545206273,0.00504965673931444,0.00174694275502606,0.000561347356496749
0.00140662514085152,3.30088599950734e-05,0.000748266341353381,9.7411810532407e-05,0.00129967592249769,0.000830368448564221,0,0.00276512113358021,0.00841494361340118,0.00292435245194902,0.000892528968503005,0.00104978007866669,0.00208202081779375,0.00195016309840315,0.00135612149524258,0.00200540234785627,0.00261049793066074,0.00247810174474076,0.000253661892224655,0.00139168187233474,0.00216139855542381,0.00361297326477135,0.00398678282849044,0.00223837334664313,0.000204717680039226,0.00230586466602273,0.00150115961759368,0.0027062863203749,0.000739050726961064,0.000753603651185107,0.000811343267966117,0.00640150778792911
0.00129627510064783,0.00234620192507145,0.0117498995888621,0.000846206744800837,0.00503006644219757,0.000765672901325909,0.00347635578542034,0,0.000350393523604405,0.00164816459390122,0.00779594057838667,0.000173541865871465,0.00706601882524313,0.00551644379380413,0.000586537173927189,0.000137661753810239,0.00117827365391006,0.00201069544890648,0.00255811823555263,0.00289360149563762,0.000384547798442633,0.00230393686093068,0.000553806504874154,0.00201198649749914,0.00484206765852661,5.8859143491907e-05,2.11249472319211e-06,0.000599786199122944,4.37433184612232e-05,0.000779590470887239,0.000252294656510051,0.00134067264922642
0.00461886404336468,7.4969277817252e-05,0.00209923207750566,6.68027334025974e-05,0.000120261910104493,2.12180644256516e-05,0.000750649826036895,0.000417344314508692,0,0.00219965357455169,0.00103795345450449,0.000979925450821799,0.00119860960710811,0.0019780695862798,0.00143907460820813,0.00685792841057465,0.00861836594057794,0.00352543266609419,0.00116331433410233,0.000292593652387946,0.000479056831858747,0.000496368806515742,5.97187537360571e-06,0.000989949953231941,0.000604670895453852,0.000404900334073023,0.000727943759240271,0.00175307753728913,0.00115240299167203,0.000204028593232364,0.00102689029482446,0.00279373376755515
0.00301651764358003,0.00113915120920631,0.0113041477041963,0.00266444423422477,0.00617295306753195,0.000714379435211964,0.00175317852137176,0.0145781780385467,0.000165578429005682,0,0.00164900479406279,0.00296028905317584,0.000751658611595644,0.00155796628517889,0.00785016518797947,0.00134924581520027,0.0033576202980869,4.55425798152058e-05,0.0018917901890709,0.00265671522714582,5.40922710328964e-05,0.00106307773590129,0.000122621671824046,0.00169522290132125,0.00165457892769175,0.000712139082172115,0.000743181132684015,0.00191451736717999,0.00135954860278509,0.000696845191412776,0.000202606531390626,0.00117263420937613
0.00258581101445109,0.000756667465911776,0.0100004500847962,0.00184166964250241,0.0111350969988811,0.000122356350618033,0.00623696805014512,0.0137389912994056,3.94209077159207e-05,0.00605738326317158,0,0.00234351189031205,0.000480377048665778,0.00680233092815464,0.0129451666331496,0.00248547729146536,0.00203334396452307,0.000103773806712292,0.00112921648704108,0.00258782478193494,0.00021578950116519,0.00122805775004082,0.000454661756699229,0.00375042137484968,0.00187234553091845,0.00284436950179581,0.000566533417812004,0.00239312242302852,0.000932739905332116,0.000796488509161714,6.79681957457572e-05,0.00101700785473557
0.000613279670184919,0.000446293250679333,0.00774349240659997,0.00264308462829255,0.00125279497836875,0.000544901015165245,3.21334959605471e-05,0.00130026177882527,0.000115211373749468,5.41741633905482e-06,0.000111305660956503,0,0.00890340692387029,0.00416749357496387,0.00145599437980081,6.258020542299e-06,0.00173876569671531,0.00223840520853143,0.00160892572686807,0.00253009581002539,0.0012939922159903,0.00155593993686603,0.00359970219436051,0.00249469747705624,0.000362272971841473,0.00226330175721563,0.00022449221421682,0.00517937257626914,0.000430357416252476,0.00478057784632575,0.000982151634954747,0.000458778988622594
0.00035969131458604,0.000610847129450554,0.000352131055526855,0.000317375774468057,0.00091296082326484,0.00138092730897344,0.00431827908182604,0.000113941651512794,0.000176574955578858,0.00497488310718865,0.00322973082252863,0.000491952179959658,0,0.00154172519658239,0.0035902704270783,0.000775644189660465,0.000239593448403706,0.00249825101275883,0.00013876588718476,0.00148591973845463,0.00122285912321685,0.00285412884248086,0.00137050904343598,0.00111469602096806,0.000537248319388928,0.00242140011740955,0.00818743806178829,0.000210911053144713,0.00258289128539021,0.000472623690946464,0.000568829204324643,0.000160685594253166
0.00223115553279352,0.000147824728259709,0.000347593581761888,0.00777125084689521,0.00107892285604544,0.0015622458889606,0.000758220587746801,0.000575934250709575,0.000457556829360627,0.00729346603257119,0.00807405015323794,0.00325932791110344,0.00115488586658282,0,0.00163071738762555,3.26411119115931e-05,0.00146931982983042,0.000855182246157771,0.00029769792703174,0.00094572618848025,0.0012341812234968,0.00249878889453905,0.00108074809346618,0.000114624403603612,0.00151425320785435,0.000459721931238936,0.000248244387143229,0.00240924146609176,0.000116887944052487,7.89087222495692e-06,0.00617503942811758,0.0003021278828201
0.00461836950585066,0.00025630433204637,0.000620415784751371,4.20548166872739e-05,0.00052534995527844,0.000745529085058146,0.000372887129895431,7.3886250221399e-06,0.000995723535726088,3.84973511820267e-05,0.000237559361719308,0.000420712017186076,0.00148315688692499,0.00288813596847716,0,0.000317254344553204,0.000925226693153995,0.00178828307618924,7.85350766184393e-05,0.00665207778032483,0.000170838795600478,0.000373703201049108,0.000326933060328235,0.000165406161195173,0.000557607382224767,0.000235535493325066,0.00146915606304191,0.00124400071775281,0.000913635804977943,4.19400464635312e-06,0.0011459756521285,0.00282335226269948
0.000992473544436446,0.000892244432519739,0.00137608832280044,0.00128565454880786,0.00526479322240354,0.000151589028387362,0.00562383812310693,0.00225300497703025,0.0216865980813316,0.000208579658500105,0.000604827814470775,0.000727593138987003,0.000334844098220632,0.00133162860225749,0.00556863220370206,0,0.00289437058429616,0.00466563507291974,0.000128415568001859,0.000175986557935664,4.84103064771291e-05,7.47591732588407e-05,4.78193981692507e-05,2.54404605759507e-05,0.000489008386847852,0.000720590208360843,0.000634132608043108,0.00234560037662338,0.000624842010492199,7.9188472458544e-05,0.00175437060926525,0.000156010211317292
0.00107161231559031,0.0060590503609799,0.00476708224226976,0.00175122109522923,0.00150109752616693,0.000249958615839741,0.0015045218610451,0.00129715983959397,0.000740892954397119,0.000890164312813928,7.65674400024011e-06,2.54143507914964e-05,0.000311842133527918,0.000356089535020888,0.000560704192731839,0.000136802899872117,0,0.0151758173934434,0.00445794626565167,0.0010975805273384,0.0017347225329343,0.00401130468085791,0.00265707702833105,0.000281121783772533,0.000771127844397844,0.000423989654795932,0.00170111853957469,0.00018487385126694,0.00142285423926023,6.48321953953296e-05,2.44814564895983e-05,0.00121907615200607
0.0018096698999553,0.00142403712474489,0.00386775066215968,0.000494287287558052,0.00107127858507572,0.00146647717484997,3.76180818497525e-07,0.000840360192550799,0.00223462237666435,0.000195299509112847,7.23997459738408e-05,0.000348280122658978,0.000111900564382298,0.00084688124790068,0.000218230544666887,0.00080029887140398,0.000412146749755629,0,0.00217459118797713,0.000837080758417695,0.000619391828359453,0.00905168062013987,0.00220358162851357,0.000245081980100569,0.00110202969434319,0.00159739820983038,0.000363491196017043,9.40287117660172e-05,0.00127792582342997,0.00179777194539422,0.00289259495480495,0.00506351679405493
0.00282542767988136,1.20888526835475e-05,0.00465250432904619,0.00428494888712666,0.00276989823467617,3.82216261064611e-05,0.000354999927629624,0.00473074432570517,0.00525645562067527,0.000183160335095099,0.000219129232310049,0.00350261058599938,0.00270617301193564,0.000309518423224644,0.000468748965895228,0.00330543343018792,0.00118943700514764,0.00198801775252938,0,0.00164690967301225,0.00611523852406647,0.00615739842829985,0.000133942181880929,0.00398030433044575,0.00631917585170315,0.00378416790144422,0.00488136526192511,1.11788879870735e-06,0.00506375819655541,0.0051011098852951,0.00242304383315023,3.75997364684844e-05
0.0019564218270747,0.000259177589326619,0.00344946719371326,0.00186675661078881,0.000552851256134661,0.000237390829098438,0.000999688124681014,0.00629805917240582,0.00142011712087658,0.000151431364486819,0.00278904402623275,0.00210561140602533,0.00883478294978073,0.000318238289993265,3.00124095354163e-06,0.00133423576520996,0.00236686670671565,0.000715987126267324,0.0003427431046061,0,0.00413984244718609,0.00199184018173928,0.00296597473518177,0.000325479342985577,0.00759389119094772,0.000515626936181364,0.010024247878485,0.000240872874327607,1.24985400135058e-05,0.00279074262573451,0.00121654279646463,0.00028508418511505
0.000181483894298284,0.000381008750164412,0.00057016864561113,0.000477153109011687,0.00175568087731088,0.00316235488291994,0.00115712162605677,0.00452246189417475,0.00297113220238372,0.000119604383718011,5.39018860167373e-05,0.000216743241113415,0.00371120910568881,0.00038560634557393,0.000579885376252737,0.000671066795878011,0.000359809960561689,0.000583749441724059,0.00332320573848541,0.00945836966814979,0,0.00036666386537973,0.00159451729348787,0.000305880949413277,0.00136891850964097,0.00748126553792729,0.000523036081287752,0.00166496633062831,2.03140262782121e-07,0.00513970856454604,0.00546569005910069,0.00247620931592165
5.79499948121606e-05,0.000215484847633495,0.00194582265462024,0.000411591643045917,0.00152769049782452,0.000865413382104066,0.00165649891561872,0.0014188743557876,0.00366025214413149,0.000352702262787427,0.000184112553972281,0.00126114766130447,0.00154624210906369,0.00016983738802734,0.00154882428557042,0.00183910643431949,0.000176196680770341,0.000781901824396706,0.0031011618744842,0.017845837340811,0.000390122704442061,0,0.00302946220917595,0.00553876831023302,0.00615578697855949,0.00528882692039223,0.000485695379282086,0.00239112976975917,0.00157141731440074,0.000179124195125346,0.00234762945727354,0.0164353770221409
0.000137463366718304,0.000406831963203439,0.000878398850650022,0.00166829377926405,0.00390958696924506,0.00112472921747871,0.000722681575915702,0.00404766231265781,0.00512251791631979,0.00102851735673395,0.000407271809535317,6.90523656618125e-05,0.00072539617011424,0.00028066079336878,0.00280165214991996,0.00447981837778445,0.00180034324007244,0.000959944086923445,0.00039439880757085,0.0195029595863057,0.00300783662230527,0.0104494807383016,0,0.00578146599304722,0.00035168131942477,0.0082644387450323,0.00019963890407993,0.000311908321512146,0.0014244246741302,0.00163289745692886,0.0060480847727924,0.021015587496697
6.61409942579956e-05,0.00027754357284687,0.000505061224300853,0.000352023112765948,0.000322412918623334,0.00151128489347894,0.00116985850035758,0.00406593249114406,0.000186343515091757,0.000302572078691017,0.000155358841853373,0.00144960817442272,0.00772209842873083,0.000615691186098105,0.00170457202549198,0.00155828512125922,0.00036080505617451,0.00207713618426162,0.000445652390343712,0.000117855406433197,0.000137684940021693,0.0111471545271067,0.00295538616208587,0,0.000349297368676661,0.00168306292624948,0.00185305826446903,0.00476734963243974,0.00101093247427344,0.00420186908420978,0.00217734725838495,0.00378371035999258
0.00804921610094695,0.00154030490552305,0.00607985649683425,0.000981219409696654,0.00514790160530955,0.00181532944235167,0.00736193467846502,0.000322014788038239,0.000323395660816484,0.00626186409278138,0.00703749708007712,8.96084265313364e-05,0.00349017177441301,0.000681532067876962,0.00101042525748151,0.0121952611233777,0.0012660625991213,0.00141438347929099,0.00066769027195782,0.000613967667838873,0.00126761889150073,0.00307409512341487,0.00202918811368375,0.00132130363038221,0,0.000599910053266441,0.0011992548968092,0.000475137606958342,0.000296636576654678,0.000419553578036924,0.0018858198875947,0.0107879688642458
0.00446513259044919,0.000345154327014464,0.00145461424284828,0.000448274940677696,0.000412792175714859,0.00110523588542463,0.000996122462465944,0.000589197836772285,0.00128275637481179,0.000327420672807598,0.001191683204911,0.000444426089392749,8.73209337743226e-05,0.000170024111042615,0.0021834598592731,0.000198741959625772,0.00265373232407992,0.00066603532391068,0.00144575844350601,0.0192004302440309,0.0072689247739942,0.00131631427391631,0.000921424605669191,8.86772161016312e-05,0.00100623740968693,0,0.00150141460673989,0.000933258635675168,0.0014911557607433,0.00135029652007586,0.00138781951344897,0.00138115846109934
0.00505627089569938,0.00158495040985161,0.00360048714339123,0.000636291700910292,0.00247087562678956,0.0024447630931841,0.00333664562417232,6.14893597335939e-05,0.00117538444759064,0.00168390201976942,0.0015218024735406,8.52504929944292e-05,0.00036396036756682,0.00189148379297769,0.000465131099678634,0.000879981408468377,0.00302600576625718,5.86426109723007e-05,0.000760293878206984,0.0216891124607159,0.00812364920720999,0.00147268608956244,0.0023643638420865,9.38455626998889e-05,0.000802592236997328,0.00159883742668052,0,0.000250932748787552,1.25525474995524e-05,0.00257564255881676,8.42945949266343e-05,0.000143124001287328
0.000220907043820093,0.00182905795973491,0.00528295302870093,0.00434989518571411,0.00368498989458849,8.64477214380639e-05,0.000823202955948906,0.000721368084424388,0.000758147902572555,0.000552905669631444,0.000156880543003107,0.00289031054253194,0.00140311253052166,0.0055063166001891,0.00657489848312775,0.000387031087318166,0.00214924895071361,0.00338607983390217,0.000526988723783053,0.00235572628386425,0.000881408335373068,0.00187206540757775,0.00576992021322088,0.00341855650419498,0.00030375904647883,0.00270956750529478,0.00395178491430083,0,0.00258636007481102,0.00263808024600343,0.000348437900988775,0.00150532733200444
0.000627843206715783,0.00110104026747974,0.001417608472654,0.00116030163520114,0.00133170000022506,0.000112646992967197,0.000472374711830517,0.000663597188998539,0.00176137793856007,0.00213577654160703,0.00286390486567465,0.00929866758624609,0.0129845907287152,0.00135571429114581,0.00276526001758328,0.00165916405364723,0.00153195226040007,0.00150656614489991,0.00125190134982124,0.0012830196034916,0.00215945806041486,0.000327387083091359,0.000219970600996167,0.000752490794990974,0.000907016790278226,0.000323364040616912,0.00214064774558243,0.0129906715073498,0,0.000175271332905704,0.0137352180298821,0.00100651223624473
0.00420190275852954,0.00099486911729383,0.000162281534532933,0.000844732086977198,0.000938248312207247,0.0087170195578067,1.00743922756396e-05,0.00324571240075061,0.000120752106832515,0.0006136363622554,0.00229647334081146,0.00706929026311448,0.00995056085930404,0.000238275882659422,0.000344920981228903,0.000674088817802637,0.00374993860705977,0.000453306977521917,0.00493182110282641,0.000995727947810621,0.00215221735885288,0.00067622298112589,0.00161146427339276,0.00437802526125726,0.000194165485284709,0.00550215273496634,0.0172698160035507,0.000391199158787039,0.0112946420889575,0,0.0153604910762609,0.00171862564540374
0.000560970128387712,0.00057453998478981,0.00279108277316952,0.00468012428544097,0.00141761894559233,0.00171222487908049,9.97765476548177e-05,4.06827930077653e-05,0.000127739012571253,0.00198919175571132,0.00128614422870948,0.00895274304015391,0.0144931648196501,0.00410235660404647,0.000942593473636131,8.59710257715116e-05,0.00140883918518061,0.00298711466384629,0.00334726389105519,0.000277004147453691,0.00111630578439284,2.17505975217434e-05,0.00409249772635036,0.00395498714525523,0.000983838743137145,0.00024089589156766,0.000701009619594895,0.0229616242077594,0.000208045331726078,0.00214057573614454,0,0.000564736992252235
0.00202444693128983,0.0007116817121533,6.16950272075827e-05,0.0083364550276792,0.0134710179315547,0.00020458434109456,0.0121611033680579,0.00710189804945207,0.000717551962685978,0.00868016488188757,0.00794075474849884,0.00100423083158532,0.000932502180877265,0.000251015662911518,0.00180233841138259,0.00436146472822864,0.00020789831797947,0.00207488772579038,0.00063074591994197,0.00104594541858004,0.00052903261118754,7.41435689882783e-05,0.00128160345385565,3.59198582953812e-05,0.0147759291260787,0.000135035334463814,0.001387973034701,0.00144691077344221,0.000862530867638038,0.000147925231502678,0.00309736155276597,0
