0,0.00509813682553068,0.00228843540574032,0.000102126929069939,0.00134706468644597,0.000581009192410411,0.000206666386641157,0.000137681423317919,0.000110666123687739,3.00193233435063e-05,0.00043875608881838,0.000183506773469869,0.000297152857178401,0.00154938356387699,0.000396157424518972,0.000350970702286989,0.00153018533085112,0.000447295219402658,4.52693752191311e-05,0.00127478585416417,0.000339948849943072,0.000478194587152057,0.000116625818537559,0.00200899404419995,0.00101257726708349,0.000533808093356825,0.00195033913736532,9.06089750839826e-05,4.12218062906236e-05,0.000497486754509438,0.000379439719127154,0.000761852625062201
0.000876158106421098,0,0.00594651291272786,0.00125625675548654,0.00735392726838468,0.00953318218608984,0.00122790513475531,0.00268731101607395,0.00152750898840419,0.000579753125353642,0.000375899744801617,0.000200826051839294,0.0014034756806406,0.00105439688515783,0.000632135639811987,0.00288503967059845,0.000172831401246608,0.00059608768430062,0.00168374962106782,0.00380562010625985,0.000836137260012608,0.00302983138316746,0.0030650948004096,0.00219218589471985,0.000221067736996647,0.00204238533601081,8.00051555498459e-05,0.000150151557336511,0.00359490677626689,0.000598672490936828,0.000536656791131288,0.00129022644468302
0.000655275382389706,0.00136137854009571,0,0.00378677189805876,0.0158528185634755,0.00438161207819221,0.00143239841847524,0.0044943488195204,0.000456368345233793,0.00492213123657812,0.00469176452791039,0.000605960701066143,0.000950979769270761,0.00319375520417725,0.0011641495452125,0.00674684477025557,0.00127559953593963,0.00062569351842072,0.00213206256271242,0.0042275835535365,0.000163372946296141,0.00160887982913358,0.00209420946500648,0.00185763331475382,0.000256289532654043,0.000219914701622237,0.00156011732131949,0.000629727210159719,0.000598695097240806,0.000673774510774888,0.000226451902106732,0.000349055820795361
0.000739832978191708,0.000856202082482538,0.00851363276763967,0,0.00311390479321331,0.000571287370890789,0.00130632623712859,0.00455929533363465,0.00753054913039075,0.0119573685010468,1.44250047726096e-05,0.00405598054475154,0.00195344003751319,0.00113512395032735,0.000994082903782139,0.00150100651043789,0.00090789153712507,0.00144615159509654,0.00224862801773386,0.000197162509904589,0.000223825204629388,0.000878514386709896,7.60855315032301e-05,5.72400528058887e-05,0.00101632166517326,0.000330557347861077,0.000305934559592812,0.00630353161855726,8.62910662567313e-05,0.00417412542490435,0.000258098339413909,0.00635996682823582
0.000883188099443765,0.00100242784112589,8.49170250918558e-05,0.000348743021802712,0,0.0012480107498294,0.000363020843410886,0.000638758592208175,0.000331694671702655,7.6640148910284e-05,0.00395420016081327,0.00167774709325275,0.00110872938611369,0.00200987692647872,0.00147509675232726,0.00172295083976651,0.00101506764530219,0.0034884402277197,0.000786774430158627,0.000856370975072606,0.000475112620204076,0.000129267324432443,0.00136179454693871,0.00132433737188322,0.00112591456607871,0.00159623476636135,0.000992753354942095,0.00108405745011196,0.000387370956387177,0.00072942126369527,0.00130677442393667,0.00140822751002938
0.00269702683386422,6.19211466859068e-05,0.00163722057846943,0.000362341885060506,0.012211707718065,0,0.000929317185336468,0.0011030895328979,0.00315779033499294,0.000170617672429079,0.000993830969308715,0.000782621289474938,0.00105719796544321,0.00305179592139596,0.000543301491699525,0.000763386770418241,0.00197149773946019,0.0013817112576158,0.000182344888644321,0.000648894477845497,0.000831285189755135,0.000213274281265526,0.00072519399660429,0.000589275681468522,0.00110571549873354,4.32103344413541e-05,0.000662080502817373,0.00231225653692513,0.000122553932116248,0.000668337183441562,0.000258451590140396,0.000169025077394011
0.00253211856919994,0.000211556917860318,0.00160695861283946,0.00042792949694629,0.0028991515671068,0.00181049439989315,0,0.00101700015141576,0.00237355073146779,0.000145535005885008,0.000948972023107743,0.000222947216807247,0.000474013055862465,0.00482410403460947,0.000997521451970915,0.000312409086499782,0.00105503665088552,0.00050917556309258,0.000319450894594264,0.00215600066936356,0.00240248656768434,0.00157075764652571,0.00206953345289158,0.00253376064283093,0.00133026897231164,0.000891599224035098,0.00119027343365481,0.000312007240817535,0.000255818226060247,0.000727524065036001,0.000387670429153295,0.00151496953916682
0.00143481360150261,0.000845956091123695,0.0129367823070632,0.00289731063474086,0.00501838460705312,0.000343848176616933,0.000768826162138425,0,0.0110240807218273,0.00803640551153445,0.000189881657489187,0.00379730781119017,0.00354274766120394,0.000371043199598245,0.001911093616004,0.00129931419157489,0.000479400798248815,0.00141124571761018,0.000894044021736462,8.20246657218475e-05,6.29602970740093e-05,0.00058705226606205,0.000640568462207179,5.19174647362356e-05,0.00189609820860007,0.000343080440134093,0.00012045736605976,0.00640911594975846,0.000105495953824495,0.00201884517024031,0.00054285360879938,0.00674078259219219
0.000268783510196968,0.00189020844742481,0.00125770748749438,0.000350915850486288,0.00211291479528427,0.0035685903012946,0.000347210240159689,0.00061982667738819,0,0.00118550899877021,0.00179620184859313,0.000247857760820804,0.00599576943035996,1.41307060724672e-05,0.00321738331347364,0.00239269689855995,0.00189248386151524,0.00189989186086496,0.00107561692946242,0.000293816842471416,0.00231826649484139,0.00049069720518932,0.00196513008475755,0.000814412550057459,0.000381730501237224,0.000376898158728342,0.00148102083171925,3.02100332687648e-05,0.000747895535724387,0.000615831645019011,0.000828835861421917,0.0022618850947605
0.000725944930830609,0.000508591862578632,0.000202968753039624,0.0134938341532784,0.000172350157766186,0.00377701779349207,0.00346387285074275,0.0103592217112759,0.000523074695028759,0,7.65630946380181e-06,0.00115822037654538,0.000767649305145652,0.00177410821617694,0.00248419994902596,0.00363217334330092,0.000882722077137167,0.00251310368316486,0.000476734398710241,5.33980918509148e-07,0.000187103055422509,1.71667178746733e-05,0.000387049252099471,0.000133055801492173,0.00111163737129795,0.00113942157579462,0.00130253510692983,0.00107740924867344,5.50200642501765e-05,0.00526873859651357,0.000404265596105522,0.00163144399209274
0.00175701257294919,0.00285588526370476,0.00332148076159053,0.00903614219539216,0.0027099499303487,0.00366841261520305,0.00268148530734789,0.00718947646914334,0.000128964363209181,0.0156721975395986,0,0.00196898710093465,0.000887913960542958,0.00261608041539871,0.00206686128146478,0.00247295359266759,0.00165321160284085,0.00256850213576258,0.000648978850136798,0.000226058700454095,0.00165418231153087,0.000568985610981008,0.00217470595220374,0.000545709179604576,0.000289638123481234,0.00090890100521401,0.00163337892819197,0.000852434702741316,5.69955170342451e-05,0.00341098596016093,0.000492230179065273,0.000509560217061373
0.00118063521990596,0.00219751516144194,0.00691049411250678,0.00178295871807555,0.00225530223334956,0.00180240609143694,0.00121714226168478,0.00158519530219379,0.00170362619753703,0.00254493608004282,0.00197405097393296,0,9.23695244523528e-05,0.00334631010531434,0.00778053218047767,0.0002441738672431,0.000101502255960432,0.0076712583633238,0.000906382616947664,0.00514478601397993,0.00570338210300141,0.0107496871627172,0.010583706659163,0.00387478324089603,0.000679131037601533,0.00108136497608657,0.000691839031620644,0.00034910199852956,0.00168349211455897,0.000139400323208269,0.00225408252056942,0.000780201954724241
0.00123640439120703,0.000917539600971461,0.00481776034820539,0.00290286356236476,0.00185378913246005,0.00122966572658218,0.00166183461752677,0.00196537234016401,0.00125924867266003,0.00764914207080531,0.00100712928119649,0.00356921944023583,0,0.00613116942448375,0.00449683778616779,0.00104714312712342,0.00172749050641889,0.00256178643486604,0.000296750624757522,0.00206527977579679,0.00195704075772195,0.00136083398307984,0.00160322653906395,0.00209713601630147,0.000646494496338262,0.000174490557294047,0.000430419755061686,3.65847300343058e-05,0.00185868895351638,0.000170049634167507,0.00160947076428381,0.0010885035445844
0.000780008263359235,0.000629307506493542,0.00887517244703356,0.00307663934251292,0.00621625979997399,0.00265830167137244,0.00733246565521964,0.00391504227796084,0.00258797745822377,0.00522100818802046,0.00242486691123661,0.00133326488127527,0.000762776834922563,0,0.00319700819346257,0.00593334990230701,7.95528900745268e-05,0.00148496187835618,7.96470315620327e-05,0.00046251138076269,0.000262260389267996,0.000156002245553668,0.000574275005547073,0.000362943627906451,0.00111080877277429,0.00211605700163713,0.00076809354145007,0.000744914412734776,0.000123553020541388,1.51709680609657e-05,0.00017203993777062,0.00169165234328119
0.000328585189152405,0.000117857369703803,0.000843755477718084,0.000102635885653841,0.0025335653634146,4.08135519828075e-05,0.000720944094023311,3.89249024748335e-05,0.00254790005259158,0.000632223330310789,0.00488347938450625,0.00108718395434116,0.00639212978582499,0.00846587034714678,0,0.000973690414687338,2.44624459472552e-05,0.00230498832715498,0.000597117958614313,0.00138241996200713,0.00112610817292644,0.00119439270766469,0.000323764831963462,0.000465975123080115,0.00152110692618592,0.000808977542059107,0.000903995534917741,0.0037465534804258,0.00544524510284285,0.000111396654139426,0.000784168216723602,0.00298337847154217
0.000571309116181335,0.00345423796732703,0.000282918908694869,0.000729546182043125,0.00174733661916725,0.00222633996217277,0.00522673470981915,0.00156395260360736,0.00519010667595695,0.00143321580207783,0.00354539566799719,0.00415015202053613,0.000752670688796489,0.000691725228831402,0.000578616619269966,0,0.00132681328138733,0.000546134718682367,0.000115936064560161,0.00237064105830804,0.00279506967733373,0.00274794826391168,0.00199099616340685,0.0021541684865695,0.00254415170052221,0.00869979168998954,0.0121237110467793,0.00602375940364,0.00126198243597956,0.000188831838713467,0.000176365794165455,0.00087241814829836
0.000155790656904403,0.00205828191615776,0.00266683339786673,0.00405734769765509,0.00376125190311169,0.00237171615513053,0.00445438295695566,0.00283326179060585,0.00904421166541241,0.000930248579713994,0.00016179320332497,0.00037539998535881,0.00184063835515125,0.00080217625678538,0.0004603317486347,0.00032162568195468,0,7.41934465438973e-05,0.00604671027002318,0.0004308889317927,0.00161796546207785,0.0014257774921368,0.00280746211034387,0.000105708100815485,0.00821691153554993,0.000698510541475908,0.00102870532000118,0.000591570323178119,0.000862004485236047,0.000560224725249112,1.44608999249551e-05,0.00775351400123558
0.00320283836519516,0.0021655231210212,4.15854256610914e-05,9.31825426349392e-05,0.00323162759042026,0.00025081248685233,0.000901143581156264,0.000153508299483494,0.00189316441738569,0.000646329754917017,0.000826909375296023,0.0074372572803277,0.000308631974983884,7.82191819532663e-05,7.83778633511519e-05,0.000857345324651419,0.00989725515220827,0,0.00367622539765133,3.60537872482437e-05,0.00284461356279045,0.000326788280640552,0.00646137576524103,2.73487436582591e-05,0.000765121563730843,0.00397863777736937,0.00347022632622362,0.0026394616049772,0.00024704021824935,0.00191471291860143,0.00273840015041197,0.000602936227243394
2.07500264799336e-05,0.00287030176765314,8.09939665451394e-05,0.000931286065349868,0.00168301883138942,0.000437034492962324,0.00145952718641077,0.000761706111199255,0.00363746617948239,0.00140846666695401,0.000737526267697739,0.00105455418314122,0.000713767533095261,0.00239259295662388,0.00160109354722178,0.00220119374956888,0.0135673175510978,0.00759831975438838,0,0.000504377961969363,0.00169764178242153,0.000127877397645807,0.00104577332136665,0.00106934478451167,0.000800663196958774,0.00290364396578968,0.000483009531043966,0.00154209266415568,0.000878170267095125,0.00190289195554179,0.000298583200435095,0.0024295795875653
0.000261574562361644,0.0012781697830715,0.00180142457528925,0.00109837973111419,0.000557554655452704,0.000864719285205543,0.00147075498836335,0.00105908401105117,0.000549905733361122,0.00176192517631191,0.000228145323356824,0.00126303676409456,0.000562736852010599,0.0031169244283328,0.00372272029786172,0.000805066713122159,0.000397174293940263,0.000213561765579002,0.00159096124206263,0,0.0052945284215842,0.00235089720369632,0.00233933263458695,0.00137651172404424,0.00190152290476304,0.000952047978900714,0.00505354142422919,0.00145785406475414,0.000556879448830634,0.00220696407347495,0.00267582687676292,0.00148098818627083
0.000316165723489849,0.000777876956070054,0.000331521608549575,0.000158470266448547,0.00164401754425393,0.000174623025994432,0.000744679720444842,0.000163124253935797,0.00065115136314436,0.000525759982297873,0.00120807723690242,0.00405636781192725,0.00172000146007885,0.00147430053602282,0.0073426826159106,0.00187262850954108,0.00176068006926057,2.04581393711048e-05,0.000579069090451447,0.00310595251591465,0,0.00149013315824612,0.00276583721838518,0.000468368957985942,0.0016466155231332,0.0174620140501766,0.0159061480400961,0.00583743281037207,0.00182267567826561,0.00232453178247708,0.00276860337898837,0.00325522877414011
0.000415798937868115,0.000716731936942769,0.000822624878074336,0.000212155443224593,0.0012067565620581,0.000336997040307884,0.00292790747627629,0.000441564341770852,0.000571281940951036,6.60198460103141e-05,0.000189392606315208,0.000422599661825145,2.48744954953714e-05,0.000631599374566304,0.00040493623070967,0.00560238156215122,0.00233278407154923,0.0108226505124177,0.00145696621547275,0.00272555870638849,0.00170816397536605,0,0.00163059169550596,0.00130009100878198,0.000590158860866964,0.00688982530859756,0.00293955830401057,0.000626020284248113,0.004819301728466,0.000847259456995614,0.0012096714478285,0.0012490508890834
1.78175733617996e-05,0.000764224803973449,0.000363728614390954,7.3713752753342e-05,0.000681158194985583,0.000446055931614808,0.000691288620171881,0.000174326375472675,0.000207855445760479,1.754784829732e-06,7.62558984563517e-05,0.000110587402082237,0.000534890905985915,0.000632783016448714,0.00209732677371889,0.00165250086096876,0.00219030514403218,0.00779505320732936,0.000420292328517291,0.00212811359408999,0.00257508635261582,0.0018673215473323,0,0.00107728423307505,0.00273109795026254,0.00953452406022742,0.0050758605672777,0.000250487496148993,0.00176132103274,0.00161756694170513,0.00187234232323159,0.0028583467867945
0.000417680689593335,0.00154164171086911,0.000661070798445373,0.000848750758685996,0.000734270106893933,0.000433153621840011,0.00104470862146924,0.000678284608996262,0.000466609020402784,0.0016774605085575,0.000362395920774187,0.00196970126202698,0.000630865237796673,0.00329624263164919,0.00423701661547825,0.000722500210092821,0.0004210513665936,0.000730079995679644,0.00230065342522806,0.00216156011650388,0.00429227713458375,0.00182170626568192,0.00157551096001259,0,0.00214783554076108,0.00199470695986992,0.00820595726138468,0.00278330549157091,0.00151862598811944,0.00217517861563273,0.00249289024288801,0.00137666688317689
0.000586252283650304,0.00257534783669758,0.00024066042833322,9.58822524203835e-05,0.00225411064147898,0.000336882352441299,0.000259830486025457,0.000353708140470726,0.00218283163441753,0.00026535376308132,0.000163533885227466,0.00380343673117694,0.000183862627980762,0.000465694845582975,0.000801237263074137,0.000197122094110974,0.00195791806222273,0.00013158275507266,0.00140300398278286,0.0117711311953301,0.00127903650885485,0.00206949125339295,9.10078893490777e-05,0.00769337587988916,0,0.0125236968131132,0.00733151423111188,0.00342828618548703,0.000218096200855677,0.000635585733576383,0.0015510912074006,0.000281620487646627
0.000436092645634188,0.00159402047409373,0.000974829156209197,0.00270689778822351,0.00321637661385246,0.00318966441876238,0.00492258437784277,0.00326580365510924,0.00662432796967755,0.00141101025716422,3.51090950452992e-05,0.0013005143085968,0.0012163294603976,0.00108998745617397,3.77272354880476e-05,0.00239287496074953,0.000518045090458207,0.00146339783285366,0.000513226140951552,0.000685068064232656,0.00335150222943915,0.000481828988103944,0.0030649123222375,0.000983241884544054,0.00250065382743678,0,0.0049288805548483,0.00279708574878756,9.26848145644763e-05,0.00245064611398908,0.000276213308749653,0.00217415249017554
0.000297984860975985,0.000982136797157713,4.73087607500361e-05,0.00139238569790598,0.00255893476622979,0.00199450348399861,0.00241442777538794,0.00196570041140134,0.00206944620491327,9.84778338225855e-05,0.00021936032705822,0.000813141374209292,0.00125018658217394,0.000370272412806621,0.000670038993103893,0.000787302260861461,0.000580477267570562,0.000328809994402148,0.000852538512194861,0.000274248079690535,0.00301859657664241,0.000216224153922658,0.00160433710540317,0.000490588625235,0.000526234053750372,0.00840116943946368,0,0.00163390884965654,0.00103745457600843,0.00283238084048665,0.000401421624158799,0.000376379945294598
0.000293367066165008,0.000200948528934032,0.00322400765130235,0.00483550398597801,0.00243140570249234,0.00244878689786407,0.00356496760165095,0.0034084208000025,0.00223065170819072,0.00832953740032836,0.0035388128384662,0.000313413235002409,0.00354563715399848,0.00164835301547962,0.00657222626315302,0.00290657319886756,0.00105278369811143,0.00918980213199918,0.00214171110567774,0.00317598468915546,0.00452336661130087,0.00790934414510249,0.0121498110154992,0.00405501537907472,3.28325783736058e-05,0.000672537938227199,0.000103346488811781,0,0.00471961134922204,0.000362287677244257,0.00234927655723219,0.000521956827458913
0.00218268132548917,0.007360850396112,9.4951139330407e-05,0.000130723214483884,0.000848007353247061,0.000341775433709496,0.000399636265320036,0.000108566512181256,0.000502318816525564,0.00087346543583105,0.000192101374210433,0.000523437504623185,0.00100040815873877,0.00312298952258874,0.000105062272128872,0.000269420889280052,0.00228207449664759,0.000556085518075313,0.000911338778357552,0.00202877740660746,0.00240617704017857,0.00386214661676939,0.00163395889053281,0.00117830455721839,0.00642688683636451,0.00113821996953255,0.000149009336623557,0.00021245001910769,0,0.00221167818597977,0.00106108444719844,0.00122108761778429
0.00179926548847798,0.000786396555083017,0.0017127852888639,1.53671118924422e-05,0.000669925330903213,0.000362114231102313,0.000254808418524978,0.000119933246963467,0.000386356247077636,0.000969570419804182,0.00137727371395088,0.000681719544801355,2.46307243579113e-05,0.00020102637175706,0.000755401662849423,6.0763026855277e-05,0.0039996067250994,0.00521449936075006,0.00136524618811178,0.000891579006958352,0.000982808922708533,0.00170379575672371,0.00159543844108335,0.000742321559804944,0.0012105266210787,8.39463723411293e-05,0.000228871570074459,0.000431791655857791,0.00138058491097932,0,0.00247943992203854,0.000293162921371357
0.00071586297505811,0.000312291014243787,0.00233957502664212,0.000200364147283565,0.0026253846959835,0.000636462770821764,0.00126209242157199,0.000573467016303567,0.000496577187366841,3.54367178784067e-05,0.000452281289445284,0.00442937744076096,0.000242944571377681,0.000797762126431447,0.00188515386534947,0.00213557584038856,0.00080031803533809,0.000136763378698717,0.00200765279373918,0.00118172187822197,0.000891830576627871,4.44201257717579e-05,0.000859972059006258,0.00163333408575458,0.000380168887724466,0.00491357635981101,0.001694077791788,0.00348759017440958,0.000437652648414837,0.0075071439754582,0,0.000317657952959179
0.000154973558153966,0.00708901971282858,0.000485480567221881,0.000222339089047867,0.00526477444963068,0.000566665527927771,0.00150200178966184,0.000359559090030753,0.00231538153584768,0.000411937788007337,0.00118774167179762,0.00146721634300428,3.15631645221623e-05,0.00047901648699825,3.74887921266499e-05,0.000942784999326522,0.00113655901895297,0.000386232662776034,0.00126165109290182,0.00415135653859288,0.000384465075774656,0.00129966176710461,0.000781137558279151,0.00231314355496079,0.00786517431973198,0.00233795766930994,0.000569779365154147,0.00123247706380839,1.80470831994488e-05,0.000416562961793637,0.000537781647689335,0
