0,0.00335717103911273,0.000736579896895574,0.0129771515319911,0.00132317733947568,0.0426208645982472,0.0109232147122544,0.0029796585297811,0.0125097396912676,0.00053344110010262,0.00268534193362498,0.00366510384856224,0.0010638310665804,0.00039098040433571,0.00265337133713512,0.0439743287967179,0.00495223382686192,0.00681656240863692,0.000453242720136405,0.00434511873302218,0.00365762649958214,0.00155387674369809,0.0268368647552797,0.00741222618683328,0.0251255782918725,0.0017035019730249,0.00361213036204042,0.000958079597505543,0.00113923202538156,0.00266216373489417,0.00624213678907305,0.00559788964968039
0.00367523211111579,0,0.00330957778102672,0.00459999899753599,0.0194721359228398,0.0367284496654746,0.0633934225468178,0.00971155059723637,0.00856038904950215,0.00043323604025944,0.000173371717439349,0.000367010116922329,0.000894182417512652,0.000494298986901585,0.00248159554478804,0.0482680122467848,0.00662787765602431,4.39484436048275e-05,0.000450204460986615,0.00103755086909448,0.00590268955018718,0.000513781701776805,0.0121473678783624,0.00749475353094209,0.0137228174678825,0.00862954694125534,0.00275101440024468,0.00237426736012272,0.00196519960436703,0.00138891128980613,0.0101477986718476,0.000712203381314102
0.00135556798899935,0.005802266570996,0,0.000803793494027821,0.0076790615990109,0.00112162832117003,0.00524647617630159,0.00713593187817454,0.00573052402600042,0.00123383371958943,0.00260804372334965,0.000906002857060562,0.000702649230947826,0.00948317604125387,0.000655310845248631,0.0203445824136832,0.00137092507086257,0.00310543719714341,0.00253958268717601,0.0031745890603927,0.00148242270948394,0.00406725137214864,0.00194344192782803,0.0119492893002028,0.00589209302836968,0.00138197115361053,0.00499806582784358,0.000286072957844514,0.000978408345458018,0.000165493722977598,0.00459104706993915,0.00192404988770063
0.00151215244057328,0.00250506372127294,0.000316340678663686,0,0.00688024879828156,0.00739990898135253,0.0216844094097841,0.032998961234362,0.0212938779079355,0.0261585712570039,0.000788312344783113,0.0212369220172925,0.0137114379688187,0.00194312788009464,0.0133025925313101,0.0198423718984011,0.00258740614155496,0.000857022580169727,0.0013970027302417,0.00146892726520055,0.00026422746036251,4.53574115183176e-05,0.00151151985351698,0.00798208645024662,0.000859189813358268,0.00578588012825923,0.0207347215322255,0.000771349294952906,0.0284491247865142,0.00054521638471105,0.00575635043128031,0.000653641365350708
0.00314189219108163,0.00179748448034178,0.00311623711346324,0.022316588630785,0,0.00475298453598947,0.00591492625824961,0.00961895207808964,0.0163086932300198,0.0379162857170746,0.00157766563552725,0.0161920564179863,0.010877807378515,0.00300693485667044,0.0100298245140859,0.0702184853008502,0.000610381031338606,0.00107666067014709,0.00084791464633573,0.0122208662154367,0.00831509855015076,0.00279449363979552,0.00987790768748775,0.00394359278943864,0.00422983251355558,0.000604873316461308,0.00177032238280237,0.0124843853855646,0.00834627998192155,0.000919230464196765,0.00215733535515211,0.00190207166787468
0.00589052863033606,0.00106380885734518,0.00453678247714741,0.0196557047565062,0.0046386192463547,0,0.0053883438661903,0.0346383875635645,0.00647842702380588,0.00354271884948514,0.00174638411264583,0.000168163646256245,0.000638946443357406,0.00194356929902936,0.00135272425018558,0.0267860450021135,0.00461332766738658,0.00341139305698332,0.00202299897991349,0.0011489087354645,0.00182627074957875,0.000710380747534283,0.0004233862628225,0.00200587194232382,0.000889603078812932,0.00599159358395373,0.00587780713364466,0.00544188212520429,0.000522885534460984,0.00108351539692253,0.000497468784302917,0.000519891762977281
0.0189480167575177,0.00863725315345397,0.00113177373586076,0.0416445389068999,0.0160663146754003,0.00530520080484415,0,0.0185852027011256,0.0100447623197863,0.0244155887894993,0.00117597384026684,0.00118809821109736,0.00149557573310911,0.00184855048971979,0.00607682645848837,0.000618480704519369,0.00283034215823841,0.000416685037566705,0.0010530023405208,0.0193446459787351,0.00229505217849516,0.00146020511648047,0.00881090228024328,0.00113727256249923,0.00210469273244125,0.000431956395037854,0.00316775405662071,0.00548470508294297,0.000375273623643647,0.00166381844267309,0.000208560894813084,0.00247623338166605
0.000172612704026635,0.0032363274906609,0.0018638467515925,0.0082486510720209,0.0317168609038918,0.0306113809536471,0.00665585434341231,0,0.0180031257873228,0.0284278552008623,0.0203873701718996,0.0789571953657198,0.026987266816152,0.00290751208581266,0.00613650901616772,0.00783908302141694,0.000681874616494421,0.000925922373041267,0.000694043785180016,0.00398277612517508,0.0033260125408736,0.00592321169226321,0.00236925932519147,0.00557983444598615,0.0113850519708417,0.00068713770663789,0.023583810286544,0.000878301480329891,0.0479564294776739,0.00134051200502204,0.00118633586995453,0.00219765750286908
0.0327942113010163,0.0200988672111299,0.00145475632068045,0.0283021377292288,0.0199643728764114,0.0421566663591606,0.105177606675122,0.00429352274263896,0,0.00424069838593648,0.00594129819743483,0.00533129607485628,0.00174468492941228,0.000164091304325559,0.000739635153928404,0.247775350053312,0.00200791422840899,0.00557413519261909,0.000302878930032243,0.0139779101437714,0.00256759996617866,0.000507043617425777,0.00429603762002257,0.000400530042990452,0.0274749819108322,0.00172771264262144,0.00280971165199658,0.00282371747076457,0.00638655586863368,0.00191576552731802,0.00551538706875807,0.0288322788734086
0.000640592845381338,0.00181091753114387,0.000905801966642236,0.0203645277297517,0.00251715156791591,0.000622056654966424,0.00555903522995202,0.00472694129891667,0.0112968779975772,0,0.00354819829818321,0.00454390775258518,0.0023707068811667,0.000408729597096441,0.0102585780970355,0.00274240488078448,0.000613729606445582,0.00931177799927787,0.00283575051514125,0.00415635978468269,0.00337786191124285,0.000276976348621716,0.000781605529445356,0.00406926772385571,0.0125865828040664,0.00849502508020385,0.0256393249049843,0.00219382163435588,0.0189802649164871,0.000270943630931996,0.0045061011281347,0.00326907258277309
0.000957229138612893,0.000732877186219608,0.000503029976158973,0.020524186048424,0.0191497218197277,0.00106669872979762,0.0216165303377028,0.0115919894300917,0.00119671151540992,0.000948851367406051,0,0.00212104734115557,0.00191003141833594,0.000700893227755647,0.0058221437469123,0.0153725695955223,0.000604196279649742,0.00647096382893341,0.00965651472882965,0.00919279652242172,0.00895748922335542,0.00129551683120108,0.00345306153493498,0.0033123347354128,0.00202426716761816,0.00281989313849133,0.0129843569816156,0.0200500576876328,0.0170161241602992,0.000891572359676949,0.0159425559839399,2.73826628634667e-05
0.00288065569535571,0.000888265190108081,0.000739369873583021,0.0063186552764928,0.0164203452434534,0.000296046095733926,0.0113821235652375,0.00415985401832301,0.00567806996645734,0.0127069330900608,0.000376778588415667,0,0.00842809781946108,0.00134817078263349,0.0042143590202194,0.00380963447217851,0.000690221507130962,0.00619571065590474,0.004698462189185,0.00317867576235643,0.000495185886019408,0.0100283494433532,0.00102988721560807,0.000716890902483834,0.0223556736665784,0.00702104781415265,0.000343017818424495,0.00603417313401527,0.000333887874778444,0.000284544698604603,0.00201090383715011,0.0116856588316794
0.000712411022093128,0.000717780566634489,0.000895555999524747,0.00418175476003175,0.00476333307745859,0.00111812667655491,0.00222836727811406,0.000674275916830517,0.000564203648299961,0.00580863285201867,0.0250414079449162,0.0186807249604182,0,0.00428112037731873,0.0141585458475878,0.000472664797067678,0.000629399518861973,0.000778408596376948,0.00374551094541937,0.00388149365388897,0.00104605736791131,0.0024118296454265,0.000390635531947073,0.00468776690493141,0.00153358570379108,0.00311375838433005,0.00339929032139474,0.00966518437340677,0.00633119655982081,0.00113200963338724,0.000564479318050851,0.00046291074408272
0.00330758440851321,0.00160901689858407,0.000892725168896965,0.00148612235077221,0.000892626432894856,0.0089917432994059,0.00402691021091778,0.00161081058680898,1.87050095492261e-05,0.0105263391448044,0.0111097517670029,0.0355176563539252,0.00846204192787742,0,0.00853379270963958,0.001116942545825,0.00022320672151867,0.00079296008152585,0.000353735426181765,0.000112062327118704,0.00092541278142313,0.0126148106093307,0.0120815578715185,0.00255514688139598,0.00561560251176713,0.000363795365644153,0.000936401899122636,0.00197349250479037,0.010742929884901,0.0016975590254803,0.0103980116083609,0.000182788221641607
0.00018067810724231,8.98407890976252e-05,0.00347983033542778,0.00105153753332521,0.00737164331216406,0.00327379238886993,0.0210658692339121,0.00325402425906973,0.010713102305148,0.00519709540937455,0.0155366886367451,0.0104226558631922,0.0183734545725918,0.000439682158488597,0,0.0224668880402438,0.00117573157140008,0.0042571504633365,0.000564956192844478,0.00234721739384526,0.0348952585486152,0.00060262525240142,0.00356322026848504,0.0113455788403055,0.000139049416999781,0.000732371551723528,0.000694127727316626,0.0105331964309582,0.000379466418942823,0.00479860797053463,8.20309925291704e-05,0.00838915571092373
0.0454568055734195,0.0343722237559313,1.04618339539037e-05,0.00612476923660509,0.00768406430392078,0.0140018028204078,0.0766184062303752,0.00135847400557425,0.0663769845558291,0.000350911992808131,0.00130961369085827,0.0411708244278683,0.000919436660977733,0.000286385370358159,0.000867152006686453,0,0.00674062260655004,0.000342064032763904,0.000283544545513899,0.0267307397363221,0.0080846070868008,0.000852869664938133,0.00102534700661448,3.02518448518213e-05,0.000259631998426226,0.00209167924739672,0.00485472450081707,0.002170054923641,0.0283583030467615,0.00119548063794502,0.00305699881561429,0.00964966481100514
0.0121491558165309,0.000653921304960264,0.000755744342562883,0.00146409065209467,0.000643422332739594,0.000286577355183815,0.00453806593257408,0.000285279019022348,0.00309214099610866,0.000735872242163102,0.00157206542910388,0.00555649579666675,0.00564508444532176,0.000633523374621926,0.000636499793256946,0.00173606152947323,0,0.0027247590210532,7.30118460000765e-05,0.00233079246427758,0.0052326001291564,0.00129911248838432,0.00993013160654598,0.00592977756103199,0.0039815146808058,0.00745888676241576,0.00471060774260532,0.00282525775669657,0.00212421924715687,0.00184810755909263,0.00108143348786307,0.00148907304324666
0.00177128714796423,0.00108999593909089,0.00235826925419764,0.00784051034612365,0.00603150014153071,0.00759989399331363,0.0229690832544867,0.000362140765906259,0.013582745081392,0.0206636040586666,0.017238370246958,0.0264490555042557,0.00187879698188595,0.000871287751996601,0.00112359200093331,0.0307359162274074,0.00181019931028324,0,0.00154379852180279,0.00120075085663149,0.00891201700660535,0.00863993512567156,0.0066908397777199,0.00664486090005858,0.0126894458907699,0.00356581279160013,0.00156411068047388,0.0181933925979437,0.00827918882212238,0.00182276764620925,0.00693114097087546,0.0186048020629582
0.00589593985546225,0.00522192592706034,0.00865872600295703,0.000561627702984343,0.0038554447413055,0.00474813025451092,0.0162189865825088,0.000864275133647933,0.00578656498994346,0.00464332287446475,0.0104058905947298,0.0439963152283795,0.00241714570819671,0.00250511306694304,0.00187976930675373,0.0165302110621374,0.00718657997151034,0.00211849217508137,0,0.0017144375703052,0.0514287240725348,0.0223280138010551,0.00751790323981506,0.0241437229100038,0.00779945761328661,0.00247703150214988,0.00450876363443846,1.40713844248919e-05,0.0105773243132129,0.00133093954423998,0.00341030818126408,0.000119822185487534
0.000135692757483243,0.00566266125484476,0.00282061360111858,0.000377464576825135,0.00712152288261073,0.0017212350492275,0.00915460317812993,0.00391004091508324,0.000790825807060664,0.00380726307223819,0.0138128789431663,0.0145831069814219,0.00110922258124404,0.00115737944774399,0.00239099240680368,0.024999098233898,1.86218374261471e-05,0.00435524823426213,0.0066781807318464,0,0.00174385901194166,0.00565065488606713,0.00449252046280999,0.00274956526316709,0.00350917433188527,0.0250491686323027,0.0295925170699366,0.0100826064973425,0.0113003191895953,0.000396124674424003,0.020915882227816,0.000824290205953012
0.00326513892009891,0.00259568397400406,0.00338032678563602,0.00559927494229162,6.06589777857158e-05,0.00857397555318398,0.0018329186804108,0.001775836616875,0.00172254048086019,0.00167556083588479,0.00111011304906079,0.00248389590885971,0.00479879231670467,0.000387937942763333,0.00440517198137423,0.00598488803596119,0.00234259843989144,0.000260009438296937,0.000432054396337252,0.0117915165834439,0,0.00969844314653287,0.0582978018732049,0.0290033302292292,0.00468769558478221,0.0186055387594852,0.0267887809290295,0.0128912476519405,0.00124496133824469,0.00314421518475444,0.00309598279237162,0.00499114094370477
0.0118981816073301,0.00630601875764028,0.00637128157916073,0.00119974715159911,0.00400697802038957,0.000307851486340915,0.00693073371839091,0.000269969831219879,0.0363286788523173,0.00411374687666749,0.00310637673309198,0.00172053103324535,0.000137842285309929,0.00616899092220726,0.00107092634072698,0.0884776135576493,0.00472382158366518,0.00830902357472075,0.0210526864967485,0.00214615489203948,0.00416746488088989,0,0.0343351957132406,0.00266900185221419,0.00105346184290317,0.0137752702844598,0.0140869015166463,0.000660891269374732,0.000793333077038574,0.000791832651959592,0.00235723224604482,0.000400165645456124
0.00340509494709444,0.0153640782329142,0.00698332489287913,0.00266412378236588,0.00938584830080542,0.00117452622426936,0.0158477722643966,0.000106167798758015,0.00456497136483918,0.0110170327911908,0.00588695193982503,0.00239589443717431,0.000665262061260997,0.000141520352309159,0.00183827074719249,0.048330954653168,0.00379519459368934,0.00117895892715338,0.00683552998892646,0.00472989056889509,0.00089658529965451,0.00420579727516516,0,0.00474251603808268,0.00417247196943208,0.00321955152975924,0.00593550747204456,0.00663064787593608,0.00231823291168613,0.00229944604984396,0.00243512605658066,0.00504569338908406
0.00109768744636324,0.000495920058973746,0.000809694901691867,0.00170734818024962,0.00078149240118776,0.00302640164325381,0.00168972966921068,0.00605480528963955,0.00186184383333168,0.00458890608456771,0.00166676413424631,0.000121575349331159,0.00225174709107021,6.78549947789739e-06,0.000943843706326818,0.000550300582445932,0.00545428257319602,0.00295573827092081,0.0173271531728058,0.0439905330583355,0.0201385703266399,0.0117091644053592,0.00926629116614211,0,0.0015529233509098,0.0776153283944885,0.0598477879961668,0.0180902970017587,0.000721448037087831,0.000309758890471514,0.0277165653196012,0.00178002840463257
0.010639543562541,0.0379687594896941,0.000465402012416237,0.00350001287013654,0.0028533364022519,0.00110480936608203,0.032279569820375,0.00138165010649966,0.0209250319033491,0.00729638447699132,0.0120788035294744,0.0262346732167265,0.000967309915509354,0.000394748839452068,0.00175706594283227,0.0273370649721705,0.00144441888654772,0.00748897993526594,0.00128950064788853,0.0144559358682634,0.00269377067922614,0.0122346740334668,0.0203718511238448,0.0183145211899497,0,0.00254167732456179,0.0137669168833819,0.00964041475601085,0.0102366877080378,0.000320709841033332,0.00319076989546308,0.0172797473868666
0.000716584614127432,0.00107155561664329,4.09616530011444e-05,0.00299325974497057,0.00509579938844834,0.000905576263287193,0.00564483578880443,0.00826986488678783,0.00118023706137323,0.00398211108272963,0.00117031786240334,0.000674453228069091,0.00135075310863329,0.00115981019015998,0.00111695194377319,0.00187814125583668,0.00953612662303914,0.000618036470625366,0.00501661109665936,0.0188289081640833,0.00541519782659878,0.00685486795321363,0.00505866790384202,0.00409776939839132,0.00020318389949661,0,0.0303562588873118,0.00582977958867174,0.0143704521002959,0.000323527927046015,0.0362661541558526,0.00248107586234551
0.000168260480580855,0.000788731142179958,0.00182244557617612,0.00202802743559328,0.0127902077588052,0.0042654385809242,0.00177853337906576,0.00288909515980264,0.000803747064399512,0.00208883138527059,0.0103410187659455,0.0242945631912613,0.00241715422556218,0.000351051568968186,0.000850975624458795,6.043723421045e-05,0.00642294296087672,0.00401618803507713,0.00803869704397908,0.0289130991751219,0.00100734986645704,0.0173223849979574,0.0151267583921478,0.00350259361412889,0.00270728055338995,0.0348669253347566,0,0.00251565166234556,0.00915487484441588,0.000772140476688893,0.037349829827066,8.94410199228055e-05
0.00580294379191033,0.00124456905817177,0.000501436023624832,0.0061999096315949,0.00428639862769789,0.000592943953175987,0.000823432431153417,0.00756878342507613,0.0048917606899319,0.0203589722750223,0.000171466112750531,0.0357795039127056,0.00906120710576416,0.00580423216821509,0.0103127263166593,0.00645613152077799,0.00118703911349653,0.00418937957167439,0.000162331271415202,0.00539500928692768,0.00578613806206993,0.0051670705219147,0.000126167080534919,0.000836161280191578,0.0190354858253556,0.00552132496912841,0.000500217779446771,0,0.00951147283405965,0.000280631708300329,0.00589932529509181,0.00872574744636621
0.000212281956666238,0.000745037147490283,0.00547716756971938,6.58097759884107e-05,0.0167530228625766,0.00572348317070491,0.0322639825432857,0.000907381944202699,0.000599951430454245,0.00620195496408126,0.00690731021971982,0.00570011411588126,0.0011387737427487,0.000343276503320428,0.00132737366850699,0.0144285502480447,0.000219566904668713,0.00256153708415672,0.00389274443453837,0.00413248088854204,0.00228203425365604,0.00739147956627679,0.00288741030041761,0.0057977201898672,0.00298303062950009,0.00024284914205349,0.0331278157624579,0.0262734694876392,0,0.00156481997986107,0.00769689581676017,0.000434507738869496
0.000438190474778334,0.00378305885003571,0.00338277275217649,0.000466657724291521,0.00193212824820691,0.00305682876114567,0.000155345952792367,0.00411927205660452,3.54663619564471e-05,0.000266278495691051,0.000495225476185346,0.00397947743940235,0.00446396899521007,0.00063680331330556,0.00600766794303876,0.0024800209061099,0.00197144273045607,0.000562134771064064,0.0130037898986935,0.00304521431563586,0.00526104676730814,0.00518004994706646,0.00921819994608866,0.00209104386753147,0.00657386251054889,0.00246567752502973,0.0167949902208775,0.00548387849102544,0.00752460945212169,0,0.0134898831354615,6.31630518013406e-05
0.00142706817027625,0.000231141147822506,0.00364106815317824,0.000505723263621026,0.00698222806919597,3.76700978243108e-05,0.00869392948426614,0.000397257950389976,5.69158389039683e-05,0.00085927170993988,0.00556731878993005,0.0220438101017273,0.00443046973161773,0.00378049345342366,0.00553628613274587,0.00213940117236669,0.000665465317464762,0.000774196184494726,0.00142791358343135,0.00812463481771462,0.00150724893010595,0.00262559846902173,0.00181417654995573,0.00618084923732676,0.000997584534927697,0.00523373444455535,0.00943102621010551,0.0188958156687146,0.0134711834773933,0.00404914391975536,0,0.000239178617280158
0.00238456230296358,0.0111621268368801,0.00516510093713535,0.0406322429733363,0.000765996108731463,0.00891411929741288,0.000195975883358116,0.00213981247626242,0.00346516443676285,0.0331233799358676,0.00619800032954288,0.000954585066223271,0.00737996374710558,0.000292785318046229,0.000227260190435137,0.000954768516695289,0.000113134385454851,0.00279646755930042,0.00266449260908231,0.0213875009856834,0.0303050302715215,0.0113301259768906,0.00922757781534876,0.000936626932822048,0.00478040863486813,0.000419930793173558,0.0127926031352998,0.00982737901675639,0.00539120378076434,0.00118929656870497,0.000553823258400223,0
