0,0.0173004456269337,0.00239065062522021,0.000160302309110081,0.000159045707415836,6.00690691366766e-05,0.00247976210604795,0.00184943401627967,0.0106072585367888,0.00330066751205422,0.000473109989627484,0.000467045505093339,0.00129109743313139,0.00047944597621768,0.00196915244103186,0.000277864824476411,0.0834295597044965,0.00488548044992896,0.00181801627731402,0.00845278076883918,0.00222046709079122,0.00826718057784787,0.0129699558559107,0.00180314056270977,0.000909750259570025,0.00392600084106323,0.000921239374290534,0.000381115727552458,0.000399236293271311,0.000310071812736962,0.000950606740202275,0.00650554160761132
0.00129992097644652,0,0.0421295570970087,0.000201019906938973,0.00597463854590544,0.00390475680678103,0.0173695331258384,0.0203376534351293,0.0160281805859401,0.0038303660732924,0.00308485703147528,0.00159129921348,2.95994039493347e-05,0.00130271639500489,0.000220999510630484,0.00929559390363931,0.0207984130611587,0.00848377944814588,0.000486014425245027,0.000674490830157541,0.00104179360484205,0.000209469303759301,0.000722267137618371,0.000744934991650944,0.0364664082537242,0.00281152733599185,0.00113437640149952,0.000965234405082238,0.000383495258499395,7.53415835576521e-05,0.000579487440737486,0.000132680068390513
0.00515568686212289,0.00897754140085759,0,0.00518677993138072,0.0323903146448705,0.0058948031880019,0.0379909251235948,0.00350619762916845,0.00236859917620417,0.0107599134969019,0.00200171461418971,0.00999838703250087,0.00141581939894494,0.00148847030209304,0.00212960369733326,0.0104163492329981,0.00220717135643128,0.0189536486221141,0.00270562137457264,0.00156903599805052,0.00442735606350371,0.000968542197655713,0.00336904807388731,0.00135497072609652,0.00590832274930506,0.00098303404643964,8.8614850989211e-05,0.0093615763253957,5.04061515984652e-05,0.00046658806052774,0.00307623972091818,0.00234233099758095
0.00127236592493439,0.0082750355615318,0.000664820616420711,0,0.0417794572210463,0.0354963027770689,0.110645917403757,0.0460140381474832,0.023893297988236,0.0401081187733499,0.00608873973824151,0.0171353205824437,0.000296834934440707,0.00836458879298499,0.0110084900426476,0.0475969772600726,5.12878653494453e-05,0.00633685647760467,0.000168749929389379,0.00481079640401933,4.08311934712036e-05,0.000796760329140938,0.0124573026611923,0.00133093671195099,0.0120197831859968,0.00292205681809897,0.00474671222198218,0.00252470418473529,0.0261180108045609,0.0003327855869656,0.0214365585633819,0.00218568022429976
0.0101948842427538,0.00253210519634594,0.00331916369287902,0.00180581096019311,0,0.0260758828859727,0.0101104877181313,0.00123976041916574,0.00878494317785892,0.00313464012761129,0.000235204959867183,0.0359181310491927,0.00310801396915897,0.0014326811126893,0.0171934975596545,0.00993326905095012,0.00118507396778568,0.00336087437552225,0.000481275170741024,0.0019047969942389,0.00806237255073733,0.000832897128988882,0.00848697044173287,0.0105445422352209,0.000986342784983475,0.000536475516544091,0.00576421504381531,0.0171767305524192,0.00428632872568212,0.00162825310546391,0.00193812001654992,0.000975098042905521
0.00529973034550208,0.00915556202582617,0.00234002622802608,0.0518341935950591,0.0292737873458092,0,0.00138625188883203,0.127155958274974,0.0404861632099897,0.000426594291070247,0.000438745496378507,0.0218001911441807,0.00109970059751054,0.000547197538613875,0.00502739526751234,0.0536072808255812,0.000642881390764149,0.00995206310813612,0.000380037696619402,3.65660592861301e-05,0.00127760602294962,0.00342094356832867,0.00469486347425838,0.00139578989326129,0.0204214093921983,0.00860378323202891,0.000368151622833805,0.0348708104629622,0.00233240250966047,0.00406221068375526,0.030689622182771,0.000566698490944131
0.0265488958650395,0.0173972657423148,0.00176710551546437,0.0506165356736239,0.0333567375986026,0.00644913376755145,0,0.0284394306737576,0.0017397146138756,0.0141106572537799,0.00108267398543528,0.00297041301016502,0.0002615284474896,0.000232723127828776,0.0037939897510723,0.0147654794978231,0.00664487617048852,0.0034520329008611,5.14076005058915e-05,0.000798568281931093,0.000681154931560082,0.00660431376017308,0.0131589243219866,0.000494331080161635,0.002158739632281,0.00305731487711234,0.00530445885212164,0.00456746178810444,6.17912972348319e-05,0.000626775909712318,0.00397739650959528,0.00438849750103014
0.000704458325433841,0.00132928166752683,0.0085367417832256,0.0033058764570898,0.045837446617168,0.0696308663512523,0.00418440395191732,0,0.0107935101426733,0.0250945382261234,0.00198272731944814,0.0369953702993636,0.0128642045443806,0.0241880242143823,0.037342200575943,0.00580300284275396,0.000339727520112963,0.000253249436575469,0.00124986047697393,0.000209875478065656,0.00333980455829872,0.00565112562485153,0.00155470318802907,0.00150594677587495,0.0014240286066252,0.000655351899719964,0.00616164228570482,0.00196155147440249,0.0195166903465023,2.61821790085453e-05,0.00584386395622416,0.000563089484243713
0.0119503593753306,0.045496136739629,0.0169480113143834,4.56221304138643e-05,0.0266448806255095,0.00973159292682122,0.0302623685181085,0.00954026916831232,0,0.00197805047809163,0.0141785097272725,0.0404688470601982,0.000788686227754906,0.00130696712948591,0.00956925271219296,0.0345328759073663,0.00507380192562054,0.00561452041893361,0.000484306539965749,0.000792017786085083,0.0104266873796805,0.00969646442603312,0.00132535299195487,0.000545787758028066,0.00166955608611679,0.00044132988932713,0.00159340545697497,0.00503094555903975,0.0136241001558784,0.000616187780059525,0.00102495648768648,0.00332292096191518
0.00123312458551432,0.00150624523463334,0.00168278171337836,0.0188901712855815,0.00191117811488933,0.0166610915266965,0.00340256473905043,0.00119584757058813,0.0809992940289577,0,0.00549556336452791,0.0558031641433292,0.00834206202175225,0.0021240654185086,0.0141490780248944,0.0163081185461603,0.0065971962936148,0.00683878255069066,0.00365482771691624,0.00986939028149093,0.0093640591009631,0.0154509000840556,0.00075295842222052,0.00400366360110886,0.00183547926718078,0.00267461041313191,0.00502508279309815,0.00255589417773846,0.0184181732284047,0.00511945698482094,0.00408678774189498,0.000380681523696065
0.00465663162105024,0.0193323378323216,0.0383001185026072,0.00378732810045617,0.0228545677471722,0.0388369438006077,0.00188469074759577,0.0341507542856405,0.0421493287320898,0.00211813751180593,0,0.00161006295432137,0.00269610032209641,0.00109639054450579,0.000645348198520707,0.000733250959208698,0.00783931353502178,0.00112488405343817,0.00306370369838689,0.00364917620546518,0.0107391108175515,0.00815746794852136,0.00101012914814865,0.00249189919767878,0.0015837952840572,0.00558189506003817,0.000617380438909606,0.0313344992736015,0.015379938051297,0.00142498438771413,0.000177082526185681,0.000735849950563235
0.013153690658209,0.0299994346943024,0.0249799740113853,0.0109039171565199,0.00783863513298397,0.00180424635101135,0.00853161307558266,0.00938894156963728,0.00305462362963159,0.0132211159025906,0.00666968697330195,0,0.00400774087304383,0.000311823516982386,4.15266081413942e-05,0.000271905194841398,0.00883034539412798,0.00107217113230192,0.00610105685821427,0.00155077419173771,0.0075698551417964,8.17622978301027e-05,1.03313762445429e-05,0.0174050738161109,0.00225392754692771,0.00245113842386927,0.00968268917554703,0.00919293490784098,0.0539189455040083,0.0159894528940657,0.0635861022958137,0.00526556347465455
0.00551768143187563,0.00768328177639695,0.000201458045837023,0.00256848297173124,0.161728664286474,0.0119692390579959,0.106342063772965,0.00604290550819696,0.00206427015125763,0.0169736520080271,0.0150213745364049,0.000147860197974273,0,0.000697083381631029,0.0306739132449088,0.0345370144487324,0.00116521585926967,0.0118173189948949,0.0058889713938927,0.0642189393024008,0.0377998180669258,0.0256488126338977,0.0423644637361307,0.0485856216086877,0.057349819093333,0.00303037048322725,0.0208235244452487,0.0189876925063456,0.00657885273202067,0.00148638408318444,2.85558629394626e-05,0.00101486656315618
0.000744087521509958,0.000702852122581264,0.00238646025687371,0.00812550613681533,0.000505520980656079,0.00244972814162505,0.00879867966479852,0.0175381655158372,0.0983612025007964,0.00249717266789803,0.0112853204219709,0.0574636068426558,0.00908129502293973,0,0.105609685421047,0.0319216645141497,0.000365312612881291,0.00494921479600299,0.00107351924330962,0.00168648470184865,0.0118508126096197,0.00130575817198745,0.0063766088743366,0.0045707774178547,0.000762266328184473,0.0162159137875059,0.00154887577150647,9.49437485817276e-05,0.0210965304172701,0.000197768567503064,0.00265998992591158,0.00101344520889911
0.00996177732919564,0.0398069559007811,0.0140074488311701,0.0019942175633113,0.111683843994323,0.0118922670981231,0.109376876336712,0.00170803354646932,0.0212997687516609,0.00256234027706701,0.0260819678293469,0.021076953963123,0.0529493115204012,0.00307870545151477,0,0.0543269175609974,0.0021634680648181,0.0090088416027985,0.0124582147608873,0.0225955382355154,0.0506587223905131,0.0107900027771441,0.0419964635556024,0.0635145536251073,0.0467654168735627,0.00511011405329584,0.00482983734247047,0.0312755179822324,0.0043345608324879,0.000829388920517261,0.000992976449118497,0.00409429009360282
0.0156749850926239,0.0632634883441317,0.00929680339825564,0.0138740008472214,0.0401573124742481,0.00385266359954299,0.0325984137601113,0.0424553698582327,0.0552141548105062,0.000277850336519382,0.0035558534857968,0.00029593550918978,0.000649938017764046,0.000517415943615757,0.00125470085503685,0,0.00793659070667053,0.0012545182907973,0.00026490580897546,0.00525524834878313,0.000441695221649686,0.00010403871048623,0.00222171716356972,0.00511350948831884,0.0134340298314989,9.94774837299835e-05,0.00262132677982606,0.000307448130142738,0.00337908705428967,0.00204643574700859,0.00957176123117767,0.000521373210295534
0.0104252932619084,0.00173827297852837,0.00318977836171718,0.0277216785014628,0.000589813009128913,0.00471957510211182,0.000610522271373203,0.0167551849679765,0.000291540229763865,0.0098677199810932,0.000142591320007494,0.00506903506828805,0.000622973178543497,0.000406300512950264,6.47527561974462e-05,0.00321785286965786,0,0.0181167032543261,0.00117184823817182,0.00572857926853374,0.00129249589017118,0.0274831405917855,0.00808011813033316,0.000221614941514504,0.00222019455593247,0.00522458788411258,0.00444110785570489,0.000657741501020824,0.00730099270243499,0.000576053787435484,0.00427573707635123,0.000595026175757034
0.00202682629859263,0.00176094198518676,0.0064142390306306,0.00197471054048878,0.00168290409111714,0.0105214309348306,0.00657493337486747,0.00190083641980748,0.0989828605903647,0.000474519172105096,0.000252763845892106,0.00121637470466387,0.000195061819158713,0.000121884052318764,0.00198216764447848,0.0392413180946627,0.000160440463171568,0,0.00929169674740959,0.0368644317354175,0.0219941844987031,0.00576712158943972,0.0061065179109956,0.0698448501935053,0.00544950566892332,0.0118781157895792,0.00507549801930403,0.00239440949141869,0.000384747545643283,0.0012704358993637,0.00110176699990084,0.0007360394357311
0.00130636209597479,0.000588773394058871,0.000667429017608489,0.000417667559392759,0.000506336746210785,0.0108134458490865,0.0187393618773654,0.0087269227741882,0.0120659442368373,0.00034640973017152,0.0206370082764851,0.0194631212095657,0.000523821882796582,0.00060046144817468,0.0132995375662188,0.00302051345468593,0.000928816878948538,0.000173729747010507,0,0.00675140210144772,0.00514245527166925,0.0136300077411717,6.08455658698439e-05,0.00601395831360468,0.00218547000661439,0.0339834006129791,0.000920776886504724,0.0102418148171481,0.00471246288488413,0.00202501496619266,0.00939079163704699,0.000371933537598209
0.00166782786186778,0.00280884356323896,0.000980849978121351,0.00742030451847521,0.000530295733014673,0.00804789522367943,0.0057734935196607,0.0016892244147345,0.00165807161162373,0.00293763622634652,0.000622545240791111,0.0110682520237211,0.00162659317314683,0.000409690935184427,0.000334143771827071,0.000716503198125073,0.000386051029522676,0.00339116697519359,0.0142106104378361,0,0.0291803948164776,0.000405016974519039,0.00304456122794537,0.00549480926458842,0.00360126444686854,0.00411204546683891,0.00233883431298188,0.00403488704805181,0.00534186308844871,0.00756966861682254,0.0111543428254876,0.000173741982887606
0.00561147863236393,0.00357861205980306,0.000311015580397151,0.00171666650347874,0.00210526024108775,0.00609251018146997,0.0126063132881311,0.00212555265392485,0.00328707208126805,0.00310102978971187,0.00206533894756887,0.00251041334562842,0.00119578456399025,0.000370853773663491,0.00246814139980815,0.00396802286446411,0.00213767024238116,0.0108661940818007,0.00579644678338917,0.0341815678931761,0,0.0124640358528672,0.0471075861094795,0.020071268467092,0.00971694275610773,0.01376778089519,0.00139360015679585,0.00229749245088109,0.0157671272331309,0.00502800771556591,0.0109820651904116,0.021893302246446
0.0276818298839888,0.00977014279282726,0.00216435328520941,0.017477576382464,0.00402539831862313,0.00174757592100261,0.000525671408542753,0.00889806144800243,0.0242662118626008,0.00925673312631764,0.00266818222568413,0.000425988839796638,0.000542448097878019,0.000437480579456337,0.000876697080098791,0.0101497859671668,0.0384032851503778,0.0113994215644913,0.00444853953968503,0.000802446676618099,0.00389265343830623,0,0.0202166996401828,0.00408895577140106,0.000863778713068457,0.000517125734063554,0.00459924153365656,0.000888622019274048,0.00403169398873588,0.000949951756744951,0.00560949007141957,0.00848401380236579
0.0171313368285871,0.00648163601609967,0.00207069864504258,0.00394275593576993,0.00128457989043839,0.000701126390476789,0.00684650814357297,0.00311795353830538,0.0045499920209204,0.00221343042918048,0.00461166286374804,0.00568532729707657,0.000706784408872248,0.00089473212473759,0.00245645436491206,0.00442640659382971,0.0159551653920453,0.00215166153327916,0.0101965973818748,0.0102938392581064,0.002887083473429,0.00339163672318501,0,0.00196443419154645,0.000199582476682257,0.007108119138143,0.00163551021601714,0.00184664589101113,0.00412751184806488,0.00415780222477702,0.00387023064899172,0.000181214696453704
0.00280682621540661,0.00531115412379919,0.00120118240702084,0.0027113502738244,0.00838673316708595,0.00846545212676512,0.010166755456689,0.00309666806087912,0.00179732658299602,0.000135816648218711,0.000654882222955093,0.000379925559725215,0.000597946896579007,0.000309200169056711,0.000126593696494973,0.000250297285095098,0.000315638637658676,0.00240707088675482,0.00999941503960006,0.0321654830521707,0.099510053681335,0.0136820718662195,0.0566938008314892,0,0.0184476726212494,0.0136954792505936,0.00171659175774354,0.00204615006825202,0.00507919865476191,0.00113298041649919,0.0147428258895965,0.00204228038071546
0.0142698618314919,0.0147890873723572,0.00328490437023877,0.0153783376539515,0.00689554927975005,0.000413761356679355,0.0499224593081192,0.0112116249477729,0.0178854737499323,0.000282597094346753,0.00118590115629369,8.91909813345684e-05,0.00101243307197627,0.000368283998238681,0.000996621933607783,0.00810791643473723,0.00674255625208516,0.0101602726260459,0.00329156246891825,0.0137555412946741,0.00128552750584369,0.00120172810302459,0.00357773786290481,0.00890544117347601,0,0.00120886319209133,0.00024267443445665,0.0129792085150798,0.00182960717967735,0.000132096574417668,0.000317175971725725,0.00100217444321666
0.00179517821596417,0.00119611525452842,0.00166343776666267,0.00178061457250513,0.00553451405010445,0.00231584190869332,0.0014505591598556,0.0244477777808243,0.00230719109089896,0.000479626294103271,0.0260757989897707,0.0393030797706826,0.000121176972185598,0.000667054133926221,0.00166033150481342,0.00239117487649329,0.000926213212106987,0.0127831809031615,0.000685774619840224,0.0295986733048464,0.038068496819777,0.0323881210419779,0.0233615792727367,0.00110390940961189,0.038972749885159,0,4.50405402584573e-05,0.00196180081184339,0.00763352844343134,4.08133920388309e-06,0.0366190653416382,0.00443617176580458
0.000525448773665219,0.00070867890585899,0.000243081122042599,8.40944410249542e-05,0.00365254809310353,0.00518486773049087,0.00403014194290514,0.0137044689834454,0.00688015577140952,0.00195865658592591,0.0335439193111082,0.0677008983441479,0.0027015737203629,0.00053535321409718,0.000196368252495189,0.00422259854045557,0.000142618751538191,0.00508014366954306,0.00248053399120869,0.0231753348767088,0.0676398998585442,0.0145613884795929,0.00822689506220974,0.00912110440708083,0.0207955823924972,0.0110438017474725,0,0.000103398954575328,0.013552827537621,0.00208436711239577,0.0320205814000565,0.000945354238232209
0.00435906432029424,0.0107709815940738,0.0114934459741599,0.00716208788499505,0.00954598302969271,0.0217350685034044,0.0132923678546406,0.0081839935031025,0.00337757960680534,0.00842772038409341,0.000617038467495578,0.0890431629481455,0.00972153502710848,0.00104923671195857,0.0425793396068659,0.0020758778309557,0.00223571393442157,0.000307617094970385,0.00209859414320701,0.0111451604152161,0.00183722058723679,0.00541995650004484,0.00803822848284063,6.96194958633051e-05,0.000237238664108872,0.00139886267347757,0.0167664375170837,0,0.0668388950651348,0.0148271245439324,0.0176906062965115,0.000383624886812324
0.00365160313948725,0.00348778134858278,0.00415406617150995,0.00858548366119834,0.0222308758095081,9.31107185058494e-05,0.00251383887713568,0.00294480829205959,0.00427238672688784,0.00305366842402084,0.00055409723730662,0.00077463117304724,0.00447288126571048,0.00224586757485827,0.00157566984124923,0.00893198876049272,0.00320630985064699,0.000393167483605874,0.0119640548785145,0.00295682018217393,0.00234092874957152,0.0172119551472371,0.00352924332302309,0.0188456491667585,0.0126524877092318,0.00894275742889666,0.00284798634249583,0.00351944736769012,0,0.00839399219011848,0.0634599038219657,0.00371932618480443
0.00146955472231014,0.00487722633416203,0.000169433174494321,0.00439839065786689,2.75510811982525e-05,0.0117453046969387,0.00325110711682708,0.00533020059648843,0.000412882998082822,6.34085608567261e-06,8.81690997697236e-06,0.00691852889656562,0.000205790732730385,0.000738365846003676,0.000488075280089528,9.54505372752504e-05,5.60824982915566e-05,0.00109514416092017,0.00076578480428916,0.00554990228598397,0.00716075433589163,0.00337566936925715,0.0135469689850909,0.00236278824898247,0.00528685273393984,0.00250231176224237,0.00254782315924467,0.014294991633616,0.000289541815390052,0,0.0187263404897792,0.000626165164871014
0.00731739026784868,0.00656064075089549,0.0037299442237575,0.00191452677632178,0.00366349944348191,0.0032004063616137,0.00198507703036255,0.00474677251585191,0.0131214516939371,0.0121429910878118,0.00351529379107618,0.0026533910170438,0.000574879247025443,0.00743188185739248,5.19732929981353e-05,0.00803013862304109,0.0047481384794512,0.00872445223296709,0.00261802376280575,0.00234851047500901,0.0234935729687399,0.000739771018297337,0.00681803151564646,0.03973646531961,0.00741250725918088,0.0190926285528904,0.00223377499002831,0.0133606239504971,0.00439340954767228,0.00542187696963897,0,0.00189643628559219
0.0352077033326414,0.0228865873771121,0.00193423023254734,0.0217632337361191,0.0323688924312332,0.00148990074172822,0.0225767322708358,0.0110348346093552,0.00291281554709272,0.0111476452647072,0.00706179866002916,0.0178689594103893,0.000541331515451726,0.00482243058275682,0.0133857975276221,0.0159250353332912,0.00890333526282961,0.0106607261842426,0.0115452934978004,0.092381997635777,0.012816880372561,0.0481300085764762,0.146924413060691,0.0322244203078409,0.0685175790290215,0.00132194776160277,0.00183068876432422,0.0165912414488916,0.0143523345523462,0.000599458154100639,0.00294528073243576,0
