0.0,0.0031527703571776,0.0011110627078042001,-0.0013159726819270002,5.170102220099985e-06,-0.0009484575967850998,-0.0007988268714029001,-0.00015936136646419992,-0.0017418917078276999,-0.0009321487624269,-2.3176418921299962e-05,-0.0004332275143969001,-0.001124041833636,-0.000469018847854,-0.0006901411823395001,-0.0035821290612676,-0.0006372472168473999,-0.0007375686632647999,-0.0013329135537418998,-0.00017141625606630008,0.0009481026650160001,-0.0015913231084572002,0.0004776189949318,-5.9199248044899955e-05,-0.0003774173661102,-0.0005509357317293,0.0004041983786987,-0.00010628572903910005,7.850586495310001e-05,-0.00041661163430790004,0.0004474843341588002,-0.0015681795200641999
-0.0004413273476041998,0.0,-0.0011195410313323984,-0.0009045393186518,-0.00042841479290970015,-0.0006001750615672002,-0.0006852494208788998,0.00023994035758839998,0.0036701713919009005,-0.0024134278051931,-0.0027390992989211,0.0008943932174112,0.00012114092471180002,-0.0004888344149044,-0.0015216372316297,0.0020446569536789,-0.0009206888118605001,-0.0024021617343765005,-0.00021503098053330012,0.0009916572616677,9.538711239300002e-05,-0.00011862273763099999,-0.00012922214210640002,0.0011566327632145002,-0.0008961655726984,0.0012895754672545999,0.0012267577236768998,0.0004504807444914,-0.00016764732197810004,-1.6850657229999268e-07,-0.0009747308431153001,0.0002307177694756998
-0.00012238776395719986,2.6621528900499895e-05,0.0,-0.00030341405823060014,0.0011603055894733,-0.0014740960232562,-0.0004499866395707001,-0.0010232836395651001,0.0025212665521684,-0.00028819776580229996,0.00010963206027299983,-0.000174736911466,0.0008526573064947,0.006083871282201001,0.0013420804938961,0.0008553740278985,0.00040912305809520004,-0.00017009773816270004,0.00015397473461579997,6.610410881719981e-05,-0.000548945011708,-0.0003658840568917999,-0.0007515641074798,-2.0110506688400054e-05,0.0013470933483908996,0.0006546391631313,-0.00019191704253170006,3.979903979769994e-05,0.0005611234280817001,0.0005841948778551,0.0006931883841867001,0.0006573164155984001
-0.0010099345492295998,-0.0020585492426976,-0.00022819709164869978,0.0,-0.0015389778273291006,0.0029031974605794,0.0006304557147374015,0.009423921375765,0.0021103275185933,-0.001164799729019,0.0011408243979425998,-0.0011158588882911001,-0.00011673501284149975,0.0006776165308544999,-0.00041038446496770005,-0.0001328306198640001,4.8564357943700035e-05,0.0006670496400084001,0.0011223908979911001,-0.0016134045539494997,6.553829469987775e-08,0.0006965953170593001,0.00028321149471629994,-4.426214097760003e-05,-0.0002832691681137001,-8.237238844019997e-05,0.0002672778388198001,-0.0007771004769526,-5.081521478750002e-05,-0.0008437125638378,0.0008622408282686998,-0.0003286737859177
-0.0004084129872439999,0.0031502084484124997,0.0012631518616415,0.0008146076649132999,0.0,0.00047892079211869776,-0.00024535616900000015,0.0031426608051339003,0.0009450065545774,0.0007834310891132999,-0.005520637667552099,-0.00034947704812579995,0.0008551255603095999,-0.00010482473669260004,0.0007830105322025001,0.00014254460931139982,9.417877040649998e-05,-0.00044109448866170003,-0.0003223795625634001,0.0006314468502087002,0.0009169752381885999,-7.578996943479995e-05,0.0005147835252613999,-0.0013253872285668,-0.0024941661660851998,-0.0010109009011391998,-0.0006312182444585,-0.0015663438909556,-0.0014348517030863999,-0.0006521567618488,-0.0006729619732452001,4.279051855749991e-05
-0.0011370685197675003,-0.0010822370321804,0.002378318377186001,0.0023396248089496,-0.0008018990617029999,0.0,-0.0010488364361187,0.0029500506326783004,-5.634390201729998e-05,-0.0006551753621757,-0.0019324900976001006,-0.00015688330366210004,-0.0006754254118375,-0.0027500516599311,-0.0011709622665153,-0.0017438103618968989,2.744891019249994e-05,-0.0004363911138577001,-0.00027682528764429995,-0.0002597161730560001,0.00034056185176270005,-0.0006279414216589,0.00014943207325210004,-0.0001432325621769999,-0.0002301590329250999,-0.0007855244326336001,-0.0001271351159825,-0.0003048291380972001,-0.0004677434564881,0.0004611841972267,-0.00025843817946419995,7.44165522717e-05
8.013693010929988e-05,-0.0004540976961850997,0.0010504297017229001,-0.000511085582631,-0.0006945349542381999,0.0007274222731059,0.0,-0.0005044964877768999,0.0012773171437342999,0.0006718895569006002,0.0003435531415139001,0.00013856919009790005,0.00025711081801869993,-0.0030381203879124995,-0.0003011740082871999,-0.0014235299903801006,-0.0001864882062869999,-0.0016935879787434004,0.0006339849670974999,0.0004387458658284,0.00028035384382899984,-0.0007404126380549001,-0.0007360771651129003,-0.0006056558244439001,-0.0013559768248698999,-0.0013059017102057002,-0.00010292482092440008,-0.0003047396958524999,0.0002881109705070001,7.673369427289997e-05,0.00047527677464040006,-7.072778531900002e-05
0.0003779430161471001,-0.0010559138365101,0.0027525033154183,-0.00046686971002249996,-0.0031472313807133,-0.0021266166852218003,-0.0014853113467699001,0.0,-0.0006240793242074999,0.00026846262030889986,0.0006233624777352001,6.495403080610017e-05,0.00027109000964030015,-0.0002040687921901999,0.0007375785278630001,0.0005539838072410999,-0.00031036057044760005,-0.0010510950786243,5.765495050439999e-05,-0.0004222339059721,-0.0003337810163356002,-0.000546557041532,-0.0015032508269728,-0.00028198668407779996,-0.0005414709752085,-0.00043054600425650007,0.000498270250302,8.273901923720002e-05,-0.00013101712971159995,0.0006110049150504998,-0.0005281080826998,-0.0008253944874447999
0.0020802428216418,0.0016643551885950005,0.0027328731148035003,0.00035345743147839983,-0.002793566385388,0.002077331935692199,0.00025160520109310074,0.002028020303307501,0.0,0.0005710451218858001,-0.0008756337619893,7.1266965969000486e-06,0.0024085765819856996,0.0007079081494628997,0.0012090168105519,0.0020566880567273,-0.0032148814138779997,-0.0025556115095129997,-2.387776709400014e-05,0.00037535466657309994,0.003118528147609899,0.0004702471896124,0.0007512122346321993,-0.00013669022585110005,-0.0037659441438406996,0.0003147667149514,0.0010644955494859,0.00028983867769929994,0.0006593034483868001,1.4813337442699998e-05,0.0013572404148193,0.0054596470422784
-0.0007830849960434999,-0.0004674006559609997,-0.0025259179510395005,0.0006018897177936001,0.0003438076405043,0.0018414017184366998,0.0029525260509212,0.007251918668312601,0.0008873849160625999,0.0,0.00027379080531070017,0.00019493837295929991,-0.0012469639984381,0.0012901156367260995,3.359595961719992e-05,-0.0010103187052916,0.0005854012757385,0.0002566009229972,0.0004081706060679,-0.0003887024025581,-0.0015360778837834,0.00018404196526899995,-0.0008704926896330998,0.000431826338363,-0.0025191318307485,-0.0004930664217790001,-0.0006776506726672003,-0.0002894380834791,8.402997494329992e-05,-0.00017400155606980003,0.00048411335720830004,-0.001604596252261
0.00019920125104180017,0.0004414506414056,-0.0008523057771669001,0.0016325456809729005,0.00015927823929249977,0.0019860494818336,0.0027525515571918003,0.0036681851226599994,6.130550120200069e-06,-0.0008589585155254001,0.0,0.0002148376150809,-0.0026099047448929,0.0010963001195999,-0.0019742511000085,-0.0009619899718917003,0.0003141089131642001,1.910325541620004e-05,0.0012244823755007,0.00023590225372120005,-0.0011342956625837002,8.606428814970002e-05,0.000352680422893,0.0009541902410193001,-0.0022194879972156,0.0001166063577277,-0.0011762229199912,0.0013332590307817002,1.1265325525999922e-05,4.63804379064e-05,-9.137267746260006e-05,-0.0012147210178456
-0.0006841996912730999,-0.0005754664178868997,-0.0004052351894667,0.0002885669876593999,0.0009841188058898002,-0.0005159536889811,-5.177553158449994e-05,0.0024060906567695997,0.0004896736827939997,0.0013092346424178,0.0009448896549564003,0.0,0.0016186355972392,-0.00014194322671400006,0.0008287278326392998,0.00024989307622449997,-0.00033438907332900025,0.0002493531506559001,-0.0005488884390028002,0.0005458272239772,0.0005055567603699999,-7.318060976210003e-05,0.0015103504811056,0.00013767663228769983,0.0006103887847235001,0.0006643390817833,0.0010667737371077,-0.0004318296463467,-0.0006413234147731,-0.00035658934679690005,0.0021645460259511994,0.0005572399982066
-2.6310062903700028e-05,-2.1417986214000034e-05,-0.00047818720214419996,-0.0048686871078328,-0.0005190140779355,-0.0005837061125894999,-0.0023885951833184996,-0.0047697348883630995,-0.00035282962957080004,-0.006125428554672001,-0.0027511568822024,-0.0019526688189195995,0.0,0.0018401679982998002,-0.0035033098204892994,0.0008700885766174999,-0.0004813260208359001,-0.00028139195448079993,-0.0002268643412914,-0.0008010365945538999,-9.933024127100004e-05,-0.0002237265386621,-0.0006903057263090999,-0.00043957106801159997,0.00026627284225549995,5.0552384222899956e-05,-0.00015169445498020018,-0.003548116885540801,0.00033373326752990005,0.00023705192333990004,-0.00031084036304789985,-0.00026971787230810015
-0.00010423859563280001,-0.0002669759616270999,-0.0013406338739579,0.0017055377108801,-8.377866481820001e-05,9.534170736670003e-05,0.0003650572751895,-0.0006657513449390999,0.000493362241243,0.0011760042525859001,-0.0009848470249098,-0.00014646426239759997,0.0010504852169914,0.0,-0.0007111119369856995,-0.00044555318504650005,0.0004901352786449,-3.2644190114500065e-05,-0.0010558745273242,-9.397733108880001e-05,-0.0003640278985728,-0.0003716127707706,8.16431336805e-05,0.00029563636915449994,0.0013139046693554,-0.00020558214450120012,9.734024651649993e-05,-0.0011282940025089,-0.0008072770408677999,-0.00022228789963429994,6.66874917685e-05,-0.0002056367542640999
-0.0009700225108761001,0.0009437999015096,-0.0012119939019672,-0.0008986314658243001,0.0005820653604129,0.0019626525544817,0.0015238408170422,-0.0021787605232793,0.0013562460680976,-0.0016528612183569998,-0.00019249667200710004,-0.0003156814915226999,-0.0005379766848644003,-0.0011530107654102997,0.0,-0.0004772639902866,0.00031381501425989996,0.00038315945741510004,8.56658847521e-05,0.000185239801558,0.00023280871337419992,0.0005818701534794999,0.0002190883088009001,0.0009948158354311002,-0.0006674330845187,0.0002935979376473,0.0006333914758537003,-0.0013037643309447003,0.0003152966592788,0.0003923054295402001,0.0005776336003103003,0.0007988574962447
6.98424720277e-05,0.0005081392636473998,0.0015020845066994002,0.00013602018245800025,-0.001875978150278599,0.00022603636769990025,-0.000307430728654301,0.002203315728540999,-0.0015367908360814997,-0.0009789166791494002,-0.0031430832812521002,-0.0005739659836782,0.00024171886093090006,-0.0007831092290415999,0.0005902952812198001,0.0,0.0012354875104344997,0.0020787362521931998,-0.0012555261830241,5.217679014569987e-05,0.0006415801902485002,0.0015218114061789,0.0020910378711878,-0.0005892533236857,-0.0015755447973608006,0.00028647143643890016,0.0010487863206066,-0.0008302000580631,0.0004404443904555001,-0.0009900353610124,-0.0015534519407565002,0.00015530550976149962
0.0019028446685410002,-0.0013070235016306,-0.0005224712691422001,-0.00020251337971800008,0.00018411774972490014,0.00023121243280780008,-5.912311138439998e-05,-0.0006005154988814,0.0011997018001495,0.0006340880685844001,0.0009551363661135001,-0.00021012800367180002,9.09561203737999e-05,0.00012683139455369998,-9.759742442000266e-07,0.0001639106243610999,0.0,-0.0007323255395376002,-0.00011130322613819984,0.00011773425362280004,-0.0003140836064900001,-0.0001913652665958001,0.0010194505212533,0.00019453029345259994,-0.0009861805385180996,-0.0011005373973074998,-0.0009102944456273001,-9.044818037730004e-05,-7.834405263800002e-05,9.985107255650006e-05,0.00018688702937950008,-0.0009686457478580001
-0.0016064576202892001,0.0006474031684733,-0.00017240748304749986,0.0004904063417629,0.0010513500219678999,0.001000231079147,0.0006455949693895,0.00026466957425789995,-0.0002771763603258001,0.0008670017056345,-3.66616280799998e-06,0.0002923208371798001,0.00020463648934480004,2.6322921903699928e-05,0.0002897162959731,-0.0004440394502539999,0.005980767819894702,0.0,-0.0017366321886322002,0.00013646891321029996,0.0001368832966613001,-0.0018942450765842,-0.0006571783437853999,0.0003267178819273001,-0.004591895883070501,-0.0014846012620346,0.00026900192828849994,0.0004494042982205001,0.00017939260346150002,0.0008699836395819,-2.103540662799948e-06,-0.0066219189901954995
-5.5367345801900095e-05,0.0011758690972405001,0.0009458342195903999,0.00034516492090619995,0.0005839788988003,0.0007907679740887001,0.0006167351553649,0.0007628781871997999,-0.0008606931391713,0.0007109623955992,0.0007720297719603,-0.0009963880128521,-0.0008268283148239999,0.0021650712528661,0.0005826092028933998,0.0018475542113564,-0.0011903955789672,-0.0013036176537044005,0.0,-0.0010915097901282,-0.0015157122462545998,0.00027383564545899967,-0.0008148913434557,-0.00034389687397419987,6.413449308199839e-06,0.000870857086559,2.7869018665100092e-05,-0.0008562252194431001,0.00015456367069449997,0.0006341497696652999,0.00041878166370229995,-0.0008834149468306002
-0.00016960393156850002,0.0007415903796189997,-0.00019711646011589992,0.0005525826229712,0.0004546035491682,0.0003814654255767003,0.0009471670556979999,0.0006958244704217,0.0011491000899579002,0.000591636539128,-8.705204503550007e-05,-0.0003035137107189,0.00031154644956639995,-0.0014805445827471,0.0013422353929011,0.0007190736016319001,0.0005156602253518002,-0.0001878832415361999,-0.0004191896858011003,0.0,-0.0005254148115423005,0.00011854534233059991,-8.405166934230025e-05,0.0019508798634080005,-0.0022141573375864003,-9.301568978550053e-05,0.0012564705436716997,-0.0006801357491300996,0.0018173928931755996,0.0009236955245140004,-0.0003983740336578,-0.0010192336558707002
-0.00011386035022569992,-0.00018758739576179998,-0.00026427987196860005,0.0007059399133204999,3.5808192267999936e-06,0.0009239605901987,0.0003675929147288,0.0002958994402740999,-0.0011551050768674,0.00047328273440369996,0.0003003849112218999,-0.00027743459663209986,-0.0001792253709422,-0.0013329586755307999,-0.00011437127231219996,0.00014388315376419997,-0.0013317417648761,-0.0021655510302605,0.0026223607119244,-0.0019123518654824002,0.0,-0.0010177487958704001,-0.0006415809227979,-0.0006638919827066999,-0.0007016229092640987,0.0002638685637424993,-0.00014207192519450013,5.4128268319999975e-05,-0.0004770981816906,0.0006804290738125,-0.0010098832931633,-0.005205999360520899
-0.0002653138696875998,-0.00021156453075500009,-0.0010051714542281,6.727249763099951e-06,-5.948944548770003e-05,-0.00027948211988480006,-0.0002890638829556,-0.0017422879894764,-0.00014457630802900009,-5.355488737339995e-05,-0.0003928604238176,-0.00042024863941350003,0.0005424644090234001,0.0019885400294916,0.0007451011366738001,-2.3255396077000645e-06,-0.0004512573761692,0.00024007902138990008,0.0009880838074996,0.0020245581692748997,-0.00034596195556180036,0.0,0.00034101198938320005,0.0017563366871159993,0.002542703680465601,-7.732982549719936e-05,0.00038795932985829997,0.0006747859149603,0.0003946166977225,-0.0006598289151404,-0.0006702927724655998,-0.0013968384295544
0.00043899339033449995,-0.00012660589323439998,0.0006761838423886,-0.000865862129217,0.0008511352138738002,-1.5026229025500077e-05,-8.628834859999925e-06,-0.00044362983568079997,-5.001530616440008e-05,-0.0007453302556179,-0.0003374010090221,-0.0001778550863095,-0.00044044963447600004,0.00022599019131640003,-0.0006475148847925,-0.00042597544717840004,-0.0016259369833107001,-0.0016998525191986998,0.0010013664848890999,-8.783926157550012e-05,0.0005917013735652005,-0.0017999337270791999,0.0,0.0005446877792079,0.0008320219370141,-0.0010129390418632004,-0.0003895662247374999,-6.9433916499e-05,0.0001792465624526,0.0006539430926580999,8.793726568879991e-05,-0.0049801346249923
-0.00034054658751289993,0.0008321069074382001,-0.0006049308879269001,0.0008552354183185,0.0002446416529380001,4.747959089700061e-06,0.00039923926612690005,0.0004976235549157,-0.0004396752406975999,0.00045034759129409987,-6.125596555470002e-05,-0.0005032029671489999,0.0003083384603392999,-0.0013534657683918,0.0014746804782369,0.0005981299643357,-0.0004098302584203999,-0.00047439877536090006,0.0006120921251816002,-0.0009997902326879,-0.0016767680090837012,-0.0003961353556637998,-0.0035899001304764994,0.0,-0.0015909687321915,0.0007908477737006,0.003991637981861501,-0.0013315105996553,0.0022317198440022,0.00037302834345379976,9.02952133304e-05,-0.0005826247270736
0.00028089353615009995,0.0003751015824219003,0.0011967177468678002,0.0002606474148594,0.00012536180468419996,0.00029338414523650007,0.0004357421750436,-0.0003565233020035,0.0011245236779251998,-0.00029035250409699994,0.0011311392378686,0.0003571549094596,-0.0002093519393398999,0.0017237350842205998,-0.0005444189494143001,0.0007178673335337001,-0.0021798782918797995,-0.0031713284434181,-8.731347230799989e-05,0.0008666711497505998,0.006068349572518297,-0.0056695415228332005,0.0048958793285821004,0.0008527336973239001,0.0,0.0036261582550306,0.0008950916671507999,-0.00034025105075239986,0.0010536171815758,0.00032711065373160013,0.002685387774062,-0.008734818704638297
0.00016105125083950016,-0.0004479458187687,0.0008177749569366,-0.001107806826924,-0.0005382636377282,-1.0606821635800005e-05,-0.0005025286314645,0.00015642442475419997,-0.00020584877566159996,-0.0007051251826362,0.0005975246042613,7.101739255959989e-05,1.2524719192700054e-05,0.0008852038453742,-0.0007533438382497,-0.0006204942133563999,-0.0003246720015764003,0.0004984558165473003,-0.0006083802447877998,0.0021802227113686006,-0.0008896607918898007,7.443140738059998e-05,0.0008183179394828004,9.567635281580028e-05,-0.00027949307748070004,0.0,0.0013722512652535003,-0.00028836185308280015,0.0004823954136662003,-0.0018537994507585001,5.48320341080006e-06,-3.244400177139994e-05
0.0009253601502165,0.0015711149452845002,-1.6039976440599844e-05,-0.0002747943205438999,-9.091960950809988e-05,0.0003501835238199,-0.0002718577167298,0.0001808129376378,0.0004021206292630999,-0.00015630875118729994,0.0004367149942988,0.000809720865574,0.00024467032581420006,0.0006406313840931999,-0.0002048400833448,0.0003623265438506999,0.00032261824010700003,0.0010304418028444001,-0.0003064392750408002,0.0025697509385553,-0.0009787315162639002,0.0005554143071409001,0.0009985260155456997,-0.00042325905029329996,0.0014805623220735002,-0.0018073847440161,0.0,0.0002001575451897,-0.0008355135298961998,-0.0011051015734746998,0.00025289359750879994,0.00015382014111610008
-0.0004544998537016001,-0.0007151755011650001,-0.00028837531949219995,-0.0022608774707588005,0.0019306678251998,6.417843028300001e-05,0.00022747469941919994,0.0010901956055305003,0.0009004995764060001,-0.0019170832525835999,0.0012293539934882997,-4.237347413399949e-06,-0.0007775926146882,0.0010386736835964,-0.0020515289142435996,-0.0003377566867545001,-0.0006046346654789,-4.360933224929991e-05,-0.0023026128493526003,-1.4130012329999437e-06,-4.6011577829999984e-05,0.0001096760631967,0.0010692615357662002,2.301020678940023e-05,0.00033324076356280007,-0.0002052245717967,7.410918298249997e-05,0.0,-0.0009544589705245,-0.0002453269561382,0.0015029483454710004,0.00012275484977640006
0.0005927065151308,0.00025763537618350013,0.00011733983167479993,0.00017343149184720005,-0.0014987191596501,-9.429366910010005e-05,-0.0004370488374743001,-0.00027461458630679994,-0.00028428588693049997,4.2811405998599995e-05,8.39552542672001e-05,0.00019149762904299998,0.0013624652130021,0.00018016352866669994,0.0004813602550074001,-0.00021320134290870002,-0.00022561183367399997,0.0002649642285293,-0.0005220239739464001,-0.0011756035383495998,0.000414463811637,-0.00011336117399659993,7.87840571875e-05,-0.00021731426557789998,-0.0004190403945437001,-0.0003440511842447999,0.002774249451015699,0.0001867663433072999,0.0,0.00011825147048570009,0.0009450678839340995,0.0006290569926913001
-0.0006727853674253,0.0006437544124009,-0.00032404625014839997,-0.0004986717030826999,-0.00038411136730520006,-0.0010547449046413,-0.0009098204511314001,-0.0008144519099704999,-0.0002081386779944996,-0.0006626221386899999,-0.0007372269147064999,-0.00017612391471600024,-3.358925159000154e-07,-0.0012296796363922002,0.0011771845452043,-0.0004558742782332999,0.00046538786218180007,0.0007832227578962,0.0005828055747837992,-0.0002620972498600998,0.0006563504396424,0.0003850381090475998,0.0002539280032460001,-0.0007130263497614,-0.0009114645385659998,-0.0006189766422457,0.00022985213264779998,0.0008926679239852999,0.00035057888337090013,0.0,-0.0001632402232009003,0.0007042422539490999
0.00019889784722540004,0.0004749547585349999,0.0001555561231631,-0.0017944119929023,-7.198701382450006e-05,-0.0009855223177503,-0.0008079757285403999,-0.001753310094741,-0.0007597099700936999,-0.0025105957631977997,-0.0006467346122856999,0.0004169003330402,-0.0005875025944727,-6.978565057900034e-06,-0.0020809569847202,-0.0006817606576771001,-0.0007593750955614,-0.0008947340698333,0.0010049238922704,-0.0004900443517346,-0.0008481131898878001,-0.00015412686962710002,-0.001292820841959,-3.657804389660055e-05,5.596963023099923e-06,-0.0013745920577554998,0.00027749427134369977,-0.0006846331478712001,-0.0005656844758255,-0.0006666197803595001,0.0,-0.0014386079698866
0.0006522153214389001,-0.0009569794982207001,0.00014536040158500004,0.0010615653162589001,-0.00026902316281759986,-0.0002038702504566,-7.09562516175e-05,-0.00036846822435689997,0.0013454642385977,-7.885997056650002e-05,-0.00021234535408520003,-0.00015238829835109995,1.249552940959988e-05,0.0012413456011358998,-0.00022601664012550002,0.0009461781967503999,-0.005001794136164301,-0.006459488945556599,-0.00034649538939760004,-0.0014407675556508,0.0010006347681354002,-0.010111630602146001,0.00010781452745819986,0.00038363786935789995,-0.0007336415973264003,-0.00013068916724329996,0.00048542606803820003,-0.000261691596744,0.0008480072173253001,0.0004545521694864,0.00023475786132709996,0.0
