0,0.00259671538003853,0.0178500147644752,0.104267443802025,0.00924454859846697,0.0642428598999056,0.042385769250792,0.00503194724144314,0.0510029068824443,0.157554394350105,0.0436400783171656,0.0631543761062708,0.231953891234327,0.344817054375329,0.254183379148108,0.115383859207802,0.187694216143483,0.0568848314832682,0.144955907014594,0.0046663321659987,0.227579671715498,0.0475524556668203,0.0715532810678306,0.0699813424304558,0.288510732157573,0.0416300368457479,0.0159424954116026,0.146279699891421,0.178615155716189,0.0722234145339259,0.117288481615551,0.304761303726585
0.00259671538003853,0,0.264986565825801,0.0409621105539289,0.152689598604165,0.063107584409072,0.0245308861966816,0.130653141084235,0.0312416456115265,0.045360274813911,0.105371503037786,0.0598350892958832,0.0989206133092576,0.0244666917078682,0.00603531499353307,0.0757313306644272,0.204809989029294,0.292702782361842,0.0156745032070348,0.269177437561576,0.0220218974777194,0.269336072270633,0.15375727248396,0.0460100873661029,0.0255816563875606,0.167421073004153,0.0337624915414503,0.035150874991914,0.00164531082859876,0.0408835669047067,0.0124459917493042,0.0390108714391469
0.0178500147644752,0.264986565825801,0,0.0909353548223881,0.547160741384115,0.24022766875439,0.383353475966378,0.0326636831332598,0.266975598010302,0.202511677549328,0.0432993674598952,0.0496040580256926,0.0101523875018628,0.0129189763749055,0.116958303562591,0.109705261126973,0.155778164577249,0.0589695812647451,0.227821426825003,0.0374620192657507,0.027596234791136,0.282685710253668,0.129541521566622,0.0154145563048731,0.0014522402063334,0.171546324452206,0.145883676965448,0.0148366438091336,0.213363189645098,0.31860904609899,0.288840374478411,0.0111442576167909
0.104267443802025,0.0409621105539289,0.0909353548223881,0,0.0974161691880922,0.11385334199433,0.100170482240887,0.779450538323813,0.142371444266236,0.621320114679115,0.35185341296087,0.233451784721726,0.138400324526599,0.310342864917451,0.0226481488181202,0.132454362322513,0.0534493001904093,0.102776452444756,0.108020580662547,0.0298519406780913,0.0492612414095546,0.0885580630596984,0.0381454976701188,0.0481549226842228,0.0615135282733219,0.00941495517324254,0.0291424902675441,0.250318744474895,0.170820748248648,0.0733661887153352,0.13081966224874,0.0791222726285271
0.00924454859846697,0.152689598604165,0.547160741384115,0.0974161691880922,0,0.47248400658133,0.65769174237155,0.136902310707111,0.402482489644724,0.088034313373618,0.0203708147355204,0.0980209206844416,0.0467923907803224,0.109233434995106,0.210583402890498,0.143599145059038,0.00408009277243182,0.0137537633240919,0.182098357278803,0.0142553216309101,0.0727749684514559,0.208837973667434,0.117492147621452,0.00566477251478194,0.128925768167002,0.141222098582357,0.128282067664876,0.0410817395309998,0.317202072965033,0.262648237961785,0.435642597311501,0.140593660443462
0.0642428598999056,0.063107584409072,0.24022766875439,0.11385334199433,0.47248400658133,0,0.723794944994338,0.393630772218839,0.35952713670237,0.00456309310338218,0.204854979468449,0.021276924227507,0.135577605790526,0.00262666290054814,0.315725646046081,0.17184124307831,0.0149590531172231,0.0124242494191074,0.303625397437575,0.0156285873449704,0.012051647586965,0.346707488166848,0.231113400899701,0.0673734046116412,0.0524462471241762,0.00216887749284579,0.0117080218811929,0.184193345020777,0.376191616854263,0.276537012597259,0.238037746914874,0.0479301204271857
0.042385769250792,0.0245308861966816,0.383353475966378,0.100170482240887,0.65769174237155,0.723794944994338,0,0.164840435398483,0.779567426368878,0.153159170858564,0.0425458397933213,0.0716267305998525,0.0528110577251675,0.0841288925565866,0.202317828840577,0.552422090570549,0.0394949632220679,0.025810808988984,0.213088910759025,0.0659514906265119,0.179663551048887,0.283808519843482,0.24656899103771,0.213774726251739,0.16710239533352,0.0312079079943638,0.0149671877966314,0.0406907641209852,0.29925675955452,0.322036016787522,0.325613944720742,0.159698227062543
0.00503194724144314,0.130653141084235,0.0326636831332598,0.779450538323813,0.136902310707111,0.393630772218839,0.164840435398483,0,0.126712116427945,0.27180698767063,0.487061784972842,0.275130574514382,0.234857386667021,0.0847054346027561,0.203545905051462,0.0654921623226985,0.0247959124661386,0.128992102465745,0.175754066461009,0.0593558772203367,0.0342657856188008,0.221254576474466,0.134378509625831,0.0367300203524431,0.108682573602244,0.0217493589764597,0.0181047835237319,0.340162126912287,0.17569031233267,0.0625686076968525,0.0804488792276354,0.0683277439649479
0.0510029068824443,0.0312416456115265,0.266975598010302,0.142371444266236,0.402482489644724,0.35952713670237,0.779567426368878,0.126712116427945,0,0.263857804902311,0.023966691584995,0.136757245780689,0.0617736449841474,0.0753987488143631,0.107410079403266,0.84642760096214,0.13394187001673,0.0129607805203427,0.0941743071873625,0.240914607140031,0.491847257183327,0.239354643079439,0.331867268869814,0.494555425989126,0.315571626264034,0.177232611745476,0.0578014163862903,0.0667398556957384,0.203868279477513,0.19613603892964,0.210493120394012,0.372755805782074
0.157554394350105,0.045360274813911,0.202511677549328,0.621320114679115,0.088034313373618,0.00456309310338218,0.153159170858564,0.27180698767063,0.263857804902311,0,0.303260420766823,0.222536571086867,0.385371123697725,0.586252908051373,0.0792887520232689,0.296043741580492,0.0929026577123987,0.00193538268360256,0.0739648782359714,0.0114226639548306,0.251860370399574,0.0766492431411508,0.0778062439879643,0.111096376426705,0.0388175149314781,0.0576825511410334,0.0862132963982738,0.278582155257224,0.186299193423984,0.0719749688190591,0.0797231441662728,0.0983624810294078
0.0436400783171656,0.105371503037786,0.0432993674598952,0.35185341296087,0.0203708147355204,0.204854979468449,0.0425458397933213,0.487061784972842,0.023966691584995,0.303260420766823,0,0.476437121753377,0.595259851076842,0.229524490413631,0.308610445962641,0.0163449844787655,0.0421735404990257,0.00219189227808112,0.0202837048122176,0.0842257413082668,0.0526936931113449,0.0326401125043146,0.0349816767833758,0.0113951460672905,0.0479665290897855,0.00473244963678387,0.0539216243901131,0.73474252678381,0.168739959195298,0.104927797349606,0.00028301246181366,0.00342403475956604
0.0631543761062708,0.0598350892958832,0.0496040580256926,0.233451784721726,0.0980209206844416,0.021276924227507,0.0716267305998525,0.275130574514382,0.136757245780689,0.222536571086867,0.476437121753377,0,0.125062903214656,0.106640355330827,0.0537172440462841,0.0815003109430581,0.123752021096889,0.0118505597141808,0.00700360899791378,0.0268311638755593,0.0942668115494965,0.00649730104164102,0.00618457284083211,0.0258241268458885,0.0199973764169892,0.262394188819662,0.3650995804636,0.696983621129166,0.0619222574067614,0.0782737204378451,0.263505060863834,0.0143454799429262
0.231953891234327,0.0989206133092576,0.0101523875018628,0.138400324526599,0.0467923907803224,0.135577605790526,0.0528110577251675,0.234857386667021,0.0617736449841474,0.385371123697725,0.595259851076842,0.125062903214656,0,0.371853533636483,0.616598407654588,0.121352999193995,0.0504072682431664,0.0326977098370052,0.0262540417036834,0.0741980099128891,0.313070639647527,0.0728183046197609,0.165530005626376,0.0466740147410991,0.286683607945761,0.0323043274378971,0.0253279488620594,0.391513102363349,0.144430272964608,0.0501217282802062,0.00474281281570737,0.189203796178111
0.344817054375329,0.0244666917078682,0.0129189763749055,0.310342864917451,0.109233434995106,0.00262666290054814,0.0841288925565866,0.0847054346027561,0.0753987488143631,0.586252908051373,0.229524490413631,0.106640355330827,0.371853533636483,0,0.227001614911481,0.0648944570186572,0.0204129073118221,0.139075958507946,0.256736435335302,0.0542637487580192,0.0754300234305016,0.0611298544216594,0.0791139012854682,0.000674169823014912,0.172305102112661,0.0130793544622036,0.0356638646488663,0.202549132449937,0.164894584527349,0.0148067862795726,0.0293325386569667,0.227015801816682
0.254183379148108,0.00603531499353307,0.116958303562591,0.0226481488181202,0.210583402890498,0.315725646046081,0.202317828840577,0.203545905051462,0.107410079403266,0.0792887520232689,0.308610445962641,0.0537172440462841,0.616598407654588,0.227001614911481,0,0.0167992101236122,0.00595699086267763,0.0401068142338347,0.000987581134291321,0.121777805647611,0.158887148029804,0.0249106684387549,0.0613109631785013,0.0407376638587063,0.200509614449816,0.125765178498522,0.0379755757382823,0.124558554991601,0.0776882752380865,0.125071990614683,0.0496748607748869,0.141198912856107
0.115383859207802,0.0757313306644272,0.109705261126973,0.132454362322513,0.143599145059038,0.17184124307831,0.552422090570549,0.0654921623226985,0.84642760096214,0.296043741580492,0.0163449844787655,0.0815003109430581,0.121352999193995,0.0648944570186572,0.0167992101236122,0,0.210093275990212,0.0180745853526964,0.0884277441022733,0.317742277614039,0.580670491188416,0.292129350932271,0.351977891379026,0.621529643156639,0.422231591391288,0.210162672680209,0.0530780926657471,0.068236517577049,0.142055643455534,0.146838094712539,0.123935087386576,0.3750803449899
0.187694216143483,0.204809989029294,0.155778164577249,0.0534493001904093,0.00408009277243182,0.0149590531172231,0.0394949632220679,0.0247959124661386,0.13394187001673,0.0929026577123987,0.0421735404990257,0.123752021096889,0.0504072682431664,0.0204129073118221,0.00595699086267763,0.210093275990212,0,0.171728882686379,0.0616142995911705,0.0300904058417776,0.207365102446391,0.107561737059155,0.331995830777946,0.131388995732579,0.469061495945197,0.323553723003916,0.425450174290416,0.109487688121019,0.030062069881149,0.0731939989250744,0.083424730667478,0.447249137686175
0.0568848314832682,0.292702782361842,0.0589695812647451,0.102776452444756,0.0137537633240919,0.0124242494191074,0.025810808988984,0.128992102465745,0.0129607805203427,0.00193538268360256,0.00219189227808112,0.0118505597141808,0.0326977098370052,0.139075958507946,0.0401068142338347,0.0180745853526964,0.171728882686379,0,0.0885220421422613,0.193553346758926,0.0658847192027194,0.0878686270151636,0.0130293994665665,0.182036046089782,0.0875687076622129,0.000260273414032016,0.0811358737140629,0.0218491456166995,0.0717110019554869,0.110354351480371,0.00798579232075831,0.183095511543835
0.144955907014594,0.0156745032070348,0.227821426825003,0.108020580662547,0.182098357278803,0.303625397437575,0.213088910759025,0.175754066461009,0.0941743071873625,0.0739648782359714,0.0202837048122176,0.00700360899791378,0.0262540417036834,0.256736435335302,0.000987581134291321,0.0884277441022733,0.0616142995911705,0.0885220421422613,0,0.00953715401374954,0.0817927712504111,0.466770254407128,0.343402430195798,0.100627911068476,0.112157391390786,0.0139114888500047,0.0720688891829976,0.0174881741181786,0.355201525660818,0.20207550813675,0.257842197381563,0.173002892656084
0.0046663321659987,0.269177437561576,0.0374620192657507,0.0298519406780913,0.0142553216309101,0.0156285873449704,0.0659514906265119,0.0593558772203367,0.240914607140031,0.0114226639548306,0.0842257413082668,0.0268311638755593,0.0741980099128891,0.0542637487580192,0.121777805647611,0.317742277614039,0.0300904058417776,0.193553346758926,0.00953715401374954,0,0.323199522846067,0.234016056054615,0.0572077550798149,0.658656079408508,0.0407854526360219,0.452750510540384,0.0336242357943774,0.0117530689958888,0.0235998390812011,0.14549202019345,0.00265280163725826,0.0545571158173521
0.227579671715498,0.0220218974777194,0.027596234791136,0.0492612414095546,0.0727749684514559,0.012051647586965,0.179663551048887,0.0342657856188008,0.491847257183327,0.251860370399574,0.0526936931113449,0.0942668115494965,0.313070639647527,0.0754300234305016,0.158887148029804,0.580670491188416,0.207365102446391,0.0658847192027194,0.0817927712504111,0.323199522846067,0,0.159110140851139,0.288098762424993,0.742099481592222,0.510524654271225,0.404106135538848,0.162203150576807,0.154868836837805,0.0907657170380106,0.0996485807127542,0.0264510799369524,0.545869692710415
0.0475524556668203,0.269336072270633,0.282685710253668,0.0885580630596984,0.208837973667434,0.346707488166848,0.283808519843482,0.221254576474466,0.239354643079439,0.0766492431411508,0.0326401125043146,0.00649730104164102,0.0728183046197609,0.0611298544216594,0.0249106684387549,0.292129350932271,0.107561737059155,0.0878686270151636,0.466770254407128,0.234016056054615,0.159110140851139,0,0.499207130737893,0.333525166356648,0.0564453715081776,0.212516497934503,0.129895916379347,0.00453695107941731,0.208917171811208,0.0553567074802177,0.11981533240423,0.0990257030192649
0.0715532810678306,0.15375727248396,0.129541521566622,0.0381454976701188,0.117492147621452,0.231113400899701,0.24656899103771,0.134378509625831,0.331867268869814,0.0778062439879643,0.0349816767833758,0.00618457284083211,0.165530005626376,0.0791139012854682,0.0613109631785013,0.351977891379026,0.331995830777946,0.0130293994665665,0.343402430195798,0.0572077550798149,0.288098762424993,0.499207130737893,0,0.293962309939074,0.458409735276536,0.220290241250236,0.225773091257086,0.00707094760243327,0.0457793604601297,0.204131532749612,0.0244088236620387,0.529299088278604
0.0699813424304558,0.0460100873661029,0.0154145563048731,0.0481549226842228,0.00566477251478194,0.0673734046116412,0.213774726251739,0.0367300203524431,0.494555425989126,0.111096376426705,0.0113951460672905,0.0258241268458885,0.0466740147410991,0.000674169823014912,0.0407376638587063,0.621529643156639,0.131388995732579,0.182036046089782,0.100627911068476,0.658656079408508,0.742099481592222,0.333525166356648,0.293962309939074,0,0.289187490278416,0.350671512774288,0.0781203026575421,0.0213698409185289,0.0380887310809704,0.168516063986258,0.0283134211083129,0.333480322462082
0.288510732157573,0.0255816563875606,0.0014522402063334,0.0615135282733219,0.128925768167002,0.0524462471241762,0.16710239533352,0.108682573602244,0.315571626264034,0.0388175149314781,0.0479665290897855,0.0199973764169892,0.286683607945761,0.172305102112661,0.200509614449816,0.422231591391288,0.469061495945197,0.0875687076622129,0.112157391390786,0.0407854526360219,0.510524654271225,0.0564453715081776,0.458409735276536,0.289187490278416,0,0.191666728277358,0.145053433790126,0.0302207375998093,0.077637712046281,0.0454625243583296,0.0669181151225605,0.843356230651087
0.0416300368457479,0.167421073004153,0.171546324452206,0.00941495517324254,0.141222098582357,0.00216887749284579,0.0312079079943638,0.0217493589764597,0.177232611745476,0.0576825511410334,0.00473244963678387,0.262394188819662,0.0323043274378971,0.0130793544622036,0.125765178498522,0.210162672680209,0.323553723003916,0.000260273414032016,0.0139114888500047,0.452750510540384,0.404106135538848,0.212516497934503,0.220290241250236,0.350671512774288,0.191666728277358,0,0.694195619249529,0.0958157265200305,0.00492687227401446,0.12486057907247,0.232549448184153,0.28328235067561
0.0159424954116026,0.0337624915414503,0.145883676965448,0.0291424902675441,0.128282067664876,0.0117080218811929,0.0149671877966314,0.0181047835237319,0.0578014163862903,0.0862132963982738,0.0539216243901131,0.3650995804636,0.0253279488620594,0.0356638646488663,0.0379755757382823,0.0530780926657471,0.425450174290416,0.0811358737140629,0.0720688891829976,0.0336242357943774,0.162203150576807,0.129895916379347,0.225773091257086,0.0781203026575421,0.145053433790126,0.694195619249529,0,0.216482414769835,0.0164444499248794,0.320458609823721,0.383929687364697,0.235899808085348
0.146279699891421,0.035150874991914,0.0148366438091336,0.250318744474895,0.0410817395309998,0.184193345020777,0.0406907641209852,0.340162126912287,0.0667398556957384,0.278582155257224,0.73474252678381,0.696983621129166,0.391513102363349,0.202549132449937,0.124558554991601,0.068236517577049,0.109487688121019,0.0218491456166995,0.0174881741181786,0.0117530689958888,0.154868836837805,0.00453695107941731,0.00707094760243327,0.0213698409185289,0.0302207375998093,0.0958157265200305,0.216482414769835,0,0.299857632533779,0.170086948600764,0.0479467200624826,0.0357629368300207
0.178615155716189,0.00164531082859876,0.213363189645098,0.170820748248648,0.317202072965033,0.376191616854263,0.29925675955452,0.17569031233267,0.203868279477513,0.186299193423984,0.168739959195298,0.0619222574067614,0.144430272964608,0.164894584527349,0.0776882752380865,0.142055643455534,0.030062069881149,0.0717110019554869,0.355201525660818,0.0235998390812011,0.0907657170380106,0.208917171811208,0.0457793604601297,0.0380887310809704,0.077637712046281,0.00492687227401446,0.0164444499248794,0.299857632533779,0,0.00793952694760601,0.53202172668487,0.14841240820234
0.0722234145339259,0.0408835669047067,0.31860904609899,0.0733661887153352,0.262648237961785,0.276537012597259,0.322036016787522,0.0625686076968525,0.19613603892964,0.0719749688190591,0.104927797349606,0.0782737204378451,0.0501217282802062,0.0148067862795726,0.125071990614683,0.146838094712539,0.0731939989250744,0.110354351480371,0.20207550813675,0.14549202019345,0.0996485807127542,0.0553567074802177,0.204131532749612,0.168516063986258,0.0454625243583296,0.12486057907247,0.320458609823721,0.170086948600764,0.00793952694760601,0,0.316272872478105,0.0180212811483309
0.117288481615551,0.0124459917493042,0.288840374478411,0.13081966224874,0.435642597311501,0.238037746914874,0.325613944720742,0.0804488792276354,0.210493120394012,0.0797231441662728,0.00028301246181366,0.263505060863834,0.00474281281570737,0.0293325386569667,0.0496748607748869,0.123935087386576,0.083424730667478,0.00798579232075831,0.257842197381563,0.00265280163725826,0.0264510799369524,0.11981533240423,0.0244088236620387,0.0283134211083129,0.0669181151225605,0.232549448184153,0.383929687364697,0.0479467200624826,0.53202172668487,0.316272872478105,0,0.0444638670693253
0.304761303726585,0.0390108714391469,0.0111442576167909,0.0791222726285271,0.140593660443462,0.0479301204271857,0.159698227062543,0.0683277439649479,0.372755805782074,0.0983624810294078,0.00342403475956604,0.0143454799429262,0.189203796178111,0.227015801816682,0.141198912856107,0.3750803449899,0.447249137686175,0.183095511543835,0.173002892656084,0.0545571158173521,0.545869692710415,0.0990257030192649,0.529299088278604,0.333480322462082,0.843356230651087,0.28328235067561,0.235899808085348,0.0357629368300207,0.14841240820234,0.0180212811483309,0.0444638670693253,0
