0,0.00270803829128689,0.178433659171177,0.191359000987723,0.14640232105025,0.125649988872302,0.149062113730515,0.397550768842122,0.064529290047287,0.0502577173505522,0.0799114851649581,0.0495790495743749,0.198556915779885,0.0303594549828598,0.111358094705886,0.101628752098522,0.0728902874676912,0.156881177477299,0.0529806636375572,0.00825687300411466,0.190152568465364,0.106188779863336,0.207723585495657,0.00659517997942545,0.0477921010965433,0.118501951030514,0.0919612485089348,0.0339326930260957,0.0577613651268074,0.113237792287056,0.00814190660237703,0.000401448118730183
0.00270803829128689,0,0.0947444072464746,7.04177075416387e-05,0.471765431492336,0.420330691070615,0.226856736710413,0.0484023904196379,0.178298043248566,0.149779452544587,0.442232846889434,0.0900817911437722,0.21485751578986,0.0583989769970114,0.0202049319269995,0.0769527794210306,0.426157782908302,0.153321219524817,0.129310916324757,0.0174122171419421,0.0598397664860234,0.128931936644979,0.204304447593135,0.00734261147968658,0.229851375142984,0.0753375586719524,0.168988815442858,0.0415180017379142,0.279421888262285,0.202839320630969,0.401263602968885,0.168207152551894
0.178433659171177,0.0947444072464746,0,0.0517778491433627,0.31535097374078,0.386778509693305,0.21150260889754,0.105638835785414,0.138328839060113,0.408281175828391,0.156556265198048,0.357323456088289,0.155088412058346,0.159377556788813,0.00562521579431566,0.0864011236198111,0.132268923714827,0.0565383385171685,0.110449132617546,0.0146106338120788,0.178645332982537,0.107699880920316,0.146676606414919,0.021155994196481,0.51643067926999,0.0169033052703945,0.0175546209440827,0.356310971107493,0.118832260234671,0.273065838851431,0.021561068476507,0.190271448207474
0.191359000987723,7.04177075416387e-05,0.0517778491433627,0,0.133964631300418,0.110686065715276,0.0977074015745848,0.533918960290011,0.0667657223281149,0.223198362861393,0.151242509678531,0.0221900617187011,0.102164715551004,0.023136363747344,0.0812304418912528,0.138325309438034,0.188332927520191,0.0533824666553856,0.0261824036284196,0.205591866067785,0.142775666527538,0.00697323357850815,0.0427523691290727,0.0829914810981719,0.0264963531317469,0.00466104867296402,0.00410721709529419,0.0406765879747104,0.0991064692414066,0.115726056409654,0.0967686973203905,0.0105383662491702
0.14640232105025,0.471765431492336,0.31535097374078,0.133964631300418,0,0.656158473654424,0.837792117913085,0.270894743407323,0.254283312101873,0.295323529623631,0.601557461447886,0.0420908680989064,0.0333761187400756,0.259956766218678,0.0931614198234642,0.37404196351278,0.17921086539705,0.0498588275011928,0.020584411057575,0.0108650333900306,0.0864878057161847,0.267259369911388,0.252567010341918,0.0403104809426489,0.440401355735995,0.140393706604247,0.179743188546867,0.0182123669429456,0.052212741886956,0.0678187677190902,0.153065733176342,0.236945919474392
0.125649988872302,0.420330691070615,0.386778509693305,0.110686065715276,0.656158473654424,0,0.589262055460405,0.212054683952965,0.251197116120821,0.193195798833179,0.729035166516744,0.15756871099019,0.0791225286922512,0.157438460756975,0.00605848288944605,0.109222816454627,0.079819509062394,0.0173009903880546,0.0323578261332203,0.0778270175119654,0.140123914320168,0.301699113543025,0.210873587685762,0.0236041580099619,0.369993524573731,0.0231998641840989,0.194972171254525,0.17890831320452,0.207602069748739,0.0612960248739886,0.216100320034603,0.325774047913218
0.149062113730515,0.226856736710413,0.21150260889754,0.0977074015745848,0.837792117913085,0.589262055460405,0,0.277479530023746,0.414056961767508,0.262719994799576,0.590333936372821,0.0124641555000811,0.059199792178166,0.248448239600911,0.24392782041896,0.457971668727025,0.0679516000362381,0.122890966468124,0.0390198933722584,0.0677335927081981,0.124399690134257,0.360652716130451,0.263870881282075,0.120056442388516,0.508457756868385,0.195479632800749,0.326958078717828,0.01094883909137,0.0225958675248976,0.083274384863533,0.0926672929574291,0.297741120822992
0.397550768842122,0.0484023904196379,0.105638835785414,0.533918960290011,0.270894743407323,0.212054683952965,0.277479530023746,0,0.00332484736468548,0.0512782895628043,0.353562351675203,0.155250159068304,0.277570072912805,0.115426388357119,0.13837923556004,0.191631464910014,0.107953516472994,0.106773832485428,0.0331139481932521,0.056865512558157,0.125083184783305,0.00736832611375659,0.0146435939319132,0.00857444865565898,0.104904495670027,0.0606253479112161,0.0107529683196206,0.0954532758955061,0.41010663562843,0.389074411017887,0.282398319346208,0.0437266251612087
0.064529290047287,0.178298043248566,0.138328839060113,0.0667657223281149,0.254283312101873,0.251197116120821,0.414056961767508,0.00332484736468548,0,0.324647868648369,0.170987414418145,0.00345484003739346,0.0448558755968436,0.11041721606521,0.0538527579779412,0.355954706204819,0.086976394391368,0.00745614674817612,0.0787012749033939,0.211335806735623,0.128349075638814,0.348666805411896,0.444814455477637,0.258838998962162,0.525910301111046,0.236264372701937,0.292479517945738,0.0864522729492661,0.0101937492709655,0.0639986820620622,0.163945109954938,0.594498595528162
0.0502577173505522,0.149779452544587,0.408281175828391,0.223198362861393,0.295323529623631,0.193195798833179,0.262719994799576,0.0512782895628043,0.324647868648369,0,0.136002354585019,0.352415311938375,0.0571169565266053,0.15334589982701,0.00695250902673014,0.352880601702883,0.215593971716859,0.0444031560061574,0.0614410038453964,0.146421056774731,0.0245730190798546,0.0395863679670939,0.136985731245972,0.0948421303578151,0.49422615032408,0.0906954519574296,0.0279147794386851,0.300488956478344,0.135618769816517,0.14278833668164,0.083020148132498,0.173395641852491
0.0799114851649581,0.442232846889434,0.156556265198048,0.151242509678531,0.601557461447886,0.729035166516744,0.590333936372821,0.353562351675203,0.170987414418145,0.136002354585019,0,0.0580762399523027,0.179070592817104,0.0496252090269283,0.0623957144142673,0.19365508332935,0.0662526686815658,0.0499373051226264,0.0529143103345685,0.077258167019327,0.0673892468144027,0.0953838220108385,0.115483478848437,0.0319445795666377,0.2726189129266,0.000350517215537281,0.172374968102149,0.112342562539516,0.186319722191075,0.025242874402599,0.121291723173995,0.144532518188021
0.0495790495743749,0.0900817911437722,0.357323456088289,0.0221900617187011,0.0420908680989064,0.15756871099019,0.0124641555000811,0.155250159068304,0.00345484003739346,0.352415311938375,0.0580762399523027,0,0.31913023804678,0.0453089377422973,0.167705181980574,0.00833678281612084,0.00860148704670247,0.131046029391212,0.428057467811796,0.0904486479763104,0.253291207879418,0.211769218675354,0.0303258119483294,0.251481220236017,0.139862837614735,0.0739868718049179,0.320912885350627,0.726921586143884,0.487042080451063,0.278873161278678,0.17273565698118,0.256719365832636
0.198556915779885,0.21485751578986,0.155088412058346,0.102164715551004,0.0333761187400756,0.0791225286922512,0.059199792178166,0.277570072912805,0.0448558755968436,0.0571169565266053,0.179070592817104,0.31913023804678,0,0.00470590233415877,0.328865258132801,0.269990879986438,0.0249234603366168,0.478469964589135,0.0849676925686015,0.113725843784185,0.00910021420143659,0.29624961361396,0.122671122741064,0.128715841995312,0.0445834296718448,0.0872931447413618,0.205448048997961,0.445524800830233,0.505297918380295,0.141262107627934,0.116050318982926,0.308168050560896
0.0303594549828598,0.0583989769970114,0.159377556788813,0.023136363747344,0.259956766218678,0.157438460756975,0.248448239600911,0.115426388357119,0.11041721606521,0.15334589982701,0.0496252090269283,0.0453089377422973,0.00470590233415877,0,0.16689786163229,0.113016625448823,0.0248694771477199,0.109592921111632,0.148218206513337,0.0244805382946665,0.0681202832737432,0.0285725466713646,0.0967782683016507,0.0905989853814473,0.278096418248619,0.108940712408237,0.0190926813469527,0.0886637519293529,0.0421658921764628,0.478049572661168,0.112151084571158,0.0923670009620671
0.111358094705886,0.0202049319269995,0.00562521579431566,0.0812304418912528,0.0931614198234642,0.00605848288944605,0.24392782041896,0.13837923556004,0.0538527579779412,0.00695250902673014,0.0623957144142673,0.167705181980574,0.328865258132801,0.16689786163229,0,0.298568332050446,0.100149678621579,0.697248359644216,0.198580241814063,0.446525810183445,0.283931376601573,0.393185582875428,0.0668394850882017,0.609823776537652,0.0455039135468761,0.370625525091659,0.386543453820296,0.323455233206919,0.115679991313595,0.0938878786902928,0.030875075695074,0.116760950546343
0.101628752098522,0.0769527794210306,0.0864011236198111,0.138325309438034,0.37404196351278,0.109222816454627,0.457971668727025,0.191631464910014,0.355954706204819,0.352880601702883,0.19365508332935,0.00833678281612084,0.269990879986438,0.113016625448823,0.298568332050446,0,0.163939248914392,0.398362293541172,0.0379170803069367,0.0113903798519638,0.0191921129165743,0.242732741424737,0.110362887357402,0.0744553443776967,0.177143005907721,0.496365403431593,0.184367833556414,0.020335548198126,0.0576587278539241,0.119465122524608,0.0617456547040699,0.251418600708216
0.0728902874676912,0.426157782908302,0.132268923714827,0.188332927520191,0.17921086539705,0.079819509062394,0.0679516000362381,0.107953516472994,0.086976394391368,0.215593971716859,0.0662526686815658,0.00860148704670247,0.0249234603366168,0.0248694771477199,0.100149678621579,0.163939248914392,0,0.212572174335085,0.0100284320592933,0.158592673731882,0.0498887931266396,0.00436362493304039,0.135462904943194,0.0505477256138837,0.102487801030586,0.301681616312949,0.00166887314869928,0.0105064447535292,0.157429010968939,0.0230201817320854,0.40645250342051,0.0245408900249048
0.156881177477299,0.153321219524817,0.0565383385171685,0.0533824666553856,0.0498588275011928,0.0173009903880546,0.122890966468124,0.106773832485428,0.00745614674817612,0.0444031560061574,0.0499373051226264,0.131046029391212,0.478469964589135,0.109592921111632,0.697248359644216,0.398362293541172,0.212572174335085,0,0.18171009772737,0.240669177666676,0.161650254164429,0.363130456720647,0.0932542068886057,0.382357106957667,0.00698607494737734,0.471999343163212,0.227127604655902,0.317607996658541,0.0572083399337657,0.0893493811646826,0.0510482830124858,0.126213838810062
0.0529806636375572,0.129310916324757,0.110449132617546,0.0261824036284196,0.020584411057575,0.0323578261332203,0.0390198933722584,0.0331139481932521,0.0787012749033939,0.0614410038453964,0.0529143103345685,0.428057467811796,0.0849676925686015,0.148218206513337,0.198580241814063,0.0379170803069367,0.0100284320592933,0.18171009772737,0,0.131062222762441,0.308922067190535,0.128030888066588,0.0179318024956688,0.380574775804592,0.0542532625855524,0.0709874098779545,0.312838472319721,0.300784527258305,0.141636414585362,0.300606102864879,0.20972150196335,0.0578012154888435
0.00825687300411466,0.0174122171419421,0.0146106338120788,0.205591866067785,0.0108650333900306,0.0778270175119654,0.0677335927081981,0.056865512558157,0.211335806735623,0.146421056774731,0.077258167019327,0.0904486479763104,0.113725843784185,0.0244805382946665,0.446525810183445,0.0113903798519638,0.158592673731882,0.240669177666676,0.131062222762441,0,0.133029207698993,0.130579644541779,0.0210556174366415,0.693112732090813,0.0257809811050535,0.151162538729407,0.155175306469797,0.213024821330204,0.024521043422584,0.00563679576439373,0.121890344452467,0.0182710867349244
0.190152568465364,0.0598397664860234,0.178645332982537,0.142775666527538,0.0864878057161847,0.140123914320168,0.124399690134257,0.125083184783305,0.128349075638814,0.0245730190798546,0.0673892468144027,0.253291207879418,0.00910021420143659,0.0681202832737432,0.283931376601573,0.0191921129165743,0.0498887931266396,0.161650254164429,0.308922067190535,0.133029207698993,0,0.177523649871574,0.0750563647646311,0.397609412052613,0.0578344639679189,0.215413138851018,0.247009403534155,0.0856590527497269,0.128130127286193,0.0601447750540412,0.0947896266363165,0.203871680917643
0.106188779863336,0.128931936644979,0.107699880920316,0.00697323357850815,0.267259369911388,0.301699113543025,0.360652716130451,0.00736832611375659,0.348666805411896,0.0395863679670939,0.0953838220108385,0.211769218675354,0.29624961361396,0.0285725466713646,0.393185582875428,0.242732741424737,0.00436362493304039,0.363130456720647,0.128030888066588,0.130579644541779,0.177523649871574,0,0.487310053272481,0.269147074805447,0.215082179998036,0.447167676102412,0.593822804471448,0.181723798757341,0.142080196588582,0.0189602290078091,0.158654062117892,0.698065887468482
0.207723585495657,0.204304447593135,0.146676606414919,0.0427523691290727,0.252567010341918,0.210873587685762,0.263870881282075,0.0146435939319132,0.444814455477637,0.136985731245972,0.115483478848437,0.0303258119483294,0.122671122741064,0.0967782683016507,0.0668394850882017,0.110362887357402,0.135462904943194,0.0932542068886057,0.0179318024956688,0.0210556174366415,0.0750563647646311,0.487310053272481,0,0.0220173941384873,0.184562218785934,0.0579786847507769,0.251033209276667,0.0932220415115219,0.0603173688699911,0.0579891574474648,0.131996946082304,0.321595396416227
0.00659517997942545,0.00734261147968658,0.021155994196481,0.0829914810981719,0.0403104809426489,0.0236041580099619,0.120056442388516,0.00857444865565898,0.258838998962162,0.0948421303578151,0.0319445795666377,0.251481220236017,0.128715841995312,0.0905989853814473,0.609823776537652,0.0744553443776967,0.0505477256138837,0.382357106957667,0.380574775804592,0.693112732090813,0.397609412052613,0.269147074805447,0.0220173941384873,0,0.0643658091453968,0.216810705105465,0.263312976126145,0.329401208554132,0.0912650136738294,0.00538984700017675,0.0412171652843778,0.0579022952979046
0.0477921010965433,0.229851375142984,0.51643067926999,0.0264963531317469,0.440401355735995,0.369993524573731,0.508457756868385,0.104904495670027,0.525910301111046,0.49422615032408,0.2726189129266,0.139862837614735,0.0445834296718448,0.278096418248619,0.0455039135468761,0.177143005907721,0.102487801030586,0.00698607494737734,0.0542532625855524,0.0257809811050535,0.0578344639679189,0.215082179998036,0.184562218785934,0.0643658091453968,0,0.0597674828708757,0.14791546397161,0.206333590447531,0.0111046138335516,0.165242719804338,0.0239654557391999,0.429220802548095
0.118501951030514,0.0753375586719524,0.0169033052703945,0.00466104867296402,0.140393706604247,0.0231998641840989,0.195479632800749,0.0606253479112161,0.236264372701937,0.0906954519574296,0.000350517215537281,0.0739868718049179,0.0872931447413618,0.108940712408237,0.370625525091659,0.496365403431593,0.301681616312949,0.471999343163212,0.0709874098779545,0.151162538729407,0.215413138851018,0.447167676102412,0.0579786847507769,0.216810705105465,0.0597674828708757,0,0.261796875105957,0.0169495283195129,0.0116031458653948,0.0360862146015756,0.318329417708004,0.382691427678718
0.0919612485089348,0.168988815442858,0.0175546209440827,0.00410721709529419,0.179743188546867,0.194972171254525,0.326958078717828,0.0107529683196206,0.292479517945738,0.0279147794386851,0.172374968102149,0.320912885350627,0.205448048997961,0.0190926813469527,0.386543453820296,0.184367833556414,0.00166887314869928,0.227127604655902,0.312838472319721,0.155175306469797,0.247009403534155,0.593822804471448,0.251033209276667,0.263312976126145,0.14791546397161,0.261796875105957,0,0.236833859743884,0.0968619818585332,0.0580403689436982,0.0666981854571696,0.413537123829849
0.0339326930260957,0.0415180017379142,0.356310971107493,0.0406765879747104,0.0182123669429456,0.17890831320452,0.01094883909137,0.0954532758955061,0.0864522729492661,0.300488956478344,0.112342562539516,0.726921586143884,0.445524800830233,0.0886637519293529,0.323455233206919,0.020335548198126,0.0105064447535292,0.317607996658541,0.300784527258305,0.213024821330204,0.0856590527497269,0.181723798757341,0.0932220415115219,0.329401208554132,0.206333590447531,0.0169495283195129,0.236833859743884,0,0.378946786194635,0.116472179823374,0.083590559029429,0.238682345111093
0.0577613651268074,0.279421888262285,0.118832260234671,0.0991064692414066,0.052212741886956,0.207602069748739,0.0225958675248976,0.41010663562843,0.0101937492709655,0.135618769816517,0.186319722191075,0.487042080451063,0.505297918380295,0.0421658921764628,0.115679991313595,0.0576587278539241,0.157429010968939,0.0572083399337657,0.141636414585362,0.024521043422584,0.128130127286193,0.142080196588582,0.0603173688699911,0.0912650136738294,0.0111046138335516,0.0116031458653948,0.0968619818585332,0.378946786194635,0,0.216214234685864,0.596901052285994,0.167385319457232
0.113237792287056,0.202839320630969,0.273065838851431,0.115726056409654,0.0678187677190902,0.0612960248739886,0.083274384863533,0.389074411017887,0.0639986820620622,0.14278833668164,0.025242874402599,0.278873161278678,0.141262107627934,0.478049572661168,0.0938878786902928,0.119465122524608,0.0230201817320854,0.0893493811646826,0.300606102864879,0.00563679576439373,0.0601447750540412,0.0189602290078091,0.0579891574474648,0.00538984700017675,0.165242719804338,0.0360862146015756,0.0580403689436982,0.116472179823374,0.216214234685864,0,0.312142520522835,0.018365374615051
0.00814190660237703,0.401263602968885,0.021561068476507,0.0967686973203905,0.153065733176342,0.216100320034603,0.0926672929574291,0.282398319346208,0.163945109954938,0.083020148132498,0.121291723173995,0.17273565698118,0.116050318982926,0.112151084571158,0.030875075695074,0.0617456547040699,0.40645250342051,0.0510482830124858,0.20972150196335,0.121890344452467,0.0947896266363165,0.158654062117892,0.131996946082304,0.0412171652843778,0.0239654557391999,0.318329417708004,0.0666981854571696,0.083590559029429,0.596901052285994,0.312142520522835,0,0.228077599878955
0.000401448118730183,0.168207152551894,0.190271448207474,0.0105383662491702,0.236945919474392,0.325774047913218,0.297741120822992,0.0437266251612087,0.594498595528162,0.173395641852491,0.144532518188021,0.256719365832636,0.308168050560896,0.0923670009620671,0.116760950546343,0.251418600708216,0.0245408900249048,0.126213838810062,0.0578012154888435,0.0182710867349244,0.203871680917643,0.698065887468482,0.321595396416227,0.0579022952979046,0.429220802548095,0.382691427678718,0.413537123829849,0.238682345111093,0.167385319457232,0.018365374615051,0.228077599878955,0
