0,0.223869025037439,0.141398019267219,0.152104844094231,0.171286306900882,0.153222457225607,0.198616913672007,0.159591649889358,0.305318661261905,0.158436301603367,0.138754216123968,0.169968956289227,0.122867706321882,0.159174578848624,0.120156367904697,0.272201702908448,0.648209272778907,0.316753945764569,0.159073431006031,0.152686693774809,0.165510845991788,0.210917925776025,0.167314828565849,0.164908596961698,0.365475130542513,0.14487323662133,0.160769231482308,0.178302752131976,0.129542090147765,0.149644765809855,0.128844975663518,0.20714097795153
0.223869025037439,0,0.195280065676524,0.13067759070288,0.187293660458291,0.202379226918933,0.21019033934984,0.138763804216699,0.185873991411401,0.134827206300405,0.128105992130687,0.151595059957225,0.135184447388935,0.129039599989438,0.141178557780287,0.205374920872741,0.24631690449029,0.197047060121261,0.167039259026367,0.178800751846172,0.152953751980476,0.193450651659752,0.140012219147253,0.177255720258912,0.199381198297229,0.1895145507598,0.155953732914489,0.167634707283919,0.149519086170791,0.152116341532187,0.140914835296294,0.19732501912843
0.141398019267219,0.195280065676524,0,0.179380766906429,0.268808291300639,0.438707526569808,0.308263451163337,0.157686850734054,0.203221489975738,0.178668265181357,0.16472027985488,0.174058076566375,0.148509307416741,0.131550838680776,0.178081695028612,0.174236682609377,0.141858904019991,0.143242151160216,0.156056458973865,0.18060621244015,0.201414961160917,0.176100378431282,0.181743747330917,0.165949144543898,0.182816579813881,0.154407957826303,0.172933107128987,0.165526411187463,0.133451413078716,0.147281590487287,0.139920969771084,0.172309826470659
0.152104844094231,0.13067759070288,0.179380766906429,0,0.16595603864775,0.187159535516809,0.167116673563265,0.788864679124375,0.160895381482935,0.844357143662883,0.46420141051382,0.214898450881703,0.152342414788492,0.250634758753259,0.161781957625011,0.181322017775322,0.165139067438402,0.165003969647271,0.143063351420201,0.161472977177921,0.172535172581035,0.192014363151614,0.172152191555787,0.172223351459707,0.177392567484229,0.17699891280561,0.162453101214761,0.205455594489293,0.173253663465249,0.199373081697635,0.170369866603166,0.163016100023548
0.171286306900882,0.187293660458291,0.268808291300639,0.16595603864775,0,0.677551107528122,0.681329917856181,0.259939295431806,0.183420961882186,0.162965395254257,0.148319136126822,0.189257597498626,0.147731860302522,0.171026717538526,0.147471745138626,0.207856223482075,0.183275944325858,0.178756505828238,0.180457376997217,0.200639962144988,0.263837683431201,0.195872499555004,0.247671104479665,0.235596632937241,0.203716211091755,0.203217837248398,0.188651337053679,0.196412107214317,0.213479130691152,0.151592307267115,0.196866899005448,0.220886735253276
0.153222457225607,0.202379226918933,0.438707526569808,0.187159535516809,0.677551107528122,0,0.587155768708708,0.171735911626093,0.201535330936598,0.197912493932767,0.164110676407969,0.186520325401109,0.134499215453078,0.150086733007575,0.162805414428488,0.167892762727649,0.153482717118233,0.16029262814011,0.180358257877966,0.18681447678314,0.21073021609388,0.176832211427842,0.16889836275524,0.217571590659675,0.203696075986945,0.162268911274202,0.186267313500526,0.188287671614151,0.19281135752243,0.154601501750808,0.188830782848366,0.200904081802517
0.198616913672007,0.21019033934984,0.308263451163337,0.167116673563265,0.681329917856181,0.587155768708708,0,0.155600971031937,0.463375911733898,0.15377835407316,0.134652617169463,0.188314304134193,0.147598850869915,0.154652238578316,0.144981859136495,0.513289254064042,0.185381631573932,0.176115252490724,0.174883885720029,0.191334519583679,0.250477727756477,0.182223400059217,0.231387307480496,0.220933113342537,0.216409943172569,0.181157490248733,0.167382452031855,0.183182107658958,0.179772026117654,0.146953927854224,0.188847849910183,0.260976198037014
0.159591649889358,0.138763804216699,0.157686850734054,0.788864679124375,0.259939295431806,0.171735911626093,0.155600971031937,0,0.170249461330179,0.571630496149582,0.329583400690445,0.216575214277565,0.152557029033235,0.23966500508548,0.153595305919319,0.207555052553647,0.167876092810799,0.167255403228036,0.146592060474871,0.165035626388708,0.182832359573913,0.195058598559307,0.17526344469098,0.181888855512438,0.181635939264156,0.180577646949979,0.160367056230337,0.210539080864301,0.168352765386859,0.173422949793083,0.150442700980196,0.165459411161954
0.305318661261905,0.185873991411401,0.203221489975738,0.160895381482935,0.183420961882186,0.201535330936598,0.463375911733898,0.170249461330179,0,0.160826738674348,0.156370079171984,0.190370384742838,0.149767864652602,0.155203956541766,0.145141249810995,0.723120842538743,0.259426853968853,0.248609583259479,0.170355816350704,0.178090918925876,0.188927941569919,0.197550450543079,0.199052413959183,0.190538224748486,0.436916074309414,0.173474764428794,0.158191721718565,0.179867599331334,0.147341975791751,0.144770568829921,0.150022755364071,0.381035298546898
0.158436301603367,0.134827206300405,0.178668265181357,0.844357143662883,0.162965395254257,0.197912493932767,0.15377835407316,0.571630496149582,0.160826738674348,0,0.716214054149968,0.223516117230333,0.190829242849818,0.285620218369494,0.203224448528888,0.171563857420156,0.168091278957605,0.158000474966966,0.140527738031448,0.170427372066668,0.175269378097746,0.191746162843258,0.173408566693635,0.173403109173883,0.181979106967112,0.169921365592293,0.162597060582041,0.218247618654247,0.169568552459411,0.203494818328405,0.172079217365078,0.167485351101399
0.138754216123968,0.128105992130687,0.16472027985488,0.46420141051382,0.148319136126822,0.164110676407969,0.134652617169463,0.329583400690445,0.156370079171984,0.716214054149968,0,0.197284811162985,0.469033435909504,0.209917836466874,0.387902667023127,0.168363691776427,0.150323774518568,0.148736259076089,0.140387850895338,0.169841747345527,0.163627797714922,0.17179652662088,0.157947804457497,0.163390863930527,0.17583863999273,0.170367874704336,0.151127239502158,0.217284683447732,0.173376794508737,0.165843325551393,0.156475012973671,0.161306008487598
0.169968956289227,0.151595059957225,0.174058076566375,0.214898450881703,0.189257597498626,0.186520325401109,0.188314304134193,0.216575214277565,0.190370384742838,0.223516117230333,0.197284811162985,0,0.167528237381323,0.162811653564557,0.1725895727509,0.19188746954486,0.147854810648324,0.163610232571602,0.17722721636493,0.199113659337567,0.196957044187425,0.179659714088119,0.175546408949445,0.198795830734266,0.184550335558351,0.207609619592894,0.202481901509124,0.809145757626435,0.17153819178553,0.152457441730822,0.153415698374308,0.172010872759535
0.122867706321882,0.135184447388935,0.148509307416741,0.152342414788492,0.147731860302522,0.134499215453078,0.147598850869915,0.152557029033235,0.149767864652602,0.190829242849818,0.469033435909504,0.167528237381323,0,0.158339252791324,0.684681866076342,0.160087908966143,0.145059901212007,0.156827278707962,0.127133454066957,0.146628979365543,0.151270141510279,0.154712421430678,0.142480581804748,0.170757988022756,0.135631282363288,0.176713522040525,0.167912842749156,0.178523632017866,0.259544559481793,0.153584038548854,0.216215345285123,0.160229829311842
0.159174578848624,0.129039599989438,0.131550838680776,0.250634758753259,0.171026717538526,0.150086733007575,0.154652238578316,0.23966500508548,0.155203956541766,0.285620218369494,0.209917836466874,0.162811653564557,0.158339252791324,0,0.180995651650816,0.149709554864337,0.168979467987111,0.144652400050023,0.151592072176524,0.159717400816619,0.161555813993753,0.152288271158445,0.177342290587332,0.178449106086596,0.161203897631024,0.171593606773078,0.162219108636323,0.154774644711405,0.165967878080496,0.168805036464191,0.154910085816147,0.163479508872651
0.120156367904697,0.141178557780287,0.178081695028612,0.161781957625011,0.147471745138626,0.162805414428488,0.144981859136495,0.153595305919319,0.145141249810995,0.203224448528888,0.387902667023127,0.1725895727509,0.684681866076342,0.180995651650816,0,0.14575609849795,0.136939301836824,0.151024272152488,0.129824003144901,0.158773076175523,0.152270371468604,0.16292079105067,0.13846415834081,0.166135541426579,0.131333537418479,0.175320520561379,0.147536954320738,0.155973663562407,0.282920329723666,0.135311723177054,0.238801581812725,0.14677700880416
0.272201702908448,0.205374920872741,0.174236682609377,0.181322017775322,0.207856223482075,0.167892762727649,0.513289254064042,0.207555052553647,0.723120842538743,0.171563857420156,0.168363691776427,0.19188746954486,0.160087908966143,0.149709554864337,0.14575609849795,0,0.212008614620981,0.21727928652256,0.163184735934651,0.190189744375713,0.197601724244839,0.191200355996717,0.218874935978332,0.180922817012748,0.286742610264372,0.181832662541365,0.173748731772371,0.174504872653803,0.152571939432524,0.162728914410717,0.154828462732216,0.350702268455702
0.648209272778907,0.24631690449029,0.141858904019991,0.165139067438402,0.183275944325858,0.153482717118233,0.185381631573932,0.167876092810799,0.259426853968853,0.168091278957605,0.150323774518568,0.147854810648324,0.145059901212007,0.168979467987111,0.136939301836824,0.212008614620981,0,0.285167128951397,0.160976365721139,0.160178663443127,0.184873035470161,0.230807871739004,0.184369088780839,0.172115323660146,0.378240020691913,0.15761025437277,0.192418223066798,0.164232004685413,0.147099771715884,0.148136860976633,0.135593778441169,0.296051478772496
0.316753945764569,0.197047060121261,0.143242151160216,0.165003969647271,0.178756505828238,0.16029262814011,0.176115252490724,0.167255403228036,0.248609583259479,0.158000474966966,0.148736259076089,0.163610232571602,0.156827278707962,0.144652400050023,0.151024272152488,0.21727928652256,0.285167128951397,0,0.155985730679145,0.169400820823149,0.175492899040098,0.275384120909598,0.200930404445322,0.185116305114843,0.381318825694589,0.169789960442584,0.155758641961425,0.160565111621865,0.127573334632772,0.167444890058693,0.139303469151935,0.279374623120666
0.159073431006031,0.167039259026367,0.156056458973865,0.143063351420201,0.180457376997217,0.180358257877966,0.174883885720029,0.146592060474871,0.170355816350704,0.140527738031448,0.140387850895338,0.17722721636493,0.127133454066957,0.151592072176524,0.129824003144901,0.163184735934651,0.160976365721139,0.155985730679145,0,0.198152784323143,0.198993295304588,0.201291775210927,0.152138344683727,0.32451153913357,0.189029073248309,0.185454978507653,0.216742657018392,0.170237038099636,0.135649948538343,0.173609186056167,0.125554016503449,0.199099054780352
0.152686693774809,0.178800751846172,0.18060621244015,0.161472977177921,0.200639962144988,0.18681447678314,0.191334519583679,0.165035626388708,0.178090918925876,0.170427372066668,0.169841747345527,0.199113659337567,0.146628979365543,0.159717400816619,0.158773076175523,0.190189744375713,0.160178663443127,0.169400820823149,0.198152784323143,0,0.270747750527834,0.285054711121597,0.221664734496102,0.31143410023999,0.188916242345804,0.608563712010196,0.210467351247483,0.196023520251177,0.186040574937076,0.168017529155076,0.14583678324537,0.216050733235421
0.165510845991788,0.152953751980476,0.201414961160917,0.172535172581035,0.263837683431201,0.21073021609388,0.250477727756477,0.182832359573913,0.188927941569919,0.175269378097746,0.163627797714922,0.196957044187425,0.151270141510279,0.161555813993753,0.152270371468604,0.197601724244839,0.184873035470161,0.175492899040098,0.198993295304588,0.270747750527834,0,0.202140797229727,0.586723626147105,0.436555582987612,0.229660535098415,0.21731483011437,0.20266382839401,0.183937715249884,0.167531790076731,0.14987491540492,0.161471500381317,0.183516635730315
0.210917925776025,0.193450651659752,0.176100378431282,0.192014363151614,0.195872499555004,0.176832211427842,0.182223400059217,0.195058598559307,0.197550450543079,0.191746162843258,0.17179652662088,0.179659714088119,0.154712421430678,0.152288271158445,0.16292079105067,0.191200355996717,0.230807871739004,0.275384120909598,0.201291775210927,0.285054711121597,0.202140797229727,0,0.241787227849307,0.213918659093917,0.361921808610511,0.2137348210359,0.215866628420985,0.191194347447749,0.158173554169331,0.166464439907092,0.140304175701438,0.365052811192705
0.167314828565849,0.140012219147253,0.181743747330917,0.172152191555787,0.247671104479665,0.16889836275524,0.231387307480496,0.17526344469098,0.199052413959183,0.173408566693635,0.157947804457497,0.175546408949445,0.142480581804748,0.177342290587332,0.13846415834081,0.218874935978332,0.184369088780839,0.200930404445322,0.152138344683727,0.221664734496102,0.586723626147105,0.241787227849307,0,0.196462536264239,0.248432685428027,0.23323131980478,0.191853996323566,0.173469285283229,0.169665072778079,0.154335617431218,0.175915999440764,0.223912111374394
0.164908596961698,0.177255720258912,0.165949144543898,0.172223351459707,0.235596632937241,0.217571590659675,0.220933113342537,0.181888855512438,0.190538224748486,0.173403109173883,0.163390863930527,0.198795830734266,0.170757988022756,0.178449106086596,0.166135541426579,0.180922817012748,0.172115323660146,0.185116305114843,0.32451153913357,0.31143410023999,0.436555582987612,0.213918659093917,0.196462536264239,0,0.241755436468025,0.218859807378448,0.270158553945015,0.192321158278192,0.154026970028337,0.146831695124999,0.149473159872719,0.25052991385933
0.365475130542513,0.199381198297229,0.182816579813881,0.177392567484229,0.203716211091755,0.203696075986945,0.216409943172569,0.181635939264156,0.436916074309414,0.181979106967112,0.17583863999273,0.184550335558351,0.135631282363288,0.161203897631024,0.131333537418479,0.286742610264372,0.378240020691913,0.381318825694589,0.189029073248309,0.188916242345804,0.229660535098415,0.361921808610511,0.248432685428027,0.241755436468025,0,0.209629196668252,0.214247387155956,0.193259975375035,0.159716586486733,0.174075741583814,0.15982770373872,0.513011348709942
0.14487323662133,0.1895145507598,0.154407957826303,0.17699891280561,0.203217837248398,0.162268911274202,0.181157490248733,0.180577646949979,0.173474764428794,0.169921365592293,0.170367874704336,0.207609619592894,0.176713522040525,0.171593606773078,0.175320520561379,0.181832662541365,0.15761025437277,0.169789960442584,0.185454978507653,0.608563712010196,0.21731483011437,0.2137348210359,0.23323131980478,0.218859807378448,0.209629196668252,0,0.260313395285513,0.185957428376742,0.189845282175857,0.279991157238686,0.183471716997206,0.197984399868986
0.160769231482308,0.155953732914489,0.172933107128987,0.162453101214761,0.188651337053679,0.186267313500526,0.167382452031855,0.160367056230337,0.158191721718565,0.162597060582041,0.151127239502158,0.202481901509124,0.167912842749156,0.162219108636323,0.147536954320738,0.173748731772371,0.192418223066798,0.155758641961425,0.216742657018392,0.210467351247483,0.20266382839401,0.215866628420985,0.191853996323566,0.270158553945015,0.214247387155956,0.260313395285513,0,0.199742334999644,0.352065719436058,0.193140248945689,0.219986258945502,0.216251213770263
0.178302752131976,0.167634707283919,0.165526411187463,0.205455594489293,0.196412107214317,0.188287671614151,0.183182107658958,0.210539080864301,0.179867599331334,0.218247618654247,0.217284683447732,0.809145757626435,0.178523632017866,0.154774644711405,0.155973663562407,0.174504872653803,0.164232004685413,0.160565111621865,0.170237038099636,0.196023520251177,0.183937715249884,0.191194347447749,0.173469285283229,0.192321158278192,0.193259975375035,0.185957428376742,0.199742334999644,0,0.218106469004259,0.159400902682543,0.236927393402134,0.170882714623972
0.129542090147765,0.149519086170791,0.133451413078716,0.173253663465249,0.213479130691152,0.19281135752243,0.179772026117654,0.168352765386859,0.147341975791751,0.169568552459411,0.173376794508737,0.17153819178553,0.259544559481793,0.165967878080496,0.282920329723666,0.152571939432524,0.147099771715884,0.127573334632772,0.135649948538343,0.186040574937076,0.167531790076731,0.158173554169331,0.169665072778079,0.154026970028337,0.159716586486733,0.189845282175857,0.352065719436058,0.218106469004259,0,0.230393080018033,0.703708187639218,0.172414895816465
0.149644765809855,0.152116341532187,0.147281590487287,0.199373081697635,0.151592307267115,0.154601501750808,0.146953927854224,0.173422949793083,0.144770568829921,0.203494818328405,0.165843325551393,0.152457441730822,0.153584038548854,0.168805036464191,0.135311723177054,0.162728914410717,0.148136860976633,0.167444890058693,0.173609186056167,0.168017529155076,0.14987491540492,0.166464439907092,0.154335617431218,0.146831695124999,0.174075741583814,0.279991157238686,0.193140248945689,0.159400902682543,0.230393080018033,0,0.418850282177887,0.166405432079107
0.128844975663518,0.140914835296294,0.139920969771084,0.170369866603166,0.196866899005448,0.188830782848366,0.188847849910183,0.150442700980196,0.150022755364071,0.172079217365078,0.156475012973671,0.153415698374308,0.216215345285123,0.154910085816147,0.238801581812725,0.154828462732216,0.135593778441169,0.139303469151935,0.125554016503449,0.14583678324537,0.161471500381317,0.140304175701438,0.175915999440764,0.149473159872719,0.15982770373872,0.183471716997206,0.219986258945502,0.236927393402134,0.703708187639218,0.418850282177887,0,0.156256922274783
0.20714097795153,0.19732501912843,0.172309826470659,0.163016100023548,0.220886735253276,0.200904081802517,0.260976198037014,0.165459411161954,0.381035298546898,0.167485351101399,0.161306008487598,0.172010872759535,0.160229829311842,0.163479508872651,0.14677700880416,0.350702268455702,0.296051478772496,0.279374623120666,0.199099054780352,0.216050733235421,0.183516635730315,0.365052811192705,0.223912111374394,0.25052991385933,0.513011348709942,0.197984399868986,0.216251213770263,0.170882714623972,0.172414895816465,0.166405432079107,0.156256922274783,0
