0,0.451485023012825,0.0641347453377624,0.20520050719303,0.101880332614223,0.0706049720032988,0.1771276640412,0.0130543117037541,0.151771965194958,0.433017428907408,0.241242713973402,0.221550795021251,0.333070983789786,0.160597593230066,0.353419104227563,0.0488663587431709,0.132124403167075,0.0713285813308048,0.191402296226916,0.119445452173687,0.0778831678078616,0.564240320876437,0.296348156018487,0.139433301917145,0.157335658626958,0.0400729573171795,0.141911467171161,0.448103009494893,0.0240311803787285,0.358360179885544,0.211771646406326,0.515777992670348
0.451485023012825,0,0.221306926316949,0.194373301120621,0.258692435296368,0.188757726024501,0.115413002615088,0.0548306047028884,0.166171682112276,0.303196445088897,0.025259685151512,0.117093106616071,0.100711172908199,0.0166670389466085,0.366144638955405,0.110926372109685,0.227129057473616,0.279884777349053,0.00962042930090407,0.0124329148541069,0.174772759140963,0.490729056769402,0.0713127066110124,0.00123791592254928,0.344557964879713,0.0509270474723309,0.489078839770492,0.0345000687958726,0.182923939784396,0.189713655454742,0.176043758737095,0.504491202854986
0.0641347453377624,0.221306926316949,0,0.17873605959986,0.159432663356788,0.362683577287418,0.282955160018495,0.0590334568367253,0.0820610246302818,0.190556007028855,0.388506696401362,0.0492081766511052,0.0679353238651228,0.00515225753714783,0.121098691235756,0.00810169403926175,0.261938230471864,0.0187584989944657,0.0970903612153859,0.0462286883592389,0.0468900232820002,0.292518099847806,0.212625230636827,0.0591309810832,0.0792366187090225,0.00446468246105938,0.15994296217232,0.0167538699511626,0.197947793747761,0.294472428771423,0.272585262246246,0.136891285011041
0.20520050719303,0.194373301120621,0.17873605959986,0,0.310280229807364,0.342695395940204,0.243396373947166,0.422890652502824,0.0270836782104452,0.263858207188472,0.102912066876733,0.26374128352845,0.126429871872466,0.120004901624627,0.245746380421682,0.0290891906030917,0.143978432381619,0.21144978885653,0.0376465309124303,0.0785656504602048,0.206656195905786,0.151720643062701,0.00351042770115472,0.191819995107902,0.098947433525647,0.252338260210976,0.273559735192006,0.063065627958337,0.109285108030697,0.254698562455871,0.186520557362468,0.0627031109948266
0.101880332614223,0.258692435296368,0.159432663356788,0.310280229807364,0,0.77864324693707,0.699427758967663,0.246793254178209,0.0716402368217486,0.34061942203393,0.287386173504623,0.284151549714307,0.0263156920713247,0.0946056784834555,0.117556585812264,0.137868565453271,0.29123815394897,0.249623624366241,0.036861807783376,0.0540053872878479,0.102220051182128,0.138373644060851,0.317484936222358,0.280276417151749,0.148711687871094,0.343041881109853,0.25378264204649,0.100297214687957,0.51037258925281,0.00282993177825933,0.191930037658428,0.0896692034675716
0.0706049720032988,0.188757726024501,0.362683577287418,0.342695395940204,0.77864324693707,0,0.573460889930869,0.120619863794625,0.107294456900446,0.200307643596619,0.193335609893284,0.386229467673513,0.0612836135881326,0.0326837344678588,0.173318284702192,0.140804508333862,0.18290558735944,0.151566314369789,0.000314044676663625,0.0531430624000962,0.0625493357298131,0.148171793312732,0.182100539292949,0.281191199775825,0.146599064557109,0.111443290321314,0.172253307639163,0.0583415913563897,0.409490738102008,0.00312231638388047,0.24117800050747,0.0371576065694668
0.1771276640412,0.115413002615088,0.282955160018495,0.243396373947166,0.699427758967663,0.573460889930869,0,0.0650532359106311,0.218425545073673,0.35558635847808,0.391477107562412,0.163250017733243,0.00904863242078825,0.130968545334534,0.321469122423827,0.097486883818346,0.091582628488644,0.0184233110606049,0.0465268292823491,0.0562672983180423,0.0313582131783215,0.121610187666186,0.421969332736488,0.141141035629428,0.0950917038831243,0.112750356540141,0.0472048991280229,0.183891409357694,0.233068616800035,0.135119112437899,0.165849986674222,0.167114352973703
0.0130543117037541,0.0548306047028884,0.0590334568367253,0.422890652502824,0.246793254178209,0.120619863794625,0.0650532359106311,0,0.16775717951717,0.0454925506768915,0.0813058712224208,0.0100527330306902,0.105672675564321,0.00768699573215633,0.0445287579707016,0.100823922712566,0.121573217525149,0.128636523953581,0.14003341302443,0.276703412456075,0.458548851982372,0.0393252282864339,0.216456680343094,0.236031136038658,0.0283208852095141,0.677134594434586,0.441121219218401,0.21057945080592,0.236565846615148,0.0983963845743421,0.0960234303917488,0.040109518414773
0.151771965194958,0.166171682112276,0.0820610246302818,0.0270836782104452,0.0716402368217486,0.107294456900446,0.218425545073673,0.16775717951717,0,0.339958786914067,0.169794855273836,0.1231533764106,0.123320046250883,0.12629994404723,0.250162200235009,0.698172317713155,0.0499942866869304,0.109695128148909,0.236747905746843,0.173230905768298,0.0457537480360784,0.131766630311463,0.408682713165847,0.0417051758106494,0.578313186869705,0.134806420847069,0.0635139639043391,0.166969197101966,0.0293439898532396,0.268372092501108,0.239066461622764,0.343177986303344
0.433017428907408,0.303196445088897,0.190556007028855,0.263858207188472,0.34061942203393,0.200307643596619,0.35558635847808,0.0454925506768915,0.339958786914067,0,0.607411377747075,0.0868666389996983,0.0719655247473016,0.44834990117814,0.298468320648774,0.230011790552065,0.414807982919629,0.0318477665885006,0.303639104827557,0.0381133276977247,0.0344312780554599,0.295717156080948,0.176849831912674,0.149535325384611,0.354424795642054,0.182659181736209,0.0569776548624599,0.226748974063862,0.123786824681461,0.316020174624309,0.27994526920001,0.49184698560178
0.241242713973402,0.025259685151512,0.388506696401362,0.102912066876733,0.287386173504623,0.193335609893284,0.391477107562412,0.0813058712224208,0.169794855273836,0.607411377747075,0,0.0104387970339381,0.320460366746388,0.306416443087812,0.153939947452211,0.0400949633341337,0.236484745865355,0.0571196693561082,0.171662710874701,0.0597015329377613,0.075828290765242,0.207150484081806,0.40676292473945,0.270323994844694,0.153162225421883,0.149494810414444,0.0233491042819707,0.285335687326084,0.320093877652431,0.411166894574882,0.222381014304661,0.283886506214182
0.221550795021251,0.117093106616071,0.0492081766511052,0.26374128352845,0.284151549714307,0.386229467673513,0.163250017733243,0.0100527330306902,0.1231533764106,0.0868666389996983,0.0104387970339381,0,0.228309425267717,0.0265895700683537,0.32758913522907,0.265046708292672,0.0963244394537886,0.489677717519914,0.129553168882049,0.180939963650809,0.0866207887122601,0.315346538686818,0.00536579872321078,0.296358834818854,0.121320700418989,0.0219056106416625,0.0942960899165443,0.493314744099688,0.316157166952441,0.105774897706561,0.159884347623064,0.06360821643389
0.333070983789786,0.100711172908199,0.0679353238651228,0.126429871872466,0.0263156920713247,0.0612836135881326,0.00904863242078825,0.105672675564321,0.123320046250883,0.0719655247473016,0.320460366746388,0.228309425267717,0,0.087108935262555,0.423358972195076,0.125730870928265,0.0322960430805339,0.341468873949142,0.349255715532733,0.358783920442916,0.0539812031679958,0.0402421366825599,0.0648682016701798,0.26379464994151,0.0872444304600586,0.0144377286440977,0.0149910692428337,0.422663447911576,0.262201059634323,0.07136219485803,0.000943509615022564,0.000333789167017671
0.160597593230066,0.0166670389466085,0.00515225753714783,0.120004901624627,0.0946056784834555,0.0326837344678588,0.130968545334534,0.00768699573215633,0.12629994404723,0.44834990117814,0.306416443087812,0.0265895700683537,0.087108935262555,0,0.193535784806567,0.25118694242865,0.176544684102074,0.0472559489123705,0.197491959791969,0.039557994382372,0.0377726395498552,0.0305670651694836,0.0165959349274881,0.0481493299184797,0.270728520118984,0.0682428526438811,0.0824765072372128,0.150127504077896,0.0685631556554102,0.126072602435957,0.335500498435892,0.124957220547965
0.353419104227563,0.366144638955405,0.121098691235756,0.245746380421682,0.117556585812264,0.173318284702192,0.321469122423827,0.0445287579707016,0.250162200235009,0.298468320648774,0.153939947452211,0.32758913522907,0.423358972195076,0.193535784806567,0,0.143663314027913,0.104205247750814,0.379844897295221,0.139071674787907,0.0793126518099804,0.0313856213357803,0.0868599888603055,0.118409983008364,0.0370101860187255,0.0318630213877277,0.0105728147323849,0.0694241243444568,0.388674004193498,0.0164710979883645,0.168410555522897,0.217093481927961,0.112015772030463
0.0488663587431709,0.110926372109685,0.00810169403926175,0.0290891906030917,0.137868565453271,0.140804508333862,0.097486883818346,0.100823922712566,0.698172317713155,0.230011790552065,0.0400949633341337,0.265046708292672,0.125730870928265,0.25118694242865,0.143663314027913,0,0.196934864324086,0.204402452818577,0.153608748115546,0.113063917315971,0.000730096978952851,0.0882785421829811,0.0479831501253231,0.0670734412280846,0.520555799329147,0.0189773810833633,0.074305729298021,0.133863295368189,0.16745449111357,0.092191753255075,0.311540862847463,0.12155779046178
0.132124403167075,0.227129057473616,0.261938230471864,0.143978432381619,0.29123815394897,0.18290558735944,0.091582628488644,0.121573217525149,0.0499942866869304,0.414807982919629,0.236484745865355,0.0963244394537886,0.0322960430805339,0.176544684102074,0.104205247750814,0.196934864324086,0,0.366565832298836,0.00466963842238452,0.0170966535429326,0.0111827667076569,0.128456870529377,0.031948543888349,0.219927001258525,0.0654319485640681,0.154097681583442,0.239958643908903,0.0148924603658151,0.289533216206511,0.173018474885597,0.331041807744481,0.117905862668936
0.0713285813308048,0.279884777349053,0.0187584989944657,0.21144978885653,0.249623624366241,0.151566314369789,0.0184233110606049,0.128636523953581,0.109695128148909,0.0318477665885006,0.0571196693561082,0.489677717519914,0.341468873949142,0.0472559489123705,0.379844897295221,0.204402452818577,0.366565832298836,0,0.04610840520597,0.0330587950462161,0.105237785822523,0.0330615639341588,0.0651957390932582,0.329310967029363,0.0546824808343703,0.254880492519052,0.246486589829221,0.165748402925106,0.349651207652896,0.11967679571417,0.0292829339361358,0.00766747181301943
0.191402296226916,0.00962042930090407,0.0970903612153859,0.0376465309124303,0.036861807783376,0.000314044676663625,0.0465268292823491,0.14003341302443,0.236747905746843,0.303639104827557,0.171662710874701,0.129553168882049,0.349255715532733,0.197491959791969,0.139071674787907,0.153608748115546,0.00466963842238452,0.04610840520597,0,0.27764633727636,0.259806993648819,0.0348456276090003,0.0414276875974716,0.0341417897503623,0.0545962982463667,0.227855201714982,0.028488076830751,0.215541457186177,0.0524103998176194,0.0558100027210907,0.0908202379682401,0.0470463731902336
0.119445452173687,0.0124329148541069,0.0462286883592389,0.0785656504602048,0.0540053872878479,0.0531430624000962,0.0562672983180423,0.276703412456075,0.173230905768298,0.0381133276977247,0.0597015329377613,0.180939963650809,0.358783920442916,0.039557994382372,0.0793126518099804,0.113063917315971,0.0170966535429326,0.0330587950462161,0.27764633727636,0,0.272205683197007,0.0242987694576668,0.0158767599523531,0.0536976221283299,0.0796167323798522,0.285808308350613,0.066316039726882,0.354349517780597,0.0544760475125116,0.0857253414565862,0.156875602060494,0.0290752648362555
0.0778831678078616,0.174772759140963,0.0468900232820002,0.206656195905786,0.102220051182128,0.0625493357298131,0.0313582131783215,0.458548851982372,0.0457537480360784,0.0344312780554599,0.075828290765242,0.0866207887122601,0.0539812031679958,0.0377726395498552,0.0313856213357803,0.000730096978952851,0.0111827667076569,0.105237785822523,0.259806993648819,0.272205683197007,0,0.192346595883309,0.028412387890997,0.255006318002848,0.0232638156581783,0.390105226111738,0.190101527168436,0.0249543092788146,0.210742365769959,0.197096228047473,0.195490305898385,0.0162987857748436
0.564240320876437,0.490729056769402,0.292518099847806,0.151720643062701,0.138373644060851,0.148171793312732,0.121610187666186,0.0393252282864339,0.131766630311463,0.295717156080948,0.207150484081806,0.315346538686818,0.0402421366825599,0.0305670651694836,0.0868599888603055,0.0882785421829811,0.128456870529377,0.0330615639341588,0.0348456276090003,0.0242987694576668,0.192346595883309,0,0.282398347082768,0.124845071381475,0.3256514371099,0.0724213069700787,0.372222744943143,0.424805247020338,0.0742172975870969,0.390314096345687,0.265387554873901,0.579889222366842
0.296348156018487,0.0713127066110124,0.212625230636827,0.00351042770115472,0.317484936222358,0.182100539292949,0.421969332736488,0.216456680343094,0.408682713165847,0.176849831912674,0.40676292473945,0.00536579872321078,0.0648682016701798,0.0165959349274881,0.118409983008364,0.0479831501253231,0.031948543888349,0.0651957390932582,0.0414276875974716,0.0158767599523531,0.028412387890997,0.282398347082768,0,0.244541296478109,0.213313783504298,0.276487361957945,0.0896613760686071,0.213887801275842,0.222642167997572,0.396460800589028,0.157779111076164,0.441051079181424
0.139433301917145,0.00123791592254928,0.0591309810832,0.191819995107902,0.280276417151749,0.281191199775825,0.141141035629428,0.236031136038658,0.0417051758106494,0.149535325384611,0.270323994844694,0.296358834818854,0.26379464994151,0.0481493299184797,0.0370101860187255,0.0670734412280846,0.219927001258525,0.329310967029363,0.0341417897503623,0.0536976221283299,0.255006318002848,0.124845071381475,0.244541296478109,0,0.0862044446095587,0.32600215477872,0.0367892882853177,0.149154449480216,0.36706022170328,0.168041113279649,0.000776060839884401,0.203675176552828
0.157335658626958,0.344557964879713,0.0792366187090225,0.098947433525647,0.148711687871094,0.146599064557109,0.0950917038831243,0.0283208852095141,0.578313186869705,0.354424795642054,0.153162225421883,0.121320700418989,0.0872444304600586,0.270728520118984,0.0318630213877277,0.520555799329147,0.0654319485640681,0.0546824808343703,0.0545962982463667,0.0796167323798522,0.0232638156581783,0.3256514371099,0.213313783504298,0.0862044446095587,0,0.125689052096137,0.194031250116741,0.0781638371089961,0.209065156469341,0.106805653886823,0.245194715938481,0.604130100091132
0.0400729573171795,0.0509270474723309,0.00446468246105938,0.252338260210976,0.343041881109853,0.111443290321314,0.112750356540141,0.677134594434586,0.134806420847069,0.182659181736209,0.149494810414444,0.0219056106416625,0.0144377286440977,0.0682428526438811,0.0105728147323849,0.0189773810833633,0.154097681583442,0.254880492519052,0.227855201714982,0.285808308350613,0.390105226111738,0.0724213069700787,0.276487361957945,0.32600215477872,0.125689052096137,0,0.353041412556748,0.110722470318877,0.187977801327218,0.04151845974459,0.0997391655706757,0.111169096180326
0.141911467171161,0.489078839770492,0.15994296217232,0.273559735192006,0.25378264204649,0.172253307639163,0.0472048991280229,0.441121219218401,0.0635139639043391,0.0569776548624599,0.0233491042819707,0.0942960899165443,0.0149910692428337,0.0824765072372128,0.0694241243444568,0.074305729298021,0.239958643908903,0.246486589829221,0.028488076830751,0.066316039726882,0.190101527168436,0.372222744943143,0.0896613760686071,0.0367892882853177,0.194031250116741,0.353041412556748,0,0.109203146162435,0.294115805209191,0.107430501213106,0.00792698054642154,0.202522900725085
0.448103009494893,0.0345000687958726,0.0167538699511626,0.063065627958337,0.100297214687957,0.0583415913563897,0.183891409357694,0.21057945080592,0.166969197101966,0.226748974063862,0.285335687326084,0.493314744099688,0.422663447911576,0.150127504077896,0.388674004193498,0.133863295368189,0.0148924603658151,0.165748402925106,0.215541457186177,0.354349517780597,0.0249543092788146,0.424805247020338,0.213887801275842,0.149154449480216,0.0781638371089961,0.110722470318877,0.109203146162435,0,0.0303108806762659,0.11965926187053,0.0774037842736755,0.221874308948655
0.0240311803787285,0.182923939784396,0.197947793747761,0.109285108030697,0.51037258925281,0.409490738102008,0.233068616800035,0.236565846615148,0.0293439898532396,0.123786824681461,0.320093877652431,0.316157166952441,0.262201059634323,0.0685631556554102,0.0164710979883645,0.16745449111357,0.289533216206511,0.349651207652896,0.0524103998176194,0.0544760475125116,0.210742365769959,0.0742172975870969,0.222642167997572,0.36706022170328,0.209065156469341,0.187977801327218,0.294115805209191,0.0303108806762659,0,0.0101474198954514,0.185258513302826,0.0800026951631915
0.358360179885544,0.189713655454742,0.294472428771423,0.254698562455871,0.00282993177825933,0.00312231638388047,0.135119112437899,0.0983963845743421,0.268372092501108,0.316020174624309,0.411166894574882,0.105774897706561,0.07136219485803,0.126072602435957,0.168410555522897,0.092191753255075,0.173018474885597,0.11967679571417,0.0558100027210907,0.0857253414565862,0.197096228047473,0.390314096345687,0.396460800589028,0.168041113279649,0.106805653886823,0.04151845974459,0.107430501213106,0.11965926187053,0.0101474198954514,0,0.337424163850468,0.363805244545549
0.211771646406326,0.176043758737095,0.272585262246246,0.186520557362468,0.191930037658428,0.24117800050747,0.165849986674222,0.0960234303917488,0.239066461622764,0.27994526920001,0.222381014304661,0.159884347623064,0.000943509615022564,0.335500498435892,0.217093481927961,0.311540862847463,0.331041807744481,0.0292829339361358,0.0908202379682401,0.156875602060494,0.195490305898385,0.265387554873901,0.157779111076164,0.000776060839884401,0.245194715938481,0.0997391655706757,0.00792698054642154,0.0774037842736755,0.185258513302826,0.337424163850468,0,0.160704813717149
0.515777992670348,0.504491202854986,0.136891285011041,0.0627031109948266,0.0896692034675716,0.0371576065694668,0.167114352973703,0.040109518414773,0.343177986303344,0.49184698560178,0.283886506214182,0.06360821643389,0.000333789167017671,0.124957220547965,0.112015772030463,0.12155779046178,0.117905862668936,0.00766747181301943,0.0470463731902336,0.0290752648362555,0.0162987857748436,0.579889222366842,0.441051079181424,0.203675176552828,0.604130100091132,0.111169096180326,0.202522900725085,0.221874308948655,0.0800026951631915,0.363805244545549,0.160704813717149,0
