0.0,-0.0067544819574432,-0.0022192808329870002,0.0001413851671837,0.00037048734636919994,0.004130180420176301,0.0014910846686767999,6.896288980479982e-05,-0.0019978683639563,-0.0009338142134963,-0.0009600808817194001,8.930221844280007e-05,0.000422822870937,0.0006555493726961999,-7.289917437100003e-05,0.0005847921353340003,0.00030281108298010006,0.00022659883133970004,-0.0002470594660367001,-4.9834149024299964e-05,-0.0005726093178759,0.00037003060242670003,-0.00044820918144710016,-0.00045978257047300005,-0.0020754048596601997,-0.00023683638384649998,0.0002179298592958,0.00037620722437999997,-0.00010847228500910006,3.469391907350006e-05,-0.0007592505752642999,-0.0037518516528425
-0.00043448582920570006,0.0,0.0013759818034712,0.0007879040339406997,0.00022007261014880017,-0.0001279577274246001,-0.001916515928968,0.0006950833195804001,-0.0042189160852621,-0.0007684583507935,-0.00046941964626120004,-0.0005519768524244999,-0.00035960190527550004,0.0015453670303855998,0.0003948110010584,0.00032522627000209996,-0.00021438379008799965,-0.007273241058825101,8.903182576639997e-05,-9.820704815729998e-05,-0.0004347723442493,-0.0007850075895865,-0.0005867002001785,-0.0001728150381496,-0.0042065694744109,1.953262969619997e-05,0.0003433533580465,-0.0009008499548255999,-0.00022275670145360002,0.00011457337652450003,-0.0001706274454998,-0.002832614848727
-0.0021785546508452,-0.000422819724924,0.0,-0.00020918285923289992,-2.3531829656900014e-05,0.0002882011253810999,0.00047871768412239993,-0.00019824728823629998,0.0016429549362655,0.0002831166735121002,0.00019852694503279993,0.00023359829057330002,0.00030297380948829996,0.0006760944660969001,0.0001377091951858,-0.00037042767223239995,-0.0012507583557108,-0.0007393063896498001,-0.0005669128537669,7.067125223229995e-05,1.6623191025399986e-05,-0.00057091841902,-0.0004492175448045,-7.786593817310001e-05,0.0002164033042455,-0.00026531571206570004,-4.454118817899945e-06,0.0006700447614243999,-0.0009145474765859,8.831513331489997e-05,-0.00026860077469839996,0.0005255132306729001
0.00042377879572480005,0.00017065215516709996,-0.0014443216131207,0.0,-0.0005666857780670994,-0.00011059634618410018,0.0015916341709743004,-0.0011025403180023007,0.0004308112316178999,0.0013641886862736999,-0.0007000274691569,0.0008271275005402,-0.00012168718187499997,-0.0009821028830537,0.0013764138085459003,0.0017262177713271002,0.0007761036019362998,-0.00018376764953150003,0.0006421071060227001,0.00026407392670069993,-0.0001668217306492999,-0.0002822711396707001,-0.00015630848285119996,6.218380681750001e-05,0.0008482655501132,0.0006212328437356,0.0010282145217598002,0.0009241580523775999,-0.0010107125725473999,1.7154910415000026e-06,-0.0002120019389840001,0.0005686578914907
-0.0012246171966139,-0.0018990637149572998,0.0001127854394208,-0.0013995024155231,0.0,0.00040803749874560003,-0.00021392537958029993,-0.0031110608565884006,-0.00023809477454210005,0.0011457152603875002,-6.1214189451e-05,0.0004523242994447,0.00021937775256919987,-0.0005651362076195999,-0.0013397425868959,-0.0012056309387092003,-4.1546177362200174e-05,0.00036711258633459996,-0.0005032478657450001,-0.00029986490391160003,-0.0005166902162461001,0.00023960663321969994,1.6013678404199947e-05,0.0003132346738027999,0.0009423174783247,0.0003605865914174999,7.037665386060003e-05,0.00034374593538740003,0.0013381115841087,5.369375344470013e-05,0.0009119398232518001,-6.813580640999996e-05
-0.0003450759126878999,0.00033381522923869975,0.0006641955972812001,0.000676328150517,-0.00020141032022719997,0.0,0.00015371346427800014,-0.0007431792904278999,-0.0018863254733668,0.0003443419373376001,-0.0004254010708323,-9.712203289519996e-05,0.0002927070835166,8.373133583969999e-05,-5.935668469189996e-05,-0.0002008307266179,-0.0009931610947484,0.00030967364450529993,-0.0002895602526221,4.903784365600035e-06,0.00014130657989840003,0.0009814254570705001,0.0008534807638111999,0.0004317710894218,-0.0005415174032730998,0.00011852434190890002,0.0003568524722628,0.0002361601555123,0.000538117804187,-0.0005048301187377999,-0.00012813072748339997,-0.0013652530332880003
0.0002448528697500006,0.0009004274960033001,-2.5196783243000087e-05,0.0008632704714072001,0.0007059334283523999,0.0013669702507221,0.0,6.0195018210000215e-06,-0.0006121191834185,0.0008625746821937999,-7.843836663529998e-05,0.00014856403459790008,0.0006946404483201001,-0.0003385634354094,-0.0007005720145986999,-0.00031377013716469995,-9.809935813899994e-05,0.0001031913620289,-0.0003867239301294,0.0001289902054969999,-0.0004886905043811,0.00033359531427970004,0.00020109177260879988,0.0003535830814452999,0.0003044693771071,0.0006757139969372,0.0004454218651810001,0.0003192103541406,0.0008811563906799001,6.068461099799989e-05,0.0003822333732968,-0.0005207811596464999
-0.00068256299638,-0.0011780207070513002,-0.0015115437182077,-0.00030219227542459953,-0.00042265745839669983,-0.0004422380902753,0.0009343641792487999,0.0,0.0006234545219805999,0.00019022533886809984,-0.0010763351213515,0.0006272777814138,-0.0004910486020257999,-0.00026556787985399996,0.0017643158647116998,0.0012967702713644002,0.0006395192096341999,0.00010231127879470006,0.00014768281427809992,0.00011137071236360003,-0.0006506455804032,-0.0012592036742658,-0.0015040118031456,0.0006515985195255,0.0005896754237257002,0.0003923465916111,0.0008721005467526,0.0005878694099913,-0.0001762727183967001,9.904917367949996e-05,3.040974150740009e-05,-0.0002498573283333999
0.0041624353501383,-0.0007438542163925002,-0.0008800258163533001,0.0010639203899664002,0.0005720681648821999,0.0022452882131714005,0.0035367506444413006,0.001113886212981,0.0,0.00023221155305529998,4.69247709161e-05,9.27366548247e-05,0.0016490042320359,0.00023553288250449997,-1.7006344818300072e-05,-0.00025181941999379985,0.0014116456826216,-0.0009189671327192999,-0.0005870189867728001,0.0005296291337390001,0.002684258318293,0.0011925479899685,0.0014858993468386,4.609227556469993e-05,-0.0015934780341919,0.0009176055833394999,0.0008275901888197999,0.0008038210025801999,0.000248981114941,-0.00013001007778529997,-0.000244492266512,0.0004952522352979
-0.0002452999458730001,0.0006144844225669,-0.0007605291169933,0.0031415800220664994,0.0007344336241184007,0.0017558889457222,0.00018595472803440002,0.004446719690631699,0.0003198365731083999,0.0,0.0012762455593772998,0.0011300961335245,0.0004509653323863999,8.252858709300107e-06,-0.0017242373132504998,-0.0008229649536475002,8.730910769060002e-05,0.0005285117630283,0.0012460151274309,-0.0003220653612278,-0.00035184440537560003,0.0007127694575948999,0.0008802749331593999,-0.0010861388867043002,0.0005463714175873,0.0006852707561292,0.0008629598280893,0.0012554374871724,-0.0004137042637207,0.0002673177550056,-8.531906277700011e-06,0.0003159469725345
-0.00017818761146119993,0.0011589016072082999,-0.0006118628691879999,0.0015597861294414008,0.0007812221999186006,0.0007221810719603998,0.0012304246372521997,0.0019710035846811982,0.0002286557828812,0.003909990185865901,0.0,0.0003619811143427999,-0.0011404086571456997,0.00039501794448330006,-0.0027509786731782005,-0.0011733290756102,-0.00012821725335299995,9.482341710280001e-05,0.0010871531291300998,-6.279431330359994e-05,-0.0006360359288859,4.392011023169999e-05,7.318371317419997e-05,-0.0003725007980427999,0.0003588230559317,0.0014886735719744997,0.0013769907109389002,0.0006757790055661001,-0.0004759386318729001,-8.801301458270002e-05,-0.0003780004068399999,5.5961884301699997e-05
1.26733245206e-05,-0.00017035753777100004,0.0006615952455651,0.0005856789709188001,0.00010705257039979993,0.0006760525570870999,-8.140079936940002e-05,0.0008165278390919001,-0.0002755108887937002,-6.585548693769999e-05,-0.0005612456591233004,0.0,-0.001338378927757,0.0023164305052124,0.0024230309347614,-0.00021786316487279998,0.0005939818967763001,4.6541416444200075e-05,0.0001489846192907001,-0.0005024554018843998,0.0004396595426749998,-0.0003462033614616,-5.815449792309982e-05,0.0001460882468554,-0.0007242552596675,0.0016764409734790998,0.0010558316796298994,0.00011341113277030029,0.0015194747363893,-0.00021090514485689997,0.0008915865921624998,-0.0016616854773209002
-0.00010617684529119992,0.00020068736249220006,-9.678344675249982e-05,-0.0009287826580487,0.0002541457616768001,0.0005234349880051,0.0007403051197299999,-0.0007364019268283999,0.000435444033558,0.0007243949518202,0.0009059820732048999,0.0047206216360133006,0.0,0.00019617032514890006,-0.0024807278877274994,-0.0013209349835109,0.00048308431448740004,0.00012130632712420008,-0.0011829095022700999,0.0008585323852769999,-0.0004285953660616,-0.0002609448349528,-0.0002079082619338001,0.0004353334699683999,0.0005322230086409,0.0012599226322638998,0.001805844288788,0.0015795010682944002,0.0014651522519482,0.00040122612459990003,0.0005756187931323,0.0007162492244856
-0.0003868083303178,-0.0005494725561534,0.0041683311279027,0.0005922607667324001,-0.0006647999265316001,-0.00011590592546129996,0.0002598218408467999,0.0002832357430077999,0.0013357680159055,0.00048308092058790006,-0.0005054015711217002,0.00023426885417430002,-0.00032084942092940006,0.0,-0.0003438876817974,-0.0006345086031486998,-0.0009375665291964999,0.00015926251623530003,0.0003597394139041,3.0513040944900056e-05,0.00021175308428059993,0.0009721681833517,0.0005264447168313001,0.00015602389550169995,3.8726573487099926e-05,-0.00046159567568129995,-0.0002317957030799,0.0008653481403276999,0.0007754772522322999,-0.00020165381798470004,0.0005594490740249,0.00025014129836150006
0.0005795052665704,-0.0008577504711130002,-0.00041622171007410004,0.00031264362107590005,0.0011194644947807,-0.0003648231304583002,0.0004816737563695001,0.00017014170813549996,0.0006950467494585,0.0009818208573709,0.0007591429597508998,0.0017684864838376003,0.0017215106515233005,0.0002300995337137003,0.0,-0.0005851675585725,-0.0005274226372313,-0.0001376733430235,-0.0005528979529986001,-1.1722488191500064e-05,-8.764169614310004e-05,0.000580969951813,0.0002720271405096,0.0001624857799951999,0.0005612230108076001,0.0003067606257266,0.0011357725867209001,0.0014258214985848,0.001216233678168,6.276426651729997e-05,0.0012398270756614998,0.0005413510018913
0.0026111964251341003,0.0119859278495537,0.0009245975552278,0.0005285473793982002,0.0038487126891784003,0.0022532881973391997,0.00031383763561220043,0.00040296987158050003,-0.00027939898161589993,4.543265822439999e-05,-2.982741909839993e-05,6.818255729259994e-05,-0.0017631317924577,-0.0005716395448176999,-0.0005874251243284001,0.0,-8.985274573799996e-05,0.0001694624723065,1.302657890100002e-05,-0.00010230592458609997,5.46780516378e-05,0.00015859628755119986,0.0002173243038961001,-0.0007908331595194999,0.0002715244062734,0.00013555952337379997,-0.0002587476779412999,-0.00043844896613710004,0.00014580190005560002,-0.0005549747085348,-0.0007758048541801001,0.00040132668335009995
0.0011310248540150006,-0.00023491299152360008,0.00027464578593670006,0.0006982115683293001,-0.0009144671094321001,-0.0015605821251397,-0.0020717301081765995,0.00018529348444950005,0.0006111728320032,0.00010135820690989998,-0.0002904610645386,-0.0005582557660583,-0.0008723219105175999,0.0005681108944467,2.6135831396999903e-05,-0.0004416971160397,0.0,-0.0021761731870520995,0.0024264587467166003,-0.0004796319478283,-0.0010505484570253998,-0.0027923673170113,-0.0027154804775261004,-0.0005886970929832,0.00019933465094969997,-0.0006710335610624,-2.6050491080000025e-05,-0.0008570570170872001,-0.00048735379950510003,0.0011963756734385,-0.00037787034487809997,-0.0008762998929063
0.0022177985418239,0.0018524938103607002,-0.00013031698673730005,-3.715151283960002e-05,-0.00028170267364,0.0017883055769414,0.0020329588530203996,5.3877852101900025e-05,0.0038599340064362,-0.0007705123259046999,-0.0003479266754096999,0.0006640018067081,0.0005284831466911999,-0.00021884174327099998,-0.0010497531052429,0.0017012538639197,0.0004580085752907007,0.0,0.0031943691679068003,-0.00023531101395450008,-0.00018084033780980003,0.0011120735408732,6.776238233309993e-05,0.0006511481597166001,0.0021717671789220003,-0.0001921874041511001,0.0001341421664291,0.0010538044384758999,-0.00019085933227319999,0.0010860550674894,-0.0002516103757894,0.0019740084095653003
0.0026410139579871005,-0.0007892345091668003,0.0009436535503622001,-0.00028323214329020003,0.0001960171039475,-0.0009796290385227,0.00021106560441879998,-0.0005260207555667002,0.0009658408695717999,0.00014479769913850003,0.000427416060345,-0.00011963329578049998,0.000482025443883,0.00030526203564809997,0.00012118800332380005,0.0003549472211929999,0.0002819549322296,0.005312396386659099,0.0,0.0008948681095781001,0.0007426811966505,0.0009155594380863,0.0008674200174480999,-0.00010566028417559998,0.00015122384068030003,0.00020683635266669984,0.0003955944759283,0.0007696564221866,0.00026779019219779995,0.00029326359785059996,-0.00026879545511539996,0.0008618139324452999
-0.00036772371113689994,-0.0021144046085336,8.069528257140007e-05,-0.00010360938509179998,0.00025593911695209997,-0.0022036909128784997,-0.0012752297605749003,-0.0007812920094180001,6.127901652629999e-05,0.0003854715604880999,0.00026830559242500005,-0.00019185110350180006,-0.0007474154633686999,0.0005941169448984001,-0.00011966827993609998,-0.0003489724070418,-0.0004829749616735001,-0.00029554623972270007,0.0004984302279521999,0.0,0.0002642635115135,0.00022902666386000008,0.0003842141071164,-0.0008774629652314001,0.0007248838541875,0.0028383615706662002,-0.0004869412385522,0.00018443299497740006,0.00013318150804139998,0.00038950704561410004,-0.0005760431024985,-0.0002535285770339
0.00027189540406589996,0.0005942523180524999,0.0008895376808098,0.000162003502874,0.0007412980623777,-0.00038799784798839994,0.0012964199464661004,0.00031910898911869994,-0.00047614919852550006,-0.0004074613681856,-0.0009658345944487001,-0.0016365415861016998,0.0001081634577054999,0.00034089598825449996,0.0003352825548625,-0.00020420032815070006,-0.0002789659928562,-0.0002548956928204,0.0002025017173248999,0.0005156441824387,0.0,-0.0007897899136636,0.0005182809637292,0.00041676584992840016,-0.0030458800952413,-0.00044619284980290056,0.0004607374333346001,-0.0007366715469272,-0.00018936797846289986,0.0008298857154997999,0.0011669818702498,-0.0015453684066767
0.0031627010789212,0.0007039953138324002,0.0006486089224907001,0.00038637854626710007,0.0001812006268108999,0.0010878268137573,0.0011617030293489998,0.00043321681070429986,-0.00043068429431679985,-0.0005745162963337999,-0.0003430890697417999,-0.0001354952847813,0.00016992291883409993,-0.000162548423407,-0.0003023748884467,-0.0002351858411606,8.20952919693e-05,0.0005500922145644002,0.0031977196068072,-0.0011177378195937997,0.0017919996048372999,0.0,0.0008612392013589,0.00020818810786170003,-0.0006956038515020999,-0.0014086126568478,-3.0169620680000047e-05,-0.00012315184333599994,2.524643699330009e-05,-0.00019517614233090003,-0.0005896943401805001,-0.0004810678266776
0.0019641619129833,-0.0005636202893068,0.0008484762777378001,-5.1738351867599685e-05,0.0001987168592686001,0.00024956603269519996,0.0005777427871747997,0.0002919526013346,-0.0008047444031628,-0.0006699018121987001,-3.576717707169999e-05,8.40966170943e-05,0.0006924405114112,0.0005501206401005,-0.00014049972033449993,-0.00033227484221700005,0.00048374846539510005,0.0006044037759150001,0.0010766709510069002,-0.0002419438911350001,0.0022104701355746,0.0003957699606525998,0.0,2.294030126989981e-05,-0.0009951571042794,-0.0005295875018611999,0.0006643028321634,9.034468096909992e-05,0.0003756364735015,0.00024089349197109998,0.00015278358776590006,-0.0007129872506665999
-0.00047663564176499997,0.00016696650830019984,-0.00043580910382880005,-0.0002899849600327,5.0910656674599936e-05,-0.0008074238152099001,0.00012591525691399994,-0.0011423766022668,-0.0002708261520005,0.0005796301056930001,-6.255167059269996e-05,-0.0018334657930328998,-0.0018553588754368,-0.0001447491013432,-0.0004045000979831,-0.0003860392967673,-0.00027971301419250005,-0.00023839701543140008,-0.0007283485404022002,0.0005471586866534007,-0.0010563506729716998,0.0006210429645069999,0.0007834358982679,0.0,2.9124263131600006e-05,-0.0007699011834836999,-0.0029538843908132996,-0.00039786683167509997,5.188063872940002e-05,0.000331431188344,-0.0002772167050641998,-0.0008117273387013
0.00013147757186119996,0.0021510929333411,-0.0005575377710364999,0.00013040833568309996,0.00024999739100189987,0.0003657965874358999,0.0011868084729731,8.737897238590003e-05,0.007080258246878001,-5.1949296527099994e-05,-4.661240715299992e-05,-0.0004966397975965001,-0.0003495930079622,-0.00027166720467310004,-0.0002526438652599,0.0014977125840006998,-0.0004370908389603,-0.0006970946005275002,0.0013379596002996998,-0.0011676603090158,0.0002225819978925001,0.0004170556530724999,-0.0011406390624012,1.2723480229999938e-05,0.0,-5.796594383469995e-05,0.0004229766071545,-0.00011709651935490014,0.000361076840487,0.0013329390289887999,-6.620862774000614e-07,0.0027557477216933
0.00022372760192639995,-0.0019566520639870003,-5.240022286820005e-05,-0.0010895865519402,0.0006592685974319999,-0.0013751817047673999,0.0007221402283460999,-0.0010103750721592998,-0.0006842043859498,-0.0004238230399780001,0.00018774982419200004,0.0004244149800318001,0.00040668954416590007,0.00013500296889900005,9.991422030120002e-05,-0.0010508300815555,-0.0008542762856009003,-0.00021919998917339998,-0.0003086760605015993,-0.0037625129281678,-5.6270832226800035e-05,-0.0007105311927003001,-0.0008268641303231,0.0006330845792035002,-0.0010480416175035001,0.0,-0.00030303773123480007,0.0009930352028963,-0.0007737163607932,-0.0002165668460492999,-0.0008632753147426999,-0.001028044614135
0.0001449217921054,-0.0006588412640693999,0.00039886479718259996,-0.0005414967464813,0.0003038811787415001,-0.00017667880984510004,0.0003473558899428999,-0.0005728200356619,0.00013973951828709992,-3.695897706759992e-05,-0.00013799425492880003,0.00047672165130089987,0.00032046758108519993,-0.00018114671809880002,-0.0009820358748357,-0.0005289272083959999,0.00020365775917780004,0.00014391053238490019,0.00030499277056650006,-0.0008037068452576,-0.0005004869459106004,0.00015333049864979997,0.00010396184535279998,0.0020094848722326,0.0002514897119089,0.002298282184059801,0.0,0.0005122958881005,0.0007000777280127,0.0005069182653202,0.00017349573883310002,0.00040858652487059995
-7.301625707670006e-05,-0.0007227171831577,0.0004752727929513001,0.0005636796080933999,0.0015652707837393001,0.00033087758337840004,0.0005864710690708,0.00034277564510770003,-0.0018208114147641,0.00025440653627360017,0.0007190232496780001,-2.6587402743600088e-05,-0.0006485918215324999,0.0015983110927407,0.00012472952219089997,-0.00043908466520960004,0.00036229603571849995,0.00045417555132739977,0.00046491040862120016,-0.0005572224776307,-0.00010348682333970009,-0.00020661370377960016,0.00032697764883300013,0.0006587200057975999,-3.646638458390007e-05,0.0003335299213979002,-0.00037817469797980004,0.0,0.00015636129952269987,-0.00033052891863079997,-0.00013882559663450002,-0.0019399910801965003
0.0005075576692567999,-1.0727290159200141e-05,4.772411535940006e-05,-0.0005661290928356,0.0008468781545019001,-0.00046199196174390004,5.5904198204599935e-05,-0.0008627844302736,6.665553703779996e-05,0.0008137198419115,0.00025648784887309997,-0.0005778901464739998,-0.00047748277727070016,0.0003397345414539,0.0012622587806894999,-0.0016541014010591998,0.00023974816625789994,-0.0007795690625882999,6.297838110499998e-06,0.0018657984385883999,0.0005031249100594997,0.0007297673184100001,0.0014220229356687998,0.0010893389376477004,-0.0006595760680333999,0.0015901204775071,0.0008740942153708988,0.0002994973133140001,0.0,0.0004698358657675999,0.0034572337859687993,0.0008425352151300999
-0.0004566459958999001,-0.0011991473679512999,0.0007367731878482,0.00027732846838399985,4.584919969759997e-05,0.0003090906498308,0.00047836828969349994,0.0008076441970331001,0.0007203438558151998,-0.0008101088772641,-0.0006715773728957999,0.0014949430949086,-0.0004325638871523999,-0.0003576501665496,0.0005158740628004,0.0006058886269124,-0.0007059701954207,0.0009976511251322002,-0.0012800594648313,-0.0015405553004750987,-0.0005999006893893,-0.00023187142066849996,-3.9315782341200014e-05,-0.0004502185384602994,0.0009644439057226999,0.00010952130914570004,-0.0026881235574565997,0.00040606670118419996,-0.0006000335083350995,0.0,-0.005190357797697099,-3.154596249460009e-05
0.0003662168736042,-0.0007050819479771998,-0.00020011926057969997,0.00038330996972819995,0.0004974935394816001,-0.0001918634480073001,-0.0005083187676007,1.501996796740004e-05,0.0012644546738487998,0.0008066024015498999,0.00041818351769780013,0.0006656092693599997,0.0002349294867721,-0.0002857028103374999,0.0003877338417800002,-0.0006450593955166001,0.0003168600329896999,0.00020635427679840002,0.00037247621603669987,0.0008285565572864,0.0017341328245375,0.0012470463632571,0.0013581165552116999,0.0007968167816405,0.00021924581363730008,0.0018696593227222,0.0008496852893386999,0.0007994578379137,0.0007829752219796998,1.3044671105699908e-05,0.0,0.0007677291881314
0.00014595485680670003,0.0004926783180455001,0.00011977342559460003,7.791317479280001e-05,0.0010222689467663999,0.0015710998162800003,0.0026442479354871996,8.555256669710008e-05,0.0033515241988801006,7.547158063620006e-05,0.00024172234902569993,0.000128350459147,2.308957768299997e-05,0.0003661785613202999,-0.00020383644325360005,-0.0002632253267420999,4.168178921209998e-05,0.00048195439942090015,0.0006616662173126999,-0.0016692198775053002,-0.0003596246999801999,5.9719722161400085e-05,-0.0017376044418533998,-0.0004114497767467,3.8197728009998003e-07,0.00024900811693949997,0.00015268411856390006,0.0006084860919198,0.0001560541918896,0.0012347481646535,-0.0001949867400633,0.0
