0,0.106226646406772,0.151420777933816,0.0934805467545569,0.512697190052697,0.620138917719148,0.409355756698524,0.0132626426611873,0.124603132146776,0.0748413335343902,0.101188625378927,0.102759388589719,0.333717960625417,0.110821950672624,0.0762436075377113,0.00438739970036694,0.535747594135316,0.366057267427061,0.186265361303798,0.0930360264821555,0.522842262228403,0.0215935836771692,0.358299060922138,0.00707054149903555,0.435425068404622,0.0600968710039217,0.0609825353504095,0.427167290691455,0.0546123874033409,0.103307769506375,0.314157222424821,0.114978243972846
0.106226646406772,0,0.225896493068496,0.210301248220507,0.00154017744549838,0.303745247228914,0.183943838052272,0.236443398823688,0.199435343665186,0.202452484418437,0.018476461407194,0.0454124493092469,0.0852943461120581,0.0710694040449809,0.0361623788245576,0.0277928137980055,0.163279099779673,0.103392333653266,0.0303215073325141,0.102253242633531,0.0833442454472771,0.150711645127412,0.0572606472895843,0.0244752304498972,0.102465723116097,0.19042110817581,0.10577898792282,0.0437262899987806,0.115615511264614,0.00138883867146462,0.0438473051660157,0.0197110085095278
0.151420777933816,0.225896493068496,0,0.21226531705155,0.159726955213271,0.107893248298371,0.0576265618157788,0.315547423146187,0.615847001202099,0.383163343961152,0.407433805059127,0.0728050002287374,0.114122449356285,0.185830554263973,0.0601706183122315,0.280333353672812,0.291212322505974,0.176811386714756,0.292169102286053,0.00731005820543117,0.0529288708891235,0.0951868466334895,0.0723381610658022,0.00595130040398673,0.00932451458908161,0.113389230306483,0.00335047020967662,0.0757386228159178,0.0520480499241549,0.00911399545664585,0.145555697183945,0.15608593350328
0.0934805467545569,0.210301248220507,0.21226531705155,0,0.139432727946324,0.113148080180721,0.0439305770221633,0.277639795505454,0.319410981096769,0.317853548083646,0.247620204591202,0.145311481364267,0.0705393387199635,0.0920238019759898,0.0521455554670031,0.182337181017427,0.18581850634405,0.0359339834872996,0.0251669851727902,0.200013428647506,0.184727512650764,0.172514913497935,0.0758269257525085,0.2703010109952,0.137125562095407,0.216692478627159,0.233906626706783,0.0968828568306016,0.0551147773796579,0.0430928705615592,0.0451636277045107,0.0375073928249262
0.512697190052697,0.00154017744549838,0.159726955213271,0.139432727946324,0,0.321074949777189,0.485313791102637,0.0272094873532317,0.190887595837658,0.00695130386434526,0.0604502799914475,0.00566963513392168,0.169232140047775,0.153753806671104,0.258554068869755,0.0248188224727354,0.0783340528646899,0.169010126070155,0.0547205543290564,0.0802859854964998,0.487194663045269,0.130543327165488,0.198603013361437,0.229942357510044,0.233416620112923,0.00806430328501528,0.11750328100421,0.108575284896665,0.252057610302931,0.0945686412165331,0.458532847749665,0.0530351005147096
0.620138917719148,0.303745247228914,0.107893248298371,0.113148080180721,0.321074949777189,0,0.560802559229266,0.0552296706396217,0.145989111735527,0.0346540813619171,0.239619368882731,0.0253645418696065,0.0837600495393713,0.234828160750414,0.0148402119264416,0.0163579316820568,0.414688872886819,0.34866443470689,0.275443737784509,0.074654968268026,0.354434784981984,0.00979577866700319,0.267609668044464,0.0595672321567821,0.127423667612002,0.0167188707678535,0.02160363358701,0.177111993513848,0.116752288290859,0.0140017677907797,0.228932489250894,0.0467204937308388
0.409355756698524,0.183943838052272,0.0576265618157788,0.0439305770221633,0.485313791102637,0.560802559229266,0,0.13691938113819,0.139115924878865,0.10989153764348,0.0242224604164504,0.0417321950855274,0.0700864537343717,0.0396479858598867,0.213922171573785,0.182036442774692,0.231929616506129,0.338220867993074,0.0830357118681249,0.019756549809895,0.418963145555472,0.038819478430066,0.395147690356192,0.0387349368482522,0.171736747320215,0.00417938405656416,0.0470041508993859,0.0298525724505455,0.173268057489704,0.069849683034622,0.143034921683353,0.125306197786907
0.0132626426611873,0.236443398823688,0.315547423146187,0.277639795505454,0.0272094873532317,0.0552296706396217,0.13691938113819,0,0.256818641897579,0.152732418215311,0.0451943452605671,0.248536932060843,0.160103287407898,0.00820910131773768,0.341009084962718,0.120684586438889,0.175165101799427,0.095517152462945,0.051318347538679,0.0653356057511703,0.0471203530194299,0.0079525714990814,0.161622147007176,0.161481241080653,0.181662253345548,0.100793174747706,0.0880343457686785,0.288597429641488,0.0832186243692656,0.0692022946132505,0.0549786947981956,0.168845034832678
0.124603132146776,0.199435343665186,0.615847001202099,0.319410981096769,0.190887595837658,0.145989111735527,0.139115924878865,0.256818641897579,0,0.299526237467253,0.212853422836371,0.0249197826818964,0.163941624392262,0.0364074897511141,0.0825769273842847,0.397059641387845,0.416155757489317,0.436219917413126,0.0356972597011675,0.0806709199860235,0.051921622799203,0.156429082192483,0.0215068642016679,0.115147568477693,0.00574187290823232,0.121245888274351,0.000872929096942092,0.10802016481699,0.00671430389302721,0.110484808482734,0.151642694792426,0.28518235460806
0.0748413335343902,0.202452484418437,0.383163343961152,0.317853548083646,0.00695130386434526,0.0346540813619171,0.10989153764348,0.152732418215311,0.299526237467253,0,0.616860925796197,0.12454597357913,0.357805773833394,0.357026064813537,0.0900438990493004,0.399103789078652,0.00341583178302917,0.0293046399989694,0.0838080108832004,0.0085879625461477,0.146047482577799,0.00420865139168753,0.245073259378875,0.0305972610912594,0.203539033125003,0.0793056297130664,0.0418537488724022,0.178091789842381,0.0258842899909238,0.0164385142679999,0.0126421440176013,0.219098319412125
0.101188625378927,0.018476461407194,0.407433805059127,0.247620204591202,0.0604502799914475,0.239619368882731,0.0242224604164504,0.0451943452605671,0.212853422836371,0.616860925796197,0,0.0507023997589405,0.237340058317469,0.381677239223274,0.0824954009701651,0.214010997824165,0.0506276403334855,0.103663378992763,0.333321439870856,0.0117548849287925,0.202997187920198,0.102866015814948,0.134080736657831,0.0237258333101066,0.0571708535779893,0.113483478465168,0.111640798172487,0.186099059640228,0.0285492256712787,0.107403151061519,0.0995742926001588,0.146908253435076
0.102759388589719,0.0454124493092469,0.0728050002287374,0.145311481364267,0.00566963513392168,0.0253645418696065,0.0417321950855274,0.248536932060843,0.0249197826818964,0.12454597357913,0.0507023997589405,0,0.200273364153975,0.0134137914350193,0.0534153318065617,0.0983216117642161,0.057855354021884,0.0486785876170821,0.0101836398284757,0.0609238252847451,0.0401992137174187,0.0737703149648447,0.203870201709093,0.108390213547806,0.0912251322716386,0.0949816989873808,0.0646805057175087,0.484367309279579,0.349208162528944,0.119941641254946,0.00708427402926667,0.0887875608842787
0.333717960625417,0.0852943461120581,0.114122449356285,0.0705393387199635,0.169232140047775,0.0837600495393713,0.0700864537343717,0.160103287407898,0.163941624392262,0.357805773833394,0.237340058317469,0.200273364153975,0,0.00772944939287858,0.478869686007048,0.137723684832131,0.0458186793570687,0.0448157707319187,0.0775342439572167,0.162236316165303,0.134407517703092,0.0132973573861345,0.0861711497937768,0.0472394667834278,0.23037461109564,0.136426778709311,0.0780111924532924,0.640664223658546,0.0665750802204528,0.248182595196473,0.328001405339809,0.107995915005592
0.110821950672624,0.0710694040449809,0.185830554263973,0.0920238019759898,0.153753806671104,0.234828160750414,0.0396479858598867,0.00820910131773768,0.0364074897511141,0.357026064813537,0.381677239223274,0.0134137914350193,0.00772944939287858,0,0.0701926233351554,0.116356331526582,0.0542296684464254,0.0764320351001173,0.496028543277174,0.216418954019834,0.0273429092948526,0.000931978283070934,0.235917555479124,0.144001333940418,0.011497240545606,0.0296878647304403,0.0384397149102345,0.0310763847825164,0.00429592048998148,0.145858241776426,0.0262297824625287,0.0385345569062908
0.0762436075377113,0.0361623788245576,0.0601706183122315,0.0521455554670031,0.258554068869755,0.0148402119264416,0.213922171573785,0.341009084962718,0.0825769273842847,0.0900438990493004,0.0824954009701651,0.0534153318065617,0.478869686007048,0.0701926233351554,0,0.0619791942556991,0.00346420372935265,0.00186848886476422,0.255670321365861,0.0385029210330373,0.13169214369751,0.00733477424309502,0.0446678107802442,0.136186477339706,0.193214988824312,0.0737587082749365,0.0436664070146065,0.326529223683659,0.0805773297455368,0.0639280957474672,0.199760910383678,0.127200137736291
0.00438739970036694,0.0277928137980055,0.280333353672812,0.182337181017427,0.0248188224727354,0.0163579316820568,0.182036442774692,0.120684586438889,0.397059641387845,0.399103789078652,0.214010997824165,0.0983216117642161,0.137723684832131,0.116356331526582,0.0619791942556991,0,0.204275083168388,0.312432012129315,0.0693448711202262,0.250612870099882,0.0252165369239679,0.160674011393292,0.216276031001092,0.11926410133664,0.0283056047039561,0.145985304741864,0.0237126120188786,0.0609568476000634,0.0312954900206215,0.0909665863987708,0.0865185030855546,0.453813865692489
0.535747594135316,0.163279099779673,0.291212322505974,0.18581850634405,0.0783340528646899,0.414688872886819,0.231929616506129,0.175165101799427,0.416155757489317,0.00341583178302917,0.0506276403334855,0.057855354021884,0.0458186793570687,0.0542296684464254,0.00346420372935265,0.204275083168388,0,0.736960760474702,0.153076810328253,0.00987593177734968,0.0945089332246655,0.278458389616378,0.0952661581994463,0.195658666956561,0.122226132175933,0.212779015252936,0.0166489958056848,0.180321889386159,0.025277787104645,0.0290547073919541,0.0673257884381712,0.448262072377463
0.366057267427061,0.103392333653266,0.176811386714756,0.0359339834872996,0.169010126070155,0.34866443470689,0.338220867993074,0.095517152462945,0.436219917413126,0.0293046399989694,0.103663378992763,0.0486785876170821,0.0448157707319187,0.0764320351001173,0.00186848886476422,0.312432012129315,0.736960760474702,0,0.0819058916680006,0.107014934800903,0.108278753592163,0.0664083668470833,0.109621755494929,0.0707765580774212,0.0542356818501732,0.335010562854287,0.0216504433685485,0.0658841201562615,0.0736379531254084,0.110899617338391,0.163338243092505,0.476465325601018
0.186265361303798,0.0303215073325141,0.292169102286053,0.0251669851727902,0.0547205543290564,0.275443737784509,0.0830357118681249,0.051318347538679,0.0356972597011675,0.0838080108832004,0.333321439870856,0.0101836398284757,0.0775342439572167,0.496028543277174,0.255670321365861,0.0693448711202262,0.153076810328253,0.0819058916680006,0,0.154099499357679,0.145981520732245,0.135185725764306,0.266540337250212,0.0150904927416795,0.20067446192343,0.0132073738296443,0.0643340864922287,0.0326534105783066,0.103083377871374,0.187293585852333,0.0480001524188262,0.0985648240398828
0.0930360264821555,0.102253242633531,0.00731005820543117,0.200013428647506,0.0802859854964998,0.074654968268026,0.019756549809895,0.0653356057511703,0.0806709199860235,0.0085879625461477,0.0117548849287925,0.0609238252847451,0.162236316165303,0.216418954019834,0.0385029210330373,0.250612870099882,0.00987593177734968,0.107014934800903,0.154099499357679,0,0.029551545276891,0.0675242367470538,0.0336488377055621,0.184838751244924,0.238896088461221,0.408738648407832,0.045527733352581,0.0173883269239711,0.0252244461120761,0.262545963752771,0.0553194027711938,0.201972702931597
0.522842262228403,0.0833442454472771,0.0529288708891235,0.184727512650764,0.487194663045269,0.354434784981984,0.418963145555472,0.0471203530194299,0.051921622799203,0.146047482577799,0.202997187920198,0.0401992137174187,0.134407517703092,0.0273429092948526,0.13169214369751,0.0252165369239679,0.0945089332246655,0.108278753592163,0.145981520732245,0.029551545276891,0,0.0815997713434104,0.526031747143361,0.0932799192725705,0.559886549626199,0.0179240880955252,0.165484351170632,0.198667398000133,0.0466098019779443,0.0823068720621007,0.180975888000086,0.0338863987590291
0.0215935836771692,0.150711645127412,0.0951868466334895,0.172514913497935,0.130543327165488,0.00979577866700319,0.038819478430066,0.0079525714990814,0.156429082192483,0.00420865139168753,0.102866015814948,0.0737703149648447,0.0132973573861345,0.000931978283070934,0.00733477424309502,0.160674011393292,0.278458389616378,0.0664083668470833,0.135185725764306,0.0675242367470538,0.0815997713434104,0,0.00258899886912232,0.546650059008488,0.0199470272040121,0.207894577607029,0.349777848235701,0.0147749741872466,0.192294000975685,0.0662210637998264,0.238841263549035,0.30438045215888
0.358299060922138,0.0572606472895843,0.0723381610658022,0.0758269257525085,0.198603013361437,0.267609668044464,0.395147690356192,0.161622147007176,0.0215068642016679,0.245073259378875,0.134080736657831,0.203870201709093,0.0861711497937768,0.235917555479124,0.0446678107802442,0.216276031001092,0.0952661581994463,0.109621755494929,0.266540337250212,0.0336488377055621,0.526031747143361,0.00258899886912232,0,0.0091620629622915,0.364968432123099,0.0682687317302068,0.0767275815535716,0.121895507369371,0.226875543390936,0.0595553780757739,0.0198088130488733,0.071450728814818
0.00707054149903555,0.0244752304498972,0.00595130040398673,0.2703010109952,0.229942357510044,0.0595672321567821,0.0387349368482522,0.161481241080653,0.115147568477693,0.0305972610912594,0.0237258333101066,0.108390213547806,0.0472394667834278,0.144001333940418,0.136186477339706,0.11926410133664,0.195658666956561,0.0707765580774212,0.0150904927416795,0.184838751244924,0.0932799192725705,0.546650059008488,0.0091620629622915,0,0.0899662204053572,0.40422877563034,0.176824061538915,0.113785667472504,0.194725535152974,0.0373938475896397,0.0872403164842589,0.165771068751516
0.435425068404622,0.102465723116097,0.00932451458908161,0.137125562095407,0.233416620112923,0.127423667612002,0.171736747320215,0.181662253345548,0.00574187290823232,0.203539033125003,0.0571708535779893,0.0912251322716386,0.23037461109564,0.011497240545606,0.193214988824312,0.0283056047039561,0.122226132175933,0.0542356818501732,0.20067446192343,0.238896088461221,0.559886549626199,0.0199470272040121,0.364968432123099,0.0899662204053572,0,0.077611989606003,0.00973080624229192,0.212925365703945,0.0457286429679452,0.292243639108061,0.0338224084439084,0.0249450536734372
0.0600968710039217,0.19042110817581,0.113389230306483,0.216692478627159,0.00806430328501528,0.0167188707678535,0.00417938405656416,0.100793174747706,0.121245888274351,0.0793056297130664,0.113483478465168,0.0949816989873808,0.136426778709311,0.0296878647304403,0.0737587082749365,0.145985304741864,0.212779015252936,0.335010562854287,0.0132073738296443,0.408738648407832,0.0179240880955252,0.207894577607029,0.0682687317302068,0.40422877563034,0.077611989606003,0,0.100906119600114,0.0299974928253792,0.0943580208020188,0.114328311778788,0.0346251568735765,0.31473233869458
0.0609825353504095,0.10577898792282,0.00335047020967662,0.233906626706783,0.11750328100421,0.02160363358701,0.0470041508993859,0.0880343457686785,0.000872929096942092,0.0418537488724022,0.111640798172487,0.0646805057175087,0.0780111924532924,0.0384397149102345,0.0436664070146065,0.0237126120188786,0.0166489958056848,0.0216504433685485,0.0643340864922287,0.045527733352581,0.165484351170632,0.349777848235701,0.0767275815535716,0.176824061538915,0.00973080624229192,0.100906119600114,0,0.141549813547808,0.343303076225829,0.363176899801068,0.602119542358526,0.0279955949870068
0.427167290691455,0.0437262899987806,0.0757386228159178,0.0968828568306016,0.108575284896665,0.177111993513848,0.0298525724505455,0.288597429641488,0.10802016481699,0.178091789842381,0.186099059640228,0.484367309279579,0.640664223658546,0.0310763847825164,0.326529223683659,0.0609568476000634,0.180321889386159,0.0658841201562615,0.0326534105783066,0.0173883269239711,0.198667398000133,0.0147749741872466,0.121895507369371,0.113785667472504,0.212925365703945,0.0299974928253792,0.141549813547808,0,0.0109010837880999,0.251302829581294,0.277917518042346,0.0296138032297288
0.0546123874033409,0.115615511264614,0.0520480499241549,0.0551147773796579,0.252057610302931,0.116752288290859,0.173268057489704,0.0832186243692656,0.00671430389302721,0.0258842899909238,0.0285492256712787,0.349208162528944,0.0665750802204528,0.00429592048998148,0.0805773297455368,0.0312954900206215,0.025277787104645,0.0736379531254084,0.103083377871374,0.0252244461120761,0.0466098019779443,0.192294000975685,0.226875543390936,0.194725535152974,0.0457286429679452,0.0943580208020188,0.343303076225829,0.0109010837880999,0,0.0329745387744267,0.486736102011044,0.0141260043875496
0.103307769506375,0.00138883867146462,0.00911399545664585,0.0430928705615592,0.0945686412165331,0.0140017677907797,0.069849683034622,0.0692022946132505,0.110484808482734,0.0164385142679999,0.107403151061519,0.119941641254946,0.248182595196473,0.145858241776426,0.0639280957474672,0.0909665863987708,0.0290547073919541,0.110899617338391,0.187293585852333,0.262545963752771,0.0823068720621007,0.0662210637998264,0.0595553780757739,0.0373938475896397,0.292243639108061,0.114328311778788,0.363176899801068,0.251302829581294,0.0329745387744267,0,0.282255213367076,0.0202954522927278
0.314157222424821,0.0438473051660157,0.145555697183945,0.0451636277045107,0.458532847749665,0.228932489250894,0.143034921683353,0.0549786947981956,0.151642694792426,0.0126421440176013,0.0995742926001588,0.00708427402926667,0.328001405339809,0.0262297824625287,0.199760910383678,0.0865185030855546,0.0673257884381712,0.163338243092505,0.0480001524188262,0.0553194027711938,0.180975888000086,0.238841263549035,0.0198088130488733,0.0872403164842589,0.0338224084439084,0.0346251568735765,0.602119542358526,0.277917518042346,0.486736102011044,0.282255213367076,0,0.00435557065984337
0.114978243972846,0.0197110085095278,0.15608593350328,0.0375073928249262,0.0530351005147096,0.0467204937308388,0.125306197786907,0.168845034832678,0.28518235460806,0.219098319412125,0.146908253435076,0.0887875608842787,0.107995915005592,0.0385345569062908,0.127200137736291,0.453813865692489,0.448262072377463,0.476465325601018,0.0985648240398828,0.201972702931597,0.0338863987590291,0.30438045215888,0.071450728814818,0.165771068751516,0.0249450536734372,0.31473233869458,0.0279955949870068,0.0296138032297288,0.0141260043875496,0.0202954522927278,0.00435557065984337,0
