0.0,0.011746740570776263,0.004992071427136165,0.00866030041937199,0.010844519700601138,0.005302742227098127,0.012278560258439675,0.008155373148997721,0.014863849310064578,0.0045792765548123586,0.007129882711562031,0.00609394761806613,0.005297717785438577,0.00163495183061988,0.002698785020953418,0.017245049330950304,0.008961948679955254,0.008321468176163365,0.0022629458319799304,0.007605334135057709,0.006754018736500639,0.007867918113065586,0.008093843441583719,0.008422170348774556,0.010688053780080106,0.00446422156239799,0.003903475725772924,0.0070793595035477065,0.003324394023681022,0.0012374402375444978,0.002086338038848722,0.014639695083485726
0.007554089288394509,0.0,0.008243429690020647,0.015638357341696,0.013606873976138063,0.01342938258913044,0.021475542713584966,0.014664381195543938,0.017899339584365407,0.00525530072659334,0.008482970564134079,0.007438395665196814,0.0068658001897571284,0.0023735630241807273,0.004872389827830214,0.012246294999562042,0.006745499896502179,0.013850339749426132,0.0031368654196136134,0.009296746762989697,0.007798756630037074,0.008743190854714335,0.01094721579692862,0.00880477921306603,0.015232656796974404,0.002635106433056514,0.002547888528744897,0.007039788403121347,0.0036466554650801527,0.0017081347828883078,0.002757486251011752,0.022507878108542486
0.006951548866581268,0.007732280163571083,0.0,0.015534112079465813,0.015566883516074182,0.012392812114740647,0.019354793881042033,0.013437952550348067,0.011370512728692907,0.014428147168535209,0.01323366714687865,0.00846259113431569,0.008574314464828424,0.004754923752930359,0.0061922617713599335,0.01656171849115871,0.0036642283128163907,0.004133051631193436,0.002441521995093724,0.006503130295552095,0.006509702076721983,0.008574949955967755,0.008613517770481248,0.0073220104425395375,0.007492861554049837,0.0032719592484705797,0.0038946344363123427,0.008924819039205811,0.005660941381041156,0.0018655797884173455,0.002456482843522912,0.012553370957945694
0.0035372762599557308,0.006210243762718338,0.006447082158051945,0.0,0.021347428396034835,0.01762280079818413,0.01988624758518358,0.04949000288844763,0.010980739728498492,0.04359238209022649,0.01548627164396389,0.013705127502462697,0.015789344191718888,0.007968244231590097,0.006464425302396163,0.012947648119051382,0.004226208111362146,0.004055682534926529,0.002273610808030947,0.008534652323013987,0.00895662530309723,0.008715108789774053,0.010919344707946099,0.010482410827374753,0.010457135533760304,0.005055698410952584,0.004371640828269971,0.010795138375730335,0.006882623544036743,0.003394345827455951,0.00392236821625056,0.013676811804637127
0.008534778153961699,0.008373242271699409,0.004625881797487166,0.029167612804551997,0.0,0.02954552004742334,0.03681647008742251,0.02832876147605201,0.01584307907928587,0.013768676754727436,0.018885889149514126,0.018964284993489056,0.010493937528861387,0.007005836003758921,0.00952208791755262,0.046146040650178105,0.007802464071368433,0.004631839429612198,0.003584407584308436,0.013852243993936034,0.01381271427126817,0.008975171239196049,0.01580957824354314,0.013675789409979709,0.01033564269833537,0.0067433184024782294,0.008269045062521276,0.01369437801501885,0.015742536978519652,0.003608035495794981,0.004832623105424896,0.017655534906297923
0.009196582795360292,0.011403504231962297,0.006195393718541515,0.03145311296133622,0.027687731235732316,0.0,0.022436953066170284,0.029032604726698278,0.01473212726599338,0.019345986581405728,0.02022697507280134,0.010489533820350113,0.007855156032398992,0.00545034925433711,0.007250025508317446,0.03049698733996676,0.006350970692480099,0.004149422657934477,0.003278054965194499,0.008000341732521966,0.010911115083526695,0.010947008333414093,0.014057682414845977,0.009000197075811964,0.00799923580437487,0.004398894500504002,0.00454231516094846,0.010025461535318218,0.006513743124669496,0.0022095320187653584,0.003830605516480445,0.016558924436217422
0.009708680867984492,0.0081421269352698,0.004023883702061465,0.024863942817567004,0.03293775448257282,0.016840546964142326,0.0,0.016483480934289144,0.01619414052687506,0.015958434593666457,0.012770076405007833,0.012574517774453465,0.009142364429164577,0.00537817979452255,0.008445391571908977,0.02488988118966459,0.006798890073628857,0.007228459708704598,0.0030233867052862477,0.00976293650444712,0.014192992999830874,0.009712044225068937,0.016559475464649025,0.01087778282266057,0.009210896153758325,0.0069656161739566225,0.006503690523688902,0.010188991082545173,0.009448417509543271,0.0030914021146406937,0.004067823416622912,0.019735615148870757
0.005383504047120908,0.007294584395401135,0.006475866223925214,0.03912247439873606,0.018916233663766383,0.02319709554857564,0.01760591466848875,0.0,0.015363422041868236,0.026177324060495864,0.022292382686845413,0.018471677634928196,0.013942066265954263,0.008343448491746175,0.007902473446315334,0.015509414002702603,0.006887043802254545,0.004743244165915737,0.0029144618187656023,0.01097976382190144,0.012344506408306628,0.010385488554948506,0.01566711817862204,0.011987259049930503,0.012102158727267325,0.004672352988778922,0.006908673879861648,0.011386139079782285,0.009615665719116396,0.003707614072595597,0.0053081851164792455,0.01702568808062771
0.0065534983962641374,0.009967315952539158,0.00443078710435057,0.014732743641444253,0.021080463042116394,0.010278408466652003,0.02949611467812426,0.011313520292394155,0.0,0.010231857018168589,0.011816578124114314,0.007393213643821084,0.008393956698030119,0.002486683062201202,0.005260586997783647,0.024316655701243785,0.0050927549005857385,0.014349182611167235,0.0025753947968726438,0.010840815033867999,0.02133684296903842,0.017159366101053963,0.019757138730617,0.015232928856871405,0.01948448751994963,0.005889597723927341,0.0051169751878785115,0.005578114147926238,0.0059799255851895865,0.0034038012759001696,0.0031784586011080833,0.03209467822748717
0.005442186555105697,0.006131009326440634,0.006796990466215011,0.06914996814784091,0.0380751768677474,0.021404665013310266,0.03451454206923745,0.05352653471755137,0.014347967937986423,0.0,0.019865381206910407,0.017247649748577034,0.023368761586245238,0.008369716420524136,0.015528071778249048,0.013845569088247795,0.004162207735474701,0.004518858759363894,0.0032590130955885296,0.01136895329662922,0.010387532761195254,0.009472365750237742,0.014618078258909,0.014925960227822794,0.011506696396379516,0.007753050935881538,0.004970548203028821,0.01399024243397825,0.013359924351809575,0.003596462150219208,0.003841492137873893,0.015780131775176277
0.0045551926579632,0.005161411005966132,0.004495292115528681,0.057808677734303295,0.041497748958539075,0.018978334653014167,0.035556724915754616,0.041790212197248405,0.01222712453070557,0.056867465055481355,0.0,0.015565353875255972,0.026255451702736174,0.00561401025393583,0.015634046289392085,0.014615787797007595,0.003577947951644651,0.003431125455932656,0.0029286959707572027,0.012485852454611259,0.011908942528884383,0.009992709289021708,0.016734114573474186,0.016550552401719217,0.010167130344125353,0.009783373562377313,0.004889822596363097,0.014251131153406373,0.0197052742609745,0.00462614287494156,0.0065939653066240745,0.01576333762970512
0.0023420624253381803,0.0024510698259391245,0.0024152424671069514,0.014575488025011135,0.01346172683708208,0.007568038500840877,0.009220736648848999,0.01222444845400621,0.012441233649461834,0.012310065912964989,0.023900742687726524,0.0,0.025304915333895575,0.010223270959156375,0.014701022010921973,0.00759797214498665,0.0026945328846816447,0.002867364732555773,0.003163681657811535,0.009545798852813448,0.021153579740558495,0.010742400823043822,0.016876317969263473,0.015350474163960166,0.009102817674321195,0.017015692368994084,0.019988555134200923,0.029373119991638743,0.02099716588144489,0.005016566313705816,0.013519600338058527,0.0167301738436663
0.0029134144601268438,0.0031603526677729974,0.0028876806068419696,0.01407392263631971,0.017603519918675405,0.00943531492202771,0.016686739275084746,0.011483923818340324,0.010039589455329243,0.02473665800624646,0.03324268374383561,0.028055639862247864,0.0,0.004382910517150699,0.029686825550228352,0.009169758461856846,0.0031668349983382258,0.00237081520996269,0.0018918064457181373,0.010669518778469094,0.010303284216929349,0.008074827722697532,0.013154229439955582,0.010065412593174651,0.006963708237137859,0.009094612935020435,0.010100161059282046,0.02286634649426706,0.010874996992181817,0.0035500114035009766,0.009476524513217193,0.009530907465685282
0.0023222636061600794,0.0034803821427438716,0.007003667446635187,0.017235077372846377,0.011770778274867121,0.01408900174210997,0.009860813571071301,0.010588263850936693,0.0075094683326435135,0.011199665382811244,0.014586934212547416,0.017682597480225236,0.011861118582672503,0.0,0.01568191569200245,0.009013358465054988,0.0026278608040771695,0.0017428689344305378,0.0028062566958490243,0.008348540529552369,0.006046976842042807,0.004845934117259898,0.004906552516965516,0.008226207210623459,0.004967032039722157,0.00485580198041939,0.0053980706506582465,0.010843524954145358,0.007892327837943573,0.003662417968592595,0.003349833358054614,0.0038006071341537134
0.0034869905163917836,0.00410938486261651,0.00398258900251998,0.023401888957990762,0.02148248715620471,0.01854016399609898,0.01618399687176518,0.015967871012708378,0.009702574301928252,0.01508827641118667,0.03566552561448657,0.03340788021607197,0.019443968664619896,0.021306625118060904,0.0,0.011345308991594685,0.003993484658524998,0.0024000350262482453,0.003084851006490183,0.007903178813154702,0.009893021169992126,0.008116790798777694,0.008937045049812334,0.00837527560592044,0.006306655485732655,0.008844753224738907,0.011124912020552654,0.02639419504345726,0.015285868079453377,0.004452129937129652,0.016745556944073293,0.006651375285964042
0.0062448911382320125,0.007628499290459263,0.002518493458573164,0.010659582920419351,0.015946138008708186,0.011014505773301425,0.025804404972799382,0.009079687013571149,0.01968682325688471,0.006576787720996538,0.00880780694088537,0.00595566594143205,0.0054198150868643435,0.0015239249106714801,0.003282029111920735,0.0,0.005276321714513021,0.006955746075019382,0.0019368439280613458,0.004364715653639404,0.011832220879402746,0.0075408068589567865,0.011447971552346099,0.006790261757933209,0.01029066956367524,0.0043242900242077935,0.0042562582288258885,0.005663608681610517,0.0041288797671908285,0.0018183726894495044,0.003155071641249539,0.017207365441913123
0.008198960047542642,0.010381230043913173,0.003696180450056978,0.009694753428412143,0.016169184254100542,0.006519289878862741,0.01744529934782483,0.009276035880643777,0.011689453595715578,0.004225198918416929,0.0066481317907237545,0.005925970731891789,0.005253032530233693,0.0014692980756258664,0.002962055256726946,0.024613291465434815,0.0,0.01787350133124892,0.004618119764735826,0.008286315254856277,0.009466409153784421,0.0077514543414696525,0.010758439168255344,0.009548962530039338,0.010094003807468216,0.005005708814007952,0.004283292599099691,0.006444793707991731,0.003292219472089848,0.001430388858144414,0.0021812576441411265,0.012661388088514356
0.0074930641424126206,0.005476862156220564,0.0037007627493370757,0.010395286975632809,0.012990120003983854,0.005190944665892879,0.013327684240135224,0.007475823717260912,0.010864135712434744,0.005150353300808347,0.009099961463138793,0.005942391918234788,0.006801392414050628,0.001167104244797636,0.0031272009193815814,0.010952632809348686,0.017594437292722958,0.0,0.009241207449936268,0.009343434797933715,0.010840736443140006,0.020758895935710956,0.016689394512421223,0.009881966074974647,0.010877429589666265,0.005113460772388178,0.004799939453589532,0.006554043703992356,0.004151380960097579,0.001679792129095743,0.0020160732977042395,0.014617570565074341
0.004376923114875865,0.003960861610286792,0.0025963537707090986,0.013028676379742553,0.012786526801659483,0.009009063460183346,0.01413455932126925,0.009446301205434835,0.01138803269079332,0.0051697487993419425,0.00912896532432393,0.013799552769317845,0.009272054197333837,0.0023039178810487617,0.0028348214539786793,0.007422446793845717,0.006819193527756987,0.009587326813328252,0.0,0.01757929138325767,0.012259919717808427,0.008745253548448037,0.011375139286787263,0.016877926616516443,0.009918750488291503,0.01856976583035673,0.0102950588635848,0.010085157788548927,0.005153763577561397,0.01005793854916509,0.005687506746249422,0.009103846019331209
0.00442322607809484,0.004740460916661836,0.002919981589058518,0.01185786271791944,0.014043163643600852,0.01179781316347156,0.02003484912691154,0.010643792043967372,0.012607026019821995,0.004820906913703298,0.010415154350709114,0.019559753622878928,0.013291377095463665,0.0025010101251454705,0.0032785920329921983,0.01345583785971676,0.007892183301674304,0.00669180640291852,0.010590275369360181,0.0,0.026464723420096353,0.014096488924072515,0.026046719529119675,0.020768421480741102,0.014067768715316488,0.026760232899268026,0.026584236739437137,0.019509809393004625,0.016257884046876468,0.011013985623914991,0.009336156510926834,0.0152045939908411
0.006065541121065304,0.004952105670150286,0.003470338551822463,0.012436259952560662,0.01332061005764192,0.009658808448849653,0.019890310694803636,0.012081292484899423,0.017326508220944368,0.007914575519539734,0.008232324570434836,0.014144659326672393,0.009392767430505712,0.002654084817733523,0.004314964512932676,0.01482363129009,0.00483208260215266,0.0046964388675284,0.003398996458010153,0.014696840804512803,0.0,0.012034405535618542,0.03508994031631352,0.042247087221791116,0.01960086362518768,0.021125837327641023,0.015154213692284393,0.017326521868486204,0.012459350289189725,0.006363532269257575,0.01137674473616154,0.04812443574317711
0.007178952192374463,0.005099430517248278,0.0028427252363931077,0.010230022778032805,0.013355920243916682,0.00737568637483036,0.01355833242646454,0.008405685012803971,0.014965543977940199,0.006330807889080873,0.009745382462837345,0.008442793222700374,0.006364643386435968,0.0016957027447172181,0.0036609258111881546,0.016216061473814082,0.0059653025513127355,0.008734239898449719,0.00806274329879354,0.029046211965167778,0.01676987114272009,0.0,0.020386146199927305,0.03005023144445802,0.025470863974335654,0.01369817271812556,0.00991937526425748,0.007450858505706538,0.006726555814626095,0.004191291173538011,0.006374168932910094,0.027385075705596985
0.008526558069946736,0.006996571256951445,0.002605882344467532,0.011964853194884046,0.016766187145193692,0.012490297042032762,0.017184554395243478,0.009010840640155794,0.018531987346714504,0.006935289950385086,0.009772096494800452,0.010168427312299836,0.006434465999168632,0.0023640103049164096,0.002869016998121874,0.019088723444704414,0.0055132810426416524,0.004849922500754337,0.007368071527437054,0.013533047431496662,0.025185382456406905,0.014829238569292694,0.0,0.023725914869586195,0.015708208052153134,0.014422759261227958,0.009608468415637039,0.008647402668584329,0.008243930467527768,0.00522209433394681,0.006514887054462934,0.03907433831092719
0.004430444009416944,0.0044825111476061545,0.0029224479442449556,0.0118166978012134,0.014094088255858948,0.01115810194587709,0.01857791830610447,0.0100837890180475,0.017438428750477217,0.006329971664090976,0.011346134070578719,0.017162234974522194,0.01192137239547898,0.0024075216003356333,0.0032246933663139946,0.012856851673515163,0.006979098134999279,0.005641100693342425,0.006114693382105576,0.02408636471962257,0.03441323743045832,0.013038299453905054,0.028161303629978107,0.0,0.0209138112846587,0.018437752359072437,0.03329235623180256,0.017644424496439215,0.018547934142420685,0.008155493520949587,0.010598306308003924,0.019072801084248702
0.012832216884645998,0.008734168165518415,0.0036971412618277645,0.010837503335307674,0.017023968172091657,0.010009267282799864,0.029031860485614416,0.00938643542383416,0.025251006305848634,0.0054829033487299875,0.010310472402834996,0.006280116421457209,0.005955413688131535,0.001922438150244745,0.0036728293014516673,0.02156457592469082,0.005849374085793191,0.01271078413211594,0.005403434369484274,0.023500561130440127,0.02052271602195981,0.02018733227025121,0.025953090026486,0.02258928950159275,0.0,0.007996475297218029,0.008030865254569221,0.0061307685575306544,0.006024927285125435,0.00216940973201546,0.005697515231606817,0.05652089914458957
0.004950164044807622,0.00582264914552543,0.0030582589555585584,0.02293867809128882,0.016899563009513945,0.010412507521260723,0.01969479250950955,0.016574980763687273,0.01567841980460548,0.009311879346594292,0.012836419243695019,0.014532802255128955,0.01080947057887683,0.0030637219269219434,0.004575131623548331,0.011651175953230505,0.00866165550276526,0.006187068631112873,0.012259493135401645,0.0363565797662756,0.022266762157040747,0.015368158741710262,0.0202341580821364,0.04308656545579846,0.01436275230937394,0.0,0.02902379562320404,0.01737124754833549,0.01709404449624201,0.008839753981149587,0.009139623367097187,0.017324863466711127
0.004096669776338753,0.005259298574133564,0.0028177486810452112,0.01919259147064467,0.020436169520032025,0.007965269874350372,0.021328111026561757,0.013810721462336016,0.01487005812967988,0.009881972864106898,0.012103835529259251,0.015113960444900817,0.010804184398305739,0.002573693448779875,0.005087624993940155,0.009921245435784555,0.0067857166696596045,0.0050520383801385136,0.005875489690828039,0.034245670394489634,0.018472040534034593,0.01880662871764721,0.031245542140480895,0.044508344732158395,0.013456102071678824,0.033523586327065896,0.0,0.015830411987556532,0.023060681338826983,0.006168856338323358,0.011407880677083558,0.014523894974493794
0.0030502708935840795,0.003211198548821589,0.002568486027778581,0.012611531326804199,0.01677065402765982,0.007960635597781911,0.009217609858327713,0.010966234633776462,0.021079624932973037,0.012692586809222712,0.026294637268808436,0.028164553316656557,0.022036793619856825,0.009531927373422795,0.018518467237031856,0.009617425791032343,0.0036351802932116715,0.002829300181398153,0.004100803765914986,0.014303801413191387,0.018247659772024107,0.008672024892112157,0.015340855905621887,0.01828155676695761,0.009248159686975682,0.014777142201449949,0.018489453442515347,0.0,0.016632088849992864,0.010227490979324056,0.0066886741237936346,0.01755465942055079
0.0029395757295800364,0.0035290612437943254,0.0022315758396102585,0.01434758582515876,0.014275700698593258,0.0073859818477448914,0.014878927946181284,0.008706101754285957,0.01024464639282564,0.00830018545374782,0.014354966857850867,0.013442030148404671,0.011633240522815367,0.0035875183176219765,0.009509573461619602,0.008543327470538877,0.00449717373635732,0.0022603594623112335,0.00430918737218334,0.011369213609558353,0.009501284227458868,0.012056665844599851,0.017120368266080203,0.013162724720528606,0.008236577331909222,0.013688200256934445,0.041092361470837266,0.01927962840019973,0.0,0.0072952328421001696,0.03890624368888451,0.009202033370172112
0.0024636344956077746,0.0023668701300498937,0.0019404081178731466,0.007698803882815848,0.0068004733361931085,0.005216386653306889,0.008703231098332096,0.004999934448897054,0.005450374980782785,0.004649083519154651,0.008930875301999711,0.01588236950368847,0.006850790211656557,0.0028994577276951817,0.003340178031269257,0.006126797281732158,0.002589560259340529,0.0028366931836560617,0.019419761530341695,0.013404476876888425,0.008792103311402006,0.0066216300033426585,0.012224125692501532,0.012976247341413038,0.005576175788201621,0.011025710892286818,0.008436278646468414,0.016399857102886908,0.011743969233521438,0.0,0.01898653048588885,0.007737063548318967
0.003015881576310493,0.003957851741756244,0.002323839228017303,0.014153544509886977,0.011239849760683037,0.0068056456089041146,0.01183083068357456,0.009536618234527176,0.010328970849704352,0.008787801013293257,0.015026499866533488,0.018911482563202565,0.008576417395630294,0.0038957675694129535,0.013891902539228035,0.007868354905126837,0.00390455250157887,0.002602450350373236,0.011707166223970455,0.018969292578891718,0.013069588448592257,0.012420733032616515,0.022857768607431488,0.019540748532532924,0.010006477897824115,0.01329849749240459,0.016383765899664178,0.023691328013948226,0.02966058481721545,0.006874764008526019,0.0,0.01188499681031039
0.007967839574868288,0.0055999164409277725,0.0030464861950391243,0.01005268014262887,0.01385524134428733,0.007437696240819731,0.020436039295843665,0.008355467942846528,0.0138216789205325,0.004527498808360385,0.008231396376515222,0.006229181303691506,0.005376359025930138,0.0015627545650112192,0.002482183706457238,0.012981874630648696,0.004730953370654756,0.007543329651320167,0.003152929264495936,0.011610559409250694,0.011547554465305844,0.01759591690797475,0.01959376969541696,0.013374414072067818,0.023882982347333524,0.004351526321278378,0.007124135914140062,0.0051014679161489945,0.004664365973403767,0.0018729001058554943,0.0033184302316345187,0.0
