0.0,0.025894938355915553,0.009431341922805,0.006869968068084517,0.022232926192582003,0.0037362307805535832,0.020168764167728965,0.014401388460454365,0.019830202299148166,0.00458653549749375,0.004973021792922284,0.0021913375055871835,0.0023905267264482,0.0006592383536799876,0.0014257316208898666,0.016065634895257034,0.0019135806664420175,0.025130587275105934,0.0006791137344554834,0.0034832621201809507,0.004899530059778366,0.017607231512059285,0.006750539769203083,0.0037544797521752208,0.013289432837063101,0.0025098736532068668,0.0030768556238113328,0.003919118143080231,0.0031456691263056,0.0012302644232279833,0.002385890600849733,0.010222317035851733
0.005800929578633567,0.0,0.009483465552538817,0.0018600706950496334,0.0025660781585894674,0.027006665419804537,0.013459861147086966,0.004404086696596033,0.01727782723656903,0.0024440700735818333,0.0031207850207394167,0.0010549580853768334,0.004668980003109933,0.00029228665757664505,0.0017527644527627498,0.0033307410490510166,0.0034506402534150503,0.014543587441441817,0.0033724863631181667,0.0025307891069240003,0.00574356014538395,0.004575513474326,0.0047421895433054,0.00477168175280885,0.006092309144191067,0.0026696104107064504,0.002430727937281517,0.005492691852784334,0.0029884681026891833,0.0012758726509457085,0.0012599540983165333,0.006244502557443417
0.0079864765577703,0.014611018919412232,0.0,0.006359131975896111,0.006956221453921434,0.0075065347326662155,0.03746025850505499,0.0058270771628375,0.00692438583732255,0.003823744892151383,0.0032853328285589,0.004315713369887017,0.002187290457774602,0.006733866205818201,0.002507842165668517,0.007628011930274518,0.0016686254824685835,0.013222049363810369,0.001638413080105223,0.006850300644557084,0.005170808771947449,0.008950342350185483,0.009053494877016016,0.007158589475357766,0.003957319433470717,0.0018591953179859279,0.0012099686880890834,0.003855060831517416,0.0009367091638375105,0.0018446852457472164,0.0016910714910821833,0.006791830843467216
0.0028777422392039496,0.010525844876585734,0.00958719142256543,0.0,0.0036921971585148834,0.055873912298382365,0.007012059715383434,0.04260283855115488,0.0071599564437356,0.102935867716747,0.009490918052662568,0.008318577068347066,0.05699140154901337,0.0027960420191254502,0.03238415944915569,0.005481953916781833,0.0009509084550834309,0.0020753622201465497,0.0013894814117654,0.004094847851209736,0.011916722458230717,0.004058228693598367,0.006292740530392533,0.013840157672740985,0.01882762284244025,0.0074836265741832836,0.008310944633263784,0.02604461065282045,0.024158625171056252,0.0012712329993328335,0.006521826008609168,0.0076268264234284665
0.0016976707627833498,0.004091743780851183,0.0033071833947738334,0.005768193687733784,0.0,0.008656590613235166,0.0446808342798042,0.05291967257149136,0.00676110370595685,0.007022978129965715,0.005550888039401284,0.004669651512543667,0.0027789710887153834,0.00214418486490685,0.004975057967105617,0.0037076469732148835,0.004223674217486,0.01139814894628455,0.00132883029439775,0.009021050809907684,0.013413819091876783,0.0192352039054116,0.009040520972364817,0.007652113511431816,0.0034804215150153832,0.0017510564371563833,0.008039612592054317,0.0168512896097965,0.0018391432574674119,0.000982211849038327,0.0023214376160569854,0.008805053272955518
0.0022389229796366,0.0025879653410322,0.009406630548036,0.01450684956477375,0.024540329821050217,0.0,0.08589182437911012,0.011046036388543366,0.026614803024309634,0.008257816146933368,0.004348589007963966,0.012930951856420866,0.00657402607107705,0.0010223513071757498,0.004030122306874717,0.0023114126557599334,0.00433914711534885,0.0134898132644763,0.00084221947192525,0.0152800690117344,0.010910222409587717,0.01674875371529195,0.004205461292066717,0.018500155013995098,0.003894118034211183,0.0023360683911295,0.002615144254239633,0.015600678621236583,0.00314375127674975,0.0018747205575955668,0.0012994634173482615,0.008066141289035699
0.0013621740168694,0.0044560817904917335,0.005410032188203133,0.005959645107588317,0.0032116578596433835,0.02800967116124005,0.0,0.007908832411851134,0.014145963553195251,0.005969974565268484,0.0033780754029325666,0.00551507898346035,0.005432696979495467,0.0012584273363767501,0.003411587633651816,0.004335099802717217,0.007567681903201417,0.015277556571684869,0.0021609078246439665,0.005434356586043367,0.010026580246473349,0.015440996436980834,0.004010259156077017,0.004968225748776633,0.008937317523430766,0.0012000053598877666,0.0033794795945759674,0.016005828693320984,0.0014159437597644165,0.00064345948250693,0.0013476720957553,0.0038496552271715663
0.002630489086442466,0.003208680258218133,0.0011723741857122935,0.0061085104445147,0.03174719816466385,0.0038778971193018786,0.006877910820409017,0.0,0.011654673009002949,0.008879322198383466,0.023393935039211847,0.004601575596018253,0.00940596481611065,0.0026961522416130497,0.019056182807836716,0.002320090594389967,0.0024498848352846997,0.003009259254348,0.0013771079888081775,0.00906921950015555,0.0070265582539847165,0.005068330997257933,0.004712251345129633,0.009347882649013733,0.004919702393093416,0.0011907809596045334,0.002132138004402298,0.00565404572877135,0.004094623123367267,0.0013651880771163617,0.00502088443446255,0.006332859127273699
0.0016752526185994001,0.028236640373648435,0.004297970437511866,0.005823906636509067,0.018872241474151334,0.0042968237235282165,0.0126515063655833,0.029058235228466785,0.0,0.003891264937896766,0.0032895813142247167,0.0038340620892146084,0.006365036735482066,0.0005822791188994708,0.002557724252167067,0.011091795840320934,0.0014815596568078836,0.01526846087282195,0.0031410268731441164,0.03844177174606627,0.01377351440974865,0.01751553155554988,0.011366996973240501,0.04176109169046119,0.03157492223461583,0.0016630988343159833,0.0013188960581931003,0.008599011961803016,0.011808775253263732,0.0019078060682643332,0.0010488650697127498,0.011977701454828649
0.003361217419510317,0.00685600261050915,0.00430866079423245,0.14307635324363216,0.11482026894497684,0.05482644960431288,0.029664236900153865,0.18415146068097368,0.0079313981214657,0.0,0.012307104681509565,0.004873236507995884,0.06048007275122393,0.0016792874541222942,0.004163891637584667,0.010653175660193548,0.0018433424580613287,0.0037621935329010168,0.0022165804712459165,0.0200592038216463,0.0143039812738792,0.010492696430771333,0.0075266280333909676,0.035350388800785386,0.02025265489614547,0.008657567383800616,0.010446719334858781,0.03187349870599087,0.031694598699616695,0.0024462706116003,0.005893686896393334,0.0068918670967632
0.0012290530792251166,0.0029163980427788666,0.0020447400125628,0.07079792691214058,0.14166906373623517,0.07327784592380665,0.04246510468441136,0.11011969479102257,0.0049056898266565336,0.19036775781076817,0.0,0.006107666772646216,0.009098602000768499,0.004664592126677,0.0061548583657938,0.02022148225690278,0.0016842091171286834,0.0026705027604445506,0.0024473824473787834,0.011615244718755016,0.01064369250969475,0.006629801666067616,0.02393238590437735,0.019476434327438966,0.012716765738995417,0.0023845544807714835,0.006509131301289433,0.009614399936556784,0.004713260829266117,0.0011785905822999166,0.0019003137275133669,0.0049382333667478
0.0009585403272330666,0.003238510314156801,0.004088354968811533,0.009540986076715016,0.005891968039360333,0.00158649784891985,0.006257917662930233,0.009133871632058546,0.005609428852733483,0.0018927686506729335,0.002692243350156867,0.0,0.018878487121587236,0.0035042732385365994,0.0108524316714423,0.0013176377224240886,0.0005287000259441574,0.0018482999642608668,0.004387953988983016,0.006325216876396217,0.0071979298817487665,0.005140289448088184,0.0028596884481003667,0.008470574129535365,0.0058158207159823,0.0051982182965510495,0.00461793692758465,0.0896742536722741,0.0049077766694050175,0.0015958316040084353,0.003590571778513149,0.0023291490005721664
0.0008262073224511,0.0057375856967881835,0.0029123141407770333,0.006468576689845933,0.012449817295315017,0.007859627881895667,0.005416868069663033,0.026863836816119913,0.0369374248506792,0.014563441642435301,0.002380119849092917,0.056373007548878,0.0,0.002129610116283267,0.025149915480464195,0.010981266280264315,0.0011471410315832167,0.0010571598389355168,0.0008128185068365726,0.005751258736676032,0.020203083980008668,0.005055379908155889,0.02491394424602375,0.020514370170265802,0.019285473189990517,0.009393947001527599,0.0257121747456404,0.1473613222633917,0.0275552623361122,0.0021860079751576836,0.005286249126900333,0.0057704121477972934
0.0013389713887975408,0.021731732038715337,0.02252703277313987,0.008825118868146133,0.007753331490550616,0.008431631381931698,0.0110712685435664,0.009748224634969384,0.01003454831029015,0.006487543938131383,0.0054859297515586665,0.008886814465977467,0.006571869776534916,0.0,0.03183719030954448,0.0018177900436654668,0.003297531039215928,0.0036123570154975165,0.0010388315704955634,0.008632575467515216,0.005134933500129749,0.0071157960805688335,0.005956799217081234,0.006338632976516149,0.019844902387539616,0.003416482919825417,0.002899393735000767,0.008447201791974,0.005161659444461459,0.0011972434750091002,0.004086215896320934,0.01357680987602615
0.0006473519491890666,0.006786885647150867,0.005930009900517484,0.01316354178063775,0.015504324495759782,0.004434888042134035,0.006899696770704466,0.009756667983657,0.0037007388442336334,0.017234485064417004,0.0029685472947452163,0.0059336536984348175,0.006216092674051667,0.005007836006977433,0.0,0.0031453794801674334,0.0013900199238283835,0.0016971695332994334,0.0005923452725190591,0.007707235738362583,0.0032187451903933997,0.004028633113006167,0.006342476684564433,0.008130689264476534,0.008403737156304566,0.00249423683091575,0.003941565279391467,0.009430638295070933,0.0024995025120918197,0.0006160867798494666,0.004684181314593795,0.006128849736414605
0.00579537111272585,0.047380894628643,0.00106244906175975,0.0031977564130380998,0.013258143794810667,0.0029989898311934666,0.0051712908965239335,0.009401997510556008,0.011686238333978033,0.001331949394076417,0.0025919716173176325,0.0023060281454067087,0.0021384752363049,0.0005478478718186334,0.0035059910904919,0.0,0.007610354129387049,0.007371240796105066,0.0023271260660507,0.010732078368665084,0.0700954369238913,0.012371497461991732,0.004616317124793166,0.009932331250479333,0.06490899399805673,0.0021028216455047,0.006252317422969683,0.010838427847797115,0.002129040913292533,0.002104749871402485,0.0032517676669141667,0.08953885543834979
0.0024392748628767,0.00688053479349755,0.0059007758565618,0.0015210519699074669,0.04068152157934921,0.010855438397266584,0.1152883934842156,0.014850517249465548,0.0122259444329096,0.00258931715156195,0.0048847568988035,0.003458602783791217,0.002797942028383267,0.0017286490911373618,0.0018952219753676164,0.00264021787300835,0.0,0.030685070654036386,0.0030221985866020333,0.013338116290540417,0.0016767007492681947,0.004801134523144349,0.00201628557036585,0.015029601242721348,0.0057911128844780335,0.005700542776733716,0.003225038294124483,0.0042442123479861,0.004270392638030634,0.0008736868268607168,0.0007738272892866166,0.0019483819838976499
0.0015314684423786294,0.0072464117950451325,0.0028426959043170667,0.0037959794294334503,0.0078994789038843,0.0229343031049391,0.03448783264287803,0.0039137309006387,0.023702220050555545,0.0027928505430218835,0.00175299440089965,0.004348953200999283,0.0013772112430794497,0.00026821116532394607,0.0006263370973450389,0.0048674112484691,0.0021969946310638833,0.0,0.011195081908221565,0.01755167896368678,0.008819052144528633,0.015451709512513817,0.017798538557956017,0.01937133580638695,0.0026515004673356834,0.007900043340032716,0.00587182125050845,0.0042881335784068,0.004853333202563499,0.0018982255444955998,0.002362523701202817,0.0060907988778541
0.005555871978468533,0.0028857511837145334,0.0021457952057629365,0.005941998848550301,0.004066341466005866,0.0044840862019151,0.00336417169247235,0.003160836881278832,0.0064952015110617675,0.003037083424167364,0.0030114321222538,0.008014486709376984,0.0015900943767898333,0.003167087711755383,0.0029822951356727185,0.001898438495564133,0.009060907765595233,0.015089100594266549,0.0,0.030953399820055256,0.008659738286542526,0.002178430069410784,0.0084613510360212,0.01654097240312985,0.003212645954317517,0.011556183899446501,0.0039635382628984,0.005964098219194833,0.0046416907536992675,0.014285692487512899,0.004076315938445017,0.0038319391014890827
0.0013562960123707033,0.0012154485478897501,0.0006521266253801636,0.0016959147407764903,0.004892306181859617,0.006318768969813284,0.005596153307943567,0.002796609790311183,0.007833912007823315,0.0013235067853592667,0.0016710531216717166,0.003006799907376819,0.005641807424848967,0.0016403266068934499,0.0012188490293623853,0.0022153860847496337,0.0056098081958867,0.006676732575754733,0.008722754174949833,0.0,0.024975511874965897,0.006305807388877667,0.03367893975567608,0.016457107075543032,0.002541621091616367,0.0037516654013846997,0.0015138342541627027,0.007234538976200516,0.002774659438229183,0.0075039947942698,0.009988610303996984,0.009532464488958949
0.0005920563749175408,0.00229346224792935,0.001846587749423167,0.011937281654636,0.026452312467820233,0.0033574321545759,0.04550478179992005,0.04021828693966447,0.008678014504037332,0.005087024593086694,0.0031626522408529333,0.030048093987516386,0.027872866662514918,0.0006354139707014485,0.002771261919784333,0.0051023292070357,0.0013573742383211334,0.004189639092704644,0.0023492986414246834,0.014207113451126317,0.0,0.007985287201083267,0.011074937621348382,0.01592097899204645,0.030297446788044597,0.0174055593712797,0.021392440489240567,0.06884948363579678,0.0033558599390287667,0.0035312922770593166,0.013580695427852618,0.028157651717927033
0.0035989783740093834,0.0011895144785290333,0.0016372220636757335,0.0022414129377478333,0.015200782452463051,0.012212703405409918,0.04496443955281013,0.004964983492286233,0.027304840472440254,0.0028297693578507835,0.003155088717634033,0.0018970965680531668,0.0014927434637409833,0.000938757591518,0.0009748180234985167,0.0017829184570381902,0.0035367869050059336,0.0325609117168626,0.006977507055076733,0.030283074583294687,0.020361469558260816,0.0,0.0064742508119211345,0.03148823961982747,0.0723925578088714,0.02081293258139327,0.0067265696032940995,0.0021108613943221243,0.004662898851505667,0.0048924513501871665,0.0030108655892731166,0.013093443834706833
0.0022930334942896885,0.0030807052536955,0.002645501657808433,0.00347754881978325,0.0105507755155399,0.0035060761772872165,0.02224063105528475,0.00667714768151095,0.03225268524355413,0.0022607767919729832,0.0011982617465739166,0.008788784044180415,0.0028693936961982,0.0007939345492095606,0.0006095023596902771,0.007671277929202855,0.002484584601664483,0.00547601594681225,0.004195573005057033,0.0288455323244852,0.07331392091624679,0.026405360087794916,0.0,0.0424412379065352,0.013398510063435037,0.00550773532623645,0.006371444500760566,0.009151766945587584,0.0033618824860545834,0.0016679975997919497,0.004663965645346601,0.028187571747619683
0.0010790030175350498,0.0013316101684229366,0.0005457109419786224,0.0024523764644233145,0.00424735683197065,0.005554391653812818,0.00538081818898205,0.005890755364209867,0.008034307448945467,0.0011653006369685165,0.002192384453872,0.00409969274483835,0.008172828202758184,0.0013211166996697334,0.0020980604244340497,0.001961536825922483,0.006214435907257417,0.0032733349584196463,0.00788206859949715,0.016875203455209934,0.024293511055825782,0.0061165152591333176,0.03827742904858652,0.0,0.005203516018229433,0.008917754020623966,0.004019865081760583,0.015800150250010418,0.0012408099580361574,0.0055150669047947,0.013032806432136482,0.00678886420492805
0.011703740271445634,0.003710245920351783,0.00216215462503,0.010447389306491516,0.008156906488430683,0.022240589938966965,0.01922764867366675,0.01105952458294105,0.036128294794130746,0.0038906024075234503,0.003369728332341717,0.007294638672869616,0.0026578929114707502,0.00022505801937616838,0.0009826586398784167,0.010297041191131501,0.0018446730834247834,0.007060963452179751,0.002118642371894818,0.05315122338056177,0.019189343733535,0.014944814857188633,0.06704166504028333,0.04835964795314621,0.0,0.0026028851615882915,0.0104995581796061,0.009843359694241318,0.00680078326756015,0.0012874353341171335,0.0019609823965403834,0.00953031006284835
0.0023191841537673666,0.0025307953410569997,0.0016281445342458782,0.012188554157594315,0.01067433971706225,0.004758832398574167,0.004781373428176716,0.011682849103105103,0.014750740724534818,0.007927162954717784,0.0056334364359803,0.011121927901262367,0.0043425555088542995,0.0022037468684442665,0.0054720972291126165,0.0021851200466190502,0.0024783819352208664,0.003955497741360483,0.009653718730665768,0.027984336696578665,0.020206776679672567,0.011816206340238986,0.010697790660748866,0.02041925772197055,0.006398026641169483,0.0,0.006483872606885019,0.00824538599416415,0.010045619558765683,0.004638168692221951,0.014801956003063317,0.00567832435481825
0.0013780989028421833,0.0014760992372163002,0.000513616268768613,0.0027523753754741336,0.015003063634482632,0.004164158892039916,0.02721517807855067,0.010006108711067484,0.0033875723301320317,0.0027430806655621767,0.0026301289946681666,0.006833403489047884,0.0015662069432538835,0.0005548054366911001,0.00453600518334675,0.0010734374733336665,0.0019287821579974669,0.0021257320305082335,0.0017414058440723041,0.06230119433336068,0.010646072796642684,0.007890776109074616,0.01049636676547378,0.09773335708134136,0.005862442685249834,0.009121590034225116,0.0,0.016478700775480033,0.01209950846446025,0.001395463324222218,0.010275487558466452,0.0024895720718294003
0.0013495741692542333,0.0022454451775221,0.002613870210514317,0.007563623953296784,0.0055775486719348176,0.00274970125842965,0.008004084793204884,0.005184666736281817,0.008887839669554682,0.0022709714555593,0.0032888891233439498,0.017914147755547966,0.00989271008616865,0.0018580895312263668,0.0033833486351157495,0.000882887519610947,0.0004912521875842731,0.0021174048712291837,0.004371728463932088,0.0039349309764472335,0.011327814735907216,0.0050473757883960505,0.0027861386996580334,0.005708361726915416,0.003346283645129183,0.006169743350144016,0.0008642984979880378,0.0,0.0061160451522425325,0.0031410647211729,0.0012531939643956494,0.00346674021381625
0.0009783234099761666,0.0011157372542431783,0.0012069177703993164,0.0025622992645692832,0.014410511846931602,0.0028636020951996973,0.004956864098776267,0.0019494008153486287,0.015731626960984367,0.0027384901766746,0.0032387117211848497,0.01252117647499455,0.010004890414880034,0.0010609099064898334,0.0017405850338323332,0.004776616135771034,0.001269510189312,0.0015887936514746832,0.0015098112354076333,0.012723956811521183,0.0051014045995271,0.0024827172759656836,0.012447103151460333,0.038648718833418215,0.001991022725310917,0.02684220611489491,0.0130661085494583,0.009161556161888218,0.0,0.0038164787047203,0.038456717107323034,0.003702924968198984
0.0008426150906252666,0.002160409492087867,0.0005314182600898455,0.0025649442613988166,0.006007181812575483,0.008021993345787834,0.010183389670057066,0.0035953179120480163,0.017141263446284267,0.0030959068362942446,0.004269036485957217,0.008460307335399599,0.010948658245772966,0.0005832646315017833,0.003588899065867466,0.0016880454707040333,0.000815906349190632,0.004279029138530284,0.0276199008321179,0.005883475248658451,0.003584054134030467,0.00354684869586455,0.004779424211696117,0.00350638327655745,0.013352775970552034,0.007379895270095156,0.003728121355145967,0.021217330856320132,0.0033243525298323993,0.0,0.012023783405049083,0.011912092561780815
0.0007362517702092667,0.003286243679924701,0.00151707914441015,0.00446252815211905,0.007809403304014618,0.0019731305039572765,0.005713159421900833,0.005365380990164,0.006352148899671585,0.0029861212272687837,0.0018878821918562373,0.0295068654238456,0.0029052570589723,0.0010185242839413156,0.00277457015136845,0.0025593103840359,0.0020940270808604,0.0021160644492582504,0.002380448018133733,0.02408769530335785,0.0025375421483692664,0.002254144556751852,0.0008282860511965106,0.030542175695650167,0.003126084763800916,0.021723007318001735,0.02227326802030315,0.026896686212620785,0.009255260009347033,0.0027592949005258165,0.0,0.0029896813903721336
0.011938307826775301,0.0018861464679257153,0.0015959803017710165,0.011424587997160068,0.018959218216245383,0.00590228288680135,0.008621000220162317,0.021894512089841167,0.0045147754439635165,0.0037871492923431,0.0051036900347929,0.008036880178678115,0.0064612564520953,0.0005477974854514499,0.000878673735614515,0.00077743107382405,0.0027531960560482666,0.002635284686473083,0.0014220671829392767,0.023008074785734953,0.00939024145687315,0.017209846565821217,0.04140629088076735,0.02481209682104928,0.05570224007720028,0.0019030877195635664,0.009248441189961635,0.015766225626439034,0.0036484898120764664,0.00063760670974785,0.0017202686634556503,0.0
