0,0.00769543786651994,0.00621169470924594,0.000148818103792913,0.000539799888501597,0.0051229048954032,0.000326993835622597,0.000662622492222831,0.000110023702811457,0.00328416116576408,0.0011897913476438,0.00132613273641476,0.00147775466293433,0.000343082539889395,0.000100165292305595,6.98479996500828e-05,0.0208256108133282,0.00107514857097433,0.00466608429605997,0.00112784083617204,0.00228809660831563,0.00109403190602122,0.00162315932312094,0.00258062197412695,0.000297493259436337,0.000669839092346752,0.00213626817977328,0.00114633474385258,9.54832305136497e-05,0.00103318532283538,0.000685307704816186,7.38563256757333e-05
0.000245654102665632,0,0.0016765033255413,0.00219197361338681,0.000751599377939982,0.012605767484458,0.00124986492103287,0.00775017727206306,0.00256681282498122,0.00611591012286088,0.000909955036464629,0.00146462143806079,0.00246350028498056,7.73393096780525e-05,0.000466379715169446,0.00101094734612634,0.00286646641523666,0.000660550429151323,0.000149826202931226,0.000541085865875065,0.000913787035199323,0.00454509785589114,0.00348691087484453,0.000481056615281463,6.1392907967141e-05,0.000106927226629275,0.00010079675328831,0.00120492200231556,0.00180668512404858,0.00103341303975674,0.000303371629399367,0.00046017933667375
0.000366214489905472,0.00595941771302287,0,0.00672385234273502,7.04394269646761e-05,0.00344124436076828,0.000169213322449259,0.00413516421743108,0.000658645759751399,0.00135209699385525,0.00807724933986375,0.000195359292813414,0.00381550912950607,0.0050628673518802,0.000532170583625635,0.00182496285239994,0.000775928319334588,0.00106735914856853,0.000409517371432551,0.000156373271642635,0.000106896041234824,0.0002280494798266,0.000316574162892321,5.19160625690679e-05,0.000568866228518099,7.12809465312253e-07,0.000233631851116294,7.81500903968462e-05,0.00116875312606388,0.0055554403081761,0.000673562056546916,0.000233066360272203
0.0028516613081979,0.00327630155509779,0.00141211571773235,0,0.00184511298064954,0.00208191474685877,0.00340933036111117,0.00266856262617658,0.000130230527746665,0.00827553473057578,0.00402861710340128,0.000124996224048241,0.000590072514298955,0.00392650440717527,0.000474609093238583,0.00317016680331292,0.00245827326772842,0.000444347021368093,0.000625952884171669,0.001792148797701,0.000903735279113954,0.00284068666092422,0.00130041765220315,0.00156295973538492,0.00119051419017267,6.74149647598619e-06,0.000136467197860996,0.000487644471244042,0.000181470272362997,0.000224934464717022,0.00166944712745365,0.00173593111941783
0.000576176124288009,0.000248995711568938,0.00278977514199733,0.000992755278394103,0,0.00215495676856412,0.00546314776865067,0.00426548687308668,0.00378177956824998,0.0017427139335211,0.00299432305665749,0.000287563494316844,0.00247095837790945,0.00128082857748345,0.000836468173679872,0.00510697555569689,1.06406237249739e-05,0.0027774891225719,0.0013940403027887,0.00026250294068899,0.000109415087797316,0.0035724826293834,0.00250060063780333,0.000589064838579008,0.00140025456681267,0.00021584533819229,0.00260694637736654,0.000170210976824648,0.00106349425694187,0.00167748464383682,0.00204519793685316,0.00170616860174881
0.000930425378832551,0.000100979501749612,0.00154145662410733,0.000233926339929538,0.00174351715413519,0,0.000644453475557872,0.000403648471050157,0.00076789181185121,0.000386718180487749,0.00648433941709687,0.00154050450251242,0.00543195495228522,0.00370630820658772,0.00129442563235994,0.00289901017110584,6.75953738962357e-05,0.0012843988277595,0.00147472854486841,5.28142537027821e-05,0.000107449576219924,0.000943927712706072,0.000592500520841071,0.000635952505761926,0.00134088160106941,0.000472882136358987,0.00215164422148597,0.000944301485710364,0.000444268823386542,0.0034710161372428,0.000844684257432529,0.000795957470708588
0.00123496007998972,1.65245360052495e-05,0.00292247030154867,0.000750301151949001,0.00324335416840422,0.000368930060757937,0,0.00243312263396632,0.00119297322104727,0.000730742508269823,0.00639264694536781,4.10544598879061e-05,0.00252442177429631,0.000731255302994953,6.68819157646923e-05,0.00262486546784358,0.000108929406053026,0.000630750403132254,0.001131954115362,0.00060038933034717,0.000315149254276242,0.00114697012439569,0.00143119766121086,3.13067076950125e-05,0.00128229827416254,0.000142240548152883,0.0016431893269419,9.69861565923429e-05,0.00161086624204061,0.00207220234126096,0.00080769699738224,0.00204321018965223
0.00112597375534494,0.00223334598899363,0.00198016757752958,0.00294262097764992,0.00270040683796407,0.00332475480536968,0.00439433426106591,0,0.000548560748074098,0.0112299607054853,0.0021607048934379,0.000340486357805933,0.000721489617237691,0.0053327220263892,0.000820279651174479,0.00366812039026083,0.00164217216022589,0.00149614209410302,0.000260843814118078,0.00196923556296153,0.00106975191941495,0.00520948244535123,0.00291004191626941,0.00201086622847662,0.000109258342486017,0.000148619807972665,0.000401049592530158,3.55154770613148e-05,0.000182642909548203,6.67257664311055e-05,0.00120871276541895,0.000344700097834039
0.000591680806220802,0.0021773528247923,0.00069754263905357,0.00119226405634228,0.000541893521110833,0.000415216498332703,0.000155639905902643,0.00384134005405158,0,0.000725812992053655,0.00447343552599404,0.000446922056683663,0.000901878767912924,0.000276995779172541,0.000163402743674979,0.00202185536278854,0.00122067625838026,0.000575601541844929,0.00184416523178467,0.00329222315300756,0.00239437726848185,0.00161159192934769,0.00250416025356642,0.00139255979081434,0.000835455414876669,0.000137981613722051,0.000820476663154361,0.000625789583508524,0.00199370791941104,3.00718342782178e-05,0.000426331330539921,0.00436331121072289
0.00088201652248495,0.00252356619988702,0.00143774526016121,0.0036258608893343,0.00202890208028208,0.00094020880426865,0.00311534189522144,0.00381108915982341,0.00103644380397581,0,0.0025978294100517,0.000544040575745553,0.000713779697784572,0.000994634845790971,0.00176545474469524,0.00216568437562594,0.000719820176600508,0.00106578507860714,0.000145778257713,0.000690177289335124,0.0015070997392329,0.00417955222521555,0.00313825155381067,0.00097423547669278,0.000165434743556671,3.31849752196455e-05,0.000481609880183092,0.000358405002049005,0.000468568571002121,0.00214845574775003,0.000435599895617446,0.000233748378260142
0.000373846988912093,0.00236381198723231,0.00223047718826671,0.000588740867337787,0.00146276028696183,0.00158188387501765,0.00268652419527448,0.000548910989866274,0.00242841666893154,0.00322152291089079,0,0.00333368463073131,0.00135036122743105,0.000800614077303234,0.00136978489400882,0.00177309170108779,0.000249710731408753,0.00197430141203318,0.000134791332459191,0.000796766934782876,0.00202600946476961,0.00453771666519303,0.00351980485902714,0.00161906694601058,0.000204152985479572,6.61239257532592e-05,0.000749716964405176,0.00323182160223482,0.00148693765492828,0.00334807400404088,0.00569390930626265,6.40284586003969e-05
0.000166463121553419,0.000242019466018656,0.00406575640026744,0.000409765456381826,0.0043559496085925,0.0017046211035121,0.00277447141923348,0.000470613066376938,0.00163172434409384,0.000546913968790992,0.00108093756905931,0,0.000108743157901897,0.00739116933683927,0.0139776590461939,0.00177598397124291,0.000101914299022959,0.00176066040487449,0.000449588489309197,0.00166585153879034,0.0045065606513042,0.00395118329496669,0.00375181215432058,0.00351525187621214,0.000987385152730728,0.0024515149064279,0.00136592292056674,0.000319226408105356,0.00123226967731744,0.00673898899576763,0.0178870390346843,0.00182967328288851
1.44598227204729e-05,0.000930810019875236,0.00366128735656999,0.000494513708637522,0.00284853531180643,0.000691251993507637,0.00345095394454531,0.000414373611350339,0.00253013080364613,0.000628009072754569,0.00113496774590903,0.00535354536598694,0,0.0015370699457272,0.00584401216282389,0.00233535092182696,2.53269328772388e-05,0.00158903553790037,0.000497844503567902,0.00128908529724255,0.00303103445270509,0.00394207796025336,0.00353585612803414,0.00295748012644329,0.00035775374279429,0.000427274039097499,0.00046749506404814,0.00628175961412718,0.000610086970174637,0.00754025717257107,0.0166489207154316,0.000206296707070037
0.000111348483640543,0.00200235105129384,0.00477923843502806,0.00776164844302812,0.0158495723228442,0.00372077286100257,0.00769515976404064,0.00791112534453303,0.000763227044487615,0.000786590838228379,0.00757500552239548,0.0019697323899515,0.00760746476645539,0,0.0246045335801678,0.0117368885523468,0.000284297552016174,0.00155785068319231,0.000200043908522919,4.44482644191239e-05,0.000674846796635242,0.00111130399274775,0.000910699791234134,0.000576419286767309,0.00673977346864818,0.00218502309882667,0.000550626707044064,0.000254100050759836,0.00147391228793491,0.0147328456229047,0.00726891452813484,0.00444312136785634
0.00250713154851013,0.00023287600342736,0.00271676298749944,2.36781817847797e-05,0.00419369226456689,0.00388302793215771,0.00189149296791792,0.000352320594673769,0.000442841198034367,0.000622272842648994,0.00181289631097814,0.000398937875575623,0.00225999324008439,0.0432479053361309,0,0.0019695892557754,0.00161620753859009,0.00208600666281346,0.000928825925973067,0.000317181751154829,0.00490307868898013,0.00582820763796469,0.00600956462418482,0.00302215641828386,0.000265521335037031,0.00307068654452972,0.000396591724628298,0.000198524836202542,0.00133366299219643,0.0118356608977951,0.0173454741591187,0.000673431493006139
0.00278269506676848,0.000675030350797788,0.00104212299370992,5.75363159217296e-07,0.00157606437580792,0.00359690283974937,0.00584469535440987,0.000332454503374798,0.00440893272772683,0.00665240776978261,0.00495349110042267,1.96650245346132e-05,0.000710434444105579,0.000525725240577054,0.000349168935644445,0,0.000352878793590677,0.00253172921982519,0.000592759042773982,0.00154800353491722,3.32814070954647e-05,0.000915366515345226,0.00044773638652897,0.000116741478970695,0.00195244551555283,0.000693720621541223,0.000472530851738447,4.69010043091364e-05,0.00048877560834468,0.000658223722240438,0.00119753711526311,0.00153964392608298
0.000446973984274275,0.00319352687048751,0.00730865645566025,0.000123769099266844,5.01959366044793e-05,0.0034667468019368,0.000368127446672277,0.000120598591839988,0.000260665544509575,0.00206946328819013,0.000207698322983465,0.000484314958811916,0.000189123963649889,0.00092553536073055,0.000450032156783909,0.000138967018444822,0,2.32238013740122e-05,0.00654468157927639,0.00252669565440244,0.00198341453559176,0.00165201265905338,0.0013931087125054,0.0040630011704934,0.000221493387568188,0.00270164156010462,0.00403743152500543,0.000285876042746733,7.41577411819319e-05,0.00286389842201713,0.000737985008129819,0.000173277977607462
0.000194273054225743,0.00185379544338606,0.000993140069026682,0.00144943634263267,0.000489761408270164,0.000563312366755342,0.000496843806226776,5.13512386327457e-05,0.000748801883050382,0.000989127240974816,3.33192156260205e-05,1.10121581764921e-05,5.03387160978628e-05,0.000777411438699427,0.000101482130277293,0.000610567694671654,6.70189557350215e-05,0,0.00655455276284978,0.00151882389404811,0.00055955484390513,0.000693426637939997,8.99077462381775e-05,0.00108753568843425,0.00220377436835166,0.000554408105922196,0.000473763925192873,1.80417586205804e-05,0.000214149705494927,0.000127432373847972,0.000196265296075244,0.00150041096417448
0.000426094985057743,0.00018723173537636,0.00329097591336925,0.00462968890808,0.00253825810412795,0.00014502377525075,0.00191405662720322,0.00422343226210516,0.000355575381028759,6.38147324662371e-05,0.000121002332348977,0.00130032738029664,0.00125646281224841,0.000407395207957911,0.000919376867938998,0.00132180735813139,0.0017034437078011,0.000457423168924928,0,0.00990522767013925,0.000835991131884359,0.000258598759282716,0.000299013873929623,0.00241335117845423,3.42952359001204e-05,0.0110582617690659,0.00797756841827813,0.000712773997973416,0.00205901192471158,0.000965491007388388,0.00318626233605294,5.55803111094436e-05
0.000119188354859381,0.000586932984443567,0.000473237424753999,0.00108078584760199,0.000493252278565254,0.000288611695935329,0.000483866586663213,0.000165135112230665,0.000998784732821211,5.79687442765627e-05,0.00146668840385941,0.00250086057534173,0.00219955492350241,0.000775712168329484,0.00166679103526933,0.000688386042848887,0.00160749017328358,0.000607110538603968,0.00452428460923751,0,0.000555026959615972,0.00353585404339871,0.00276495019646249,0.000450792746871961,5.07504953985822e-05,0.00708433035274639,0.000946322246962297,0.00141946809620553,0.00121736216016396,0.00475792534958712,0.00730126567965773,0.000431748572009286
0.000348210072204052,0.00127068820876596,0.00205625846493663,0.00175366452164947,0.00364441684286117,0.00227332122258625,0.00223781250563852,0.000414688147108521,0.0007515884562532,0.000200638007993526,0.000678740652270753,0.000234615886228794,0.000190383016657207,7.13041153825684e-05,0.000744749903340067,0.0029123099241245,0.00270116473902463,0.00192791859903338,0.000370906601031954,0.001058090572486,0,0.00413159573826657,0.00603987517820006,0.00480324467490692,2.15105943413814e-05,0.000839568053078997,4.05764179923539e-05,0.000354506535268817,0.00135270093792565,0.0113886131011154,0.00347296895274954,0.000131208307298614
2.60333444449483e-05,0.0013864460028762,0.00263063870394963,0.000611130056731396,0.00162666276963261,0.000279927029024015,0.00200253789769846,0.000117652880497217,0.00190616066108573,0.000764910172664349,0.000622448982057086,0.000483647960083585,0.000199275094189571,0.000606822103995954,0.000159881568733131,0.00329119637355863,0.000177416712061748,0.0012438656512199,0.00384366654856147,4.08378947988857e-05,9.71817021784311e-05,0,0.00147873310687165,0.00157381351244581,0.00651532813709976,0.000625525784332671,0.000490794050359785,0.000936363021330465,0.000100814859128739,0.000397811419332876,0.00248263495601614,0.0062611739750966
2.02367223123738e-05,0.00176914768063935,0.00321276296684541,0.00142413320509555,0.00295029429107411,0.00111467310701521,0.00218558622677049,0.000306295515289425,0.00175413690724784,0.000301370839986003,0.000869741734754913,0.00033342239033441,0.00039791180924719,0.000534936019374355,0.000133520038629727,0.00457871792543429,0.000713986894143782,0.000566180665121254,0.00193474622606046,9.78632805416485e-05,0.000262720184763404,0.00095599804181225,0,0.00263467168049863,0.00225891604208868,0.000225542997727541,0.000821845582756463,0.000678147987754624,0.000394392268916531,0.00273935010631559,0.00117260549958999,0.00200335330115344
0.00044502935844584,0.00121950567148361,0.00072600110263595,0.00154970761191424,0.000665732637679443,0.00143110589009367,0.000797947468638627,0.00020470388382542,0.00242422802759108,0.000172067665583652,0.0015907564551338,0.00149527302279536,0.00104598539695341,0.000760132326116118,0.00283545817076448,0.00100644302818537,0.00309783517701577,0.000926012160136728,0.000874491539583103,0.00338095295101923,0.000209438520027968,0.00484721911540753,0.0031743654519269,0,0.000122339271527215,0.0022700526346599,0.00466761039072168,0.000575622031594798,0.00457268929100336,0.0129740107360081,0.0110119419646609,0.000201499432445637
0.00258682572123499,0.00100779942655667,0.000610122542991058,0.000876493538213275,0.00376877024375407,0.00105962149486536,0.00486915601808947,4.71209944410376e-05,0.000875137714172818,0.00323466788025924,0.000309422792574082,0.00012062981968548,5.35734574191724e-06,0.000388470488729331,0.000768116853599162,0.00567675603758651,0.00184481907415701,0.000342884268538874,0.00518222851975583,8.75684429687536e-05,1.65863987772666e-06,0.00061401332951102,9.85249347790755e-05,0.000220439615904545,0,0.000267680094258066,0.000472601810925239,0.000129122898174379,0.000529402624738928,0.000288852119201348,0.000400613611238684,0.00208961812420957
0.000463315083701629,0.00108307528266088,0.000319534750050569,0.00146759426434377,0.000438770994639841,0.000969981824902306,0.000759991470675797,0.000350648973178775,0.00201421655724382,0.00066081772576728,0.00203325299838987,0.00241956163698683,0.00199703839484356,0.000825926949937446,0.00107552695187987,0.000493749933938688,0.00156863644949703,0.000343583208645872,0.00742124085061868,0.00296176057434782,0.00193721000448306,0.0026263974267311,0.00229411734727608,0.00208435006481749,8.71080510910593e-06,0,0.0131536595596792,0.00172262389545393,0.00657869094981614,0.00484228568886268,0.00563627083137505,0.000206448002400459
0.00100345772158099,0.00137540199996468,0.000576442100365479,0.000998300595124776,0.000317978112259005,0.00103000060943582,0.000168354259317059,1.69032108719464e-05,0.0014236564522804,0.000508318360450205,0.00328229532571729,0.00508573059467517,0.00352258123514604,0.000934268897484272,0.00122269753972705,0.000135497641499939,0.00210368798351547,0.000348269656213388,0.00417308372089034,0.000651696851165884,0.000768474257614324,0.000894949950556608,0.000742152260170131,0.00160239972322645,0.000132544449515529,0.000167695463748811,0,0.00437456146168885,0.0106803547466069,0.00227732245926183,0.00560619507434604,0.00022306890229872
0.00020776894441957,0.00044257951444393,0.00322025903224539,0.000243755024959448,0.00310032677406527,0.00204914028062934,0.001665859646493,0.000256420582788765,0.00108159431682872,0.000418742635852703,0.000787335472129925,0.000621545747720267,7.94885760884782e-05,0.00642080659121795,0.0110687457945495,0.00105566540518855,0.000386808060179261,0.00124200780102433,0.00133411513799611,0.00185071094757947,0.00419130506699559,0.00332150811746056,0.00328570530663035,0.00343900438981315,0.000966487503761435,0.00165591138944666,0.00237720771646738,0,0.00204148002694067,0.00421305551461628,0.0127126511306306,0.00203159046514068
0.000775017565480772,0.0018274800180666,0.000302003955248972,0.00433530638509537,0.000154301913218951,0.00297188997293566,0.000417994643507401,0.00202998532115061,0.00250819266754439,0.00105089688497152,0.00746999046203286,0.00859597663835206,0.00799789500658097,0.000706109362042907,0.000934909209749596,4.55267394698434e-06,0.00183212050049259,0.000185523544962423,0.00210273697262772,0.000995592303668019,0.00159354953174837,0.00102840678967262,0.00135955541900135,0.00297577039665382,3.84233963923394e-05,0.0017000867352299,0.0103843771746314,0.00814377674977114,0,0.000982870897647537,0.0081216884978569,2.55351313662355e-05
0.00099222486567888,0.000983584278034486,0.00205274549537001,0.000562602893144985,9.62064242342426e-05,0.000428779739878339,0.000294168241896888,0.000504494250461306,0.000579451381098759,8.43484807868975e-05,0.00101922551543244,0.00795142413705802,0.00340417748448534,0.00416329193489164,0.000978131985846444,0.000165797933636556,0.00272050447307067,0.000108050273976142,0.0135456931698337,0.0256862187529333,0.00115255765735301,0.000370810244329085,0.0006386932395918,0.00822951053238695,0.00150905298576956,0.00162147151359206,0.000523076636281967,0.00881767029648313,0.00363825704527047,0,0.00895793733668372,0.00140595593484147
0.0012183225750465,0.000928002211276214,0.00245486312322841,0.00064482912128228,0.00135824189018498,0.0030207925405476,0.000427445676386046,4.95995383320478e-05,0.000417325685386904,0.00155349597506598,0.00310142559204367,0.00114806560192865,0.00144796700913688,0.00327811557368563,0.00294072000429006,0.000517103255252097,0.0021733160980458,0.000333294536069157,0.00450640696636932,0.00438570107513013,0.00379763827244224,0.00103438576881273,0.0020596128719184,0.00457674329485628,0.000564193603827882,0.0029146703811902,0.00227175714709448,0.00145899138973873,0.00321279132349034,0.00357007533086863,0,0.00168483195055681
0.00295042391790011,0.000207234511832234,0.000445166810046975,0.000306728289063283,0.00366615137469473,0.00195453355314634,0.00578761339342768,0.000641811300781796,0.00208999459306366,0.00489353120022595,0.000331303925871459,0.000136027449903313,6.31965337303982e-05,0.000901308254455004,0.00141978087582133,0.00457989237794342,0.00281122807742699,0.000722666582246538,0.0033520343721938,0.000562779785751154,0.000184115098420331,0.00104025361767326,0.000439048146644447,5.80477912496765e-05,0.00677545825134816,0.000770615445275354,0.000556023428956698,5.98685548518236e-05,0.000576568345244509,0.000432146263504771,0.000180720074878411,0
