0.0,0.0163607035288903,0.0052835307106621,0.0100825182296521,0.023331699056285803,0.009007599672977366,0.013061964068275334,0.010390662837429768,0.005713837168360066,0.002003704199361267,0.0014457116391142367,0.009458311267466666,0.0060373515994696,0.001950152320766,0.007026110541551667,0.02574229550289467,0.014328881959231134,0.0044224449403168,0.004037205243129367,0.005979277354597977,0.021242120143772438,0.0035174076351769997,0.0028710641672147334,0.019859250514242865,0.009742016169022432,0.007935383653873933,0.010010191683925565,0.006998727274219099,0.008270827994131733,0.0031476105694297333,0.00039690844658755666,0.007841496269690934
0.0038517930073514,0.0,0.01590916160670097,0.0094379293238177,0.04405453209712246,0.0165821569255541,0.05633487494161727,0.016444848459446965,0.013352399738645366,0.0014098779617364332,0.007337300079645399,0.014484339820184199,0.0039340810073494005,0.0016632775245407668,0.0016430286113309003,0.03492426118472767,0.0114675147937031,0.005762767932622266,0.0016257890647333668,0.0009437447776824,0.007844281429867634,0.0031940419228903,0.003389616458810566,0.0008567571768010332,0.013950310328003167,0.0005718574250080667,0.005070827316463967,0.0163329693983396,0.011153299598486899,0.0021240833235275,0.0029201603152518665,0.0037323068323550333
0.0030161536621248672,0.0033755588030571666,0.0,0.0183455048798708,0.0150464521493679,0.016439150353417333,0.016541103884923934,0.003356316781889133,0.0022044214983444666,0.005506829156542,0.007042994272704234,0.03250855955367437,0.0037882399844318,0.0010992589563812332,0.012224287701932434,0.01323274192095133,0.005253550350844533,0.0012452620906315,0.0003553740681164666,0.0019535298778210176,0.004643774350248467,0.004028615413649733,0.0018827338303528437,0.0035098918968046334,0.016508214655902,0.00042328631606277137,0.013120414457427334,0.03181634448835207,0.011875299062048166,0.0006620975723763666,0.0009587615595378327,0.027195951274849268
0.0031884465136783665,0.014905057891419398,0.004022804864366534,0.0,0.0282432721602652,0.008602804937938933,0.041314082783576705,0.016617515075280035,0.004969123728181167,0.032043392966978064,0.0313051164409671,0.027631640744160666,0.0283631833258719,0.002101665960551733,0.004041378336162167,0.016228750378881034,0.009935833053518866,0.0014701538681653667,0.0009893528604256667,0.002730592749768733,0.0038189381511269664,0.00161387367853847,0.0015989255526976667,0.010306875690625533,0.0036428159193274672,0.0026155849574797663,0.0031960245405369334,0.0107946945322785,0.019702588293029667,0.002108126622898,0.0010309368658409665,0.004668450441529033
0.007325691800275434,0.007160583698643966,0.0012266493770349,0.0370071221493496,0.0,0.0030619068649552004,0.028818511417793666,0.017465147796438135,0.015153419251958867,0.014265795420805867,0.042314975682493365,0.010939802328641035,0.02148082226003663,0.003661726569170356,0.0040796588844036665,0.060898501361707935,0.0073958268830314,0.002608819709584933,0.0039302443322553,0.001121272923482,0.0033321427723991327,0.0046835855883502,0.002225679767249167,0.006912525035157866,0.018858978469503133,0.0035266269772340994,0.008435677924380469,0.016355072814473667,0.009587632322333567,0.0012469327478438668,0.0032899010123589663,0.017833061183776266
0.004905941552755468,0.0082110028025205,0.009909851477749167,0.10348091708817507,0.06300989247917736,0.0,0.03355306771023573,0.06285474369724427,0.021015601886206502,0.016593914884108735,0.03741054508726566,0.025501888760614332,0.013931892332705366,0.00716007541662174,0.005238656122411134,0.07345148598007108,0.0032011611770978335,0.0006947293203666333,0.0038861290323527666,0.0007616190355384001,0.0035002312033723,0.008735808731356967,0.006003885558906967,0.007233919184323233,0.0210536588354884,0.003348187066533767,0.007446640506503501,0.024402136286748404,0.009358930814176268,0.0010520113115685666,0.001045384529965018,0.020936554492625103
0.004798765952912066,0.0015363075508678335,0.0016232308195934999,0.0237856258158821,0.05682451223307753,0.007624238919764033,0.0,0.03144591615778967,0.021893841873382464,0.019062914926869134,0.025152276234553832,0.010131349586584333,0.016569183266267235,0.0026897074320988666,0.004127318275661466,0.055706506482443595,0.0035695795424117334,0.0034025576040398998,0.0046259349898330965,0.0005868133657513335,0.0037017717880113332,0.0074539953891431,0.007579717337162767,0.004006691003205567,0.02007186884774827,0.0022252179088415,0.0091151140656323,0.010330934113465267,0.0036681133583544336,0.0020472937461426667,0.0047157905468235,0.029883500831695203
0.0058118242056075,0.015825906643043203,0.0021696197818863,0.023145758554338133,0.0091292749581401,0.015370624714360034,0.003907015620579133,0.0,0.0058254331870923335,0.006354226477484767,0.07220469364257504,0.007446221184256099,0.040861416628856735,0.000977605235104284,0.0016031682586107,0.003891394054231133,0.011110916736610266,0.005871939931310267,0.0015116154617484002,0.0031842292494271333,0.002462123401713367,0.007261662679496866,0.0058734040648816,0.0105471407411976,0.002830519741924633,0.003673726800310221,0.009596959889843066,0.006174627178342,0.0169021539992705,0.0012729477892981019,0.00042535954371962465,0.016172053199818532
0.0206497955623859,0.005059678247575333,0.009979097610425933,0.0034095642360019002,0.02133647826776387,0.008383082353666133,0.030327919872716966,0.0084456252140362,0.0,0.005629688289690166,0.018259377053845168,0.02911689430226687,0.005545795509772866,0.0029054984836330336,0.005412555866272533,0.018516987614568232,0.007656617902498467,0.013630057611204666,0.0016463369609945998,0.0012407884785031666,0.022668820030141996,0.04886011669231217,0.012438721021625535,0.010610041939265265,0.013176103846529197,0.0016613817288713,0.010278309976331999,0.008802625228366267,0.011330774111479766,0.0023734412897944332,0.0024098977531445335,0.043092199285684106
0.009362601846776735,0.0037775190568537,0.0031514820925597335,0.013174534033906634,0.02658425814402297,0.022551054425379736,0.06995238864177837,0.0107844692417752,0.021909477798118665,0.0,0.04568298425496533,0.011261412684908463,0.0199450774697181,0.005787537203758,0.006755741130633999,0.023674865501759734,0.008181892071282301,0.007408088020005432,0.0012059418204943895,0.003972707927246099,0.007533170670267367,0.0037915749498406335,0.0061384232320417335,0.004674561957446334,0.023266217645583204,0.0036065706646423033,0.005007449458644553,0.0050146685325887,0.005249446881464167,0.0019413884494230667,0.0011301228443348667,0.017768136125659268
0.009298639211600434,0.0012778863191547666,0.002102242389365079,0.022346884607333296,0.013831105818061969,0.026903112155187633,0.04932289055260167,0.016152098610557466,0.010869243067168766,0.05041254621088867,0.0,0.012747144410381066,0.011268996435573534,0.0044426358730569665,0.0079661635858806,0.010184497508621467,0.007636215362876233,0.006150999503119967,0.0025753172243659,0.0021318565141264668,0.006534061835873299,0.0014350397134874333,0.0030787099268751003,0.0016140606209559668,0.008209395666313834,0.002077445099007667,0.0033907615536988337,0.016031469677899434,0.004866845398874767,0.0007061650398209666,0.0019565836772987666,0.008979438873023432
0.0046063044811245,0.0013355420128924667,0.0012889612110442334,0.008434729666581634,0.007743679797890433,0.012080045019413533,0.009868081343725967,0.0019914649492276,0.0059998515455081,0.0075228345508304,0.03570150885241146,0.0,0.04758223200375356,0.006595451607322767,0.009521733787734738,0.013629121004194633,0.0025874580386319643,0.006619979287215301,0.0011782230367292667,0.0013822993320452334,0.0025606972766945,0.008289937318927167,0.005990104020203533,0.006292858323949133,0.006472519635057812,0.003195797462717367,0.0038788370863959663,0.04971461386675524,0.009798048194540367,0.0012638959190322,0.0007365632760822334,0.0231401343198647
0.008141461333793199,0.0065935966619676,0.0006792508432244333,0.009784934615986967,0.004788275501864967,0.020248496389327537,0.007329785726970367,0.0025614164513350665,0.0065219090844256,0.012519886728095966,0.0329845216798267,0.044761646527405906,0.0,0.0015840316842964666,0.03961926957082754,0.0097622157770026,0.006440066262653501,0.0010372177827042,0.0020547730224558984,0.0009309761200831332,0.002501164561114467,0.004625387729989568,0.0060848268866110335,0.0007427272192483666,0.0031282591659767336,0.0005707849238164666,0.006187863529857601,0.045356362327535,0.012902622726978966,0.0004895172032959,0.0011734433997366667,0.012462819283296733
0.004111984918903433,0.0043222131727495335,0.0007390136148520335,0.032874166136590166,0.011284761977295735,0.0081988849751407,0.0157262267979338,0.0054490697476946995,0.017503787000114065,0.0127194143138782,0.016919150877297832,0.006713215901073433,0.010961356401619465,0.0,0.0021292751117972667,0.015226853321617865,0.0023615205639773667,0.0007103047218337666,0.00043423274404966666,0.004186338410202433,0.003950745199624367,0.007292169497085332,0.0077439438210813,0.003826074615706734,0.0074889614867208335,0.007860223005600001,0.0062251218955274995,0.007077656452138466,0.0114110555463283,0.0020461611790805,0.0038495625731613664,0.0023351847129724997
0.0029301710317257003,0.005614755782440833,0.0007431836690188666,0.0431191172988964,0.022163001626051403,0.03112242361907697,0.014237755268871064,0.011305376375142,0.010360057476330535,0.0006912687366254334,0.06515121460742954,0.04629129373604449,0.048285632800347505,0.0015043528250934175,0.0,0.019378680165110133,0.005022361964324567,0.0058800035556832,0.0009412108207813332,0.0039519970254211,0.0035784331869949336,0.008642262803725266,0.006297353299000566,0.004775437221304899,0.0026545314216308,0.0072156653340562935,0.0156945559783853,0.017363150368017166,0.010568700629735433,0.0010048058669651333,0.003957603084566633,0.008522400287338234
0.014356203908139534,0.004103097083446733,0.0022022545051711335,0.0024936238746186,0.0205361934816346,0.009429088022630566,0.030101178650991964,0.012815970884712966,0.0142801040225002,0.014336062870489934,0.031110557090518368,0.007945482526575367,0.013801896821387799,0.0019324004026269666,0.002551080975112067,0.0,0.005905748397878767,0.00038246560321626667,0.0030066451987397,0.0008656417889888666,0.011455473579916033,0.010033795860223934,0.0142958352682901,0.0049931592791455665,0.028705149002903566,0.0003317008180550357,0.0033933039302694,0.007816597087892167,0.004458780689855168,0.0013316541248023,0.005245580482022166,0.026567671708001533
0.0073881223467787,0.018972081559841633,0.006339938978989667,0.011212052697321265,0.019584943972234967,0.011577833999252302,0.03992435261817053,0.014109918097419667,0.018981740281115832,0.002443533878603467,0.0033839715524138334,0.004373789894123233,0.008919600666834233,0.0010757280614454667,0.0031198828694298,0.07626548935463423,0.0,0.007330651947188967,0.007634695210528633,0.012539200584526067,0.0321330576108301,0.0044688016378846,0.004027349300531267,0.021420314899291266,0.0071841084405667,0.005529995105137333,0.0039508178366994,0.0070067776633889675,0.0030758706836223663,0.0027049407706866667,0.0015922882931183942,0.015382834697658434
0.009790551108912067,0.007324230320459199,0.010106775599220933,0.024095412194873902,0.024828016791876767,0.01840501607003467,0.04654298756690594,0.0075847059594513,0.004894924544317833,0.0028804430424583666,0.011586230608617234,0.0092840957971487,0.003305940632038333,0.0005096724051995667,0.006028148177118567,0.021515013481768968,0.01565064586895117,0.0,0.0024488552243407667,0.009407046234875567,0.025257275024347502,0.0037267661532097668,0.0032231933877314,0.020867423594865032,0.021685045615144737,0.0018358897196020334,0.0035401588942757,0.0097365478003192,0.011507018208338068,0.0009429134874651999,0.0005553481479203263,0.007079642101549634
0.0041867578403747,0.002445259546150267,0.0037252075931660665,0.007244810864187034,0.0076124887607137,0.005254741006244467,0.0041863845212356,0.005372027922924633,0.012402644473241431,0.0016387750067523002,0.005946640699755566,0.006904443245707833,0.0103992619794933,0.00027648002990250886,0.0004449793581064333,0.0097146090547911,0.006461766731062233,0.0021083739869008668,0.0,0.0015144358539658,0.0051921148930292324,0.0038215337593588664,0.013018902496866833,0.0205285920844184,0.025238707263129833,0.004757887838571233,0.007944853482263666,0.006624787818910499,0.0017574186886476332,0.001228566817545733,0.0044743517904298,0.018549538376786533
0.0012552079634084333,0.0035942900074469666,0.0029322636702582665,0.009377026250564835,0.0195578558993194,0.0157618488683753,0.026615461904655035,0.018128368972056233,0.0237144722575376,0.006430985860699266,0.0132432477386946,0.026890953826007365,0.009687843673795167,0.003398825826082167,0.0008082001859622663,0.014762996760410567,0.004908304533959666,0.006052995928841634,0.0028000438994605667,0.0,0.04357940600662913,0.015504821829114867,0.018885832192268835,0.03110171478461603,0.019232139095042535,0.011831055428627432,0.014532059131258566,0.013629257212826299,0.011587584975941966,0.019429565075597635,0.004965533081290133,0.005230631309039935
0.0004380903368328,0.009366962740561667,0.0037133558866598334,0.010341310317061099,0.004680359327275434,0.0082140236066496,0.01715280986000337,0.005793251770928099,0.04442656599644066,0.0077091603857565,0.0015010189537281666,0.0085829081951028,0.002534624635600933,0.005191530378033633,0.003936985013164266,0.012743386518099068,0.007712794410707866,0.0032532592759879336,0.0009173871404157333,0.0097359170971215,0.0,0.02112511990691347,0.053928993620365705,0.031111046984912405,0.023136857201091137,0.0076455035805608,0.0089282123478671,0.0124837313278679,0.003708783146098033,0.0014868716872980334,0.0008367602593525666,0.012945060925533436
0.0036528947606257333,0.0009610687894091,0.005042151025057367,0.010726348426947599,0.018965068833738,0.022738169087121934,0.022335216192499396,0.004444502871647499,0.006177027260854201,0.0008977713885886333,0.006581561429701799,0.0031721630033951,0.006554514751855966,0.0007691885339818666,0.0006329936981884667,0.009795297048443832,0.0012005823912686667,0.0035835503110783332,0.0014153923679911331,0.007451605044004435,0.006322727640149267,0.0,0.010478920973353567,0.007208787474081868,0.05119393755440094,0.0025347433692213335,0.008770885730757001,0.0028598901956630673,0.0007739830987425668,0.005027097671803,0.0016597811792460023,0.041837387013349735
0.0027061197988613333,0.0061382380108298,0.0013665346814942334,0.0111681440017112,0.03920229654365323,0.06979965190824614,0.027009943472963233,0.013393743191523267,0.0075321148142742,0.003914851296844234,0.004518297659764066,0.028873631405354733,0.0061041288956417,0.0015473500426224638,0.0015589891329369665,0.022388892101953935,0.006873205552329234,0.0007762647790657,0.0023316824891009,0.0034748588631681333,0.0015611643758883997,0.0206276226023853,0.0,0.008992740428008033,0.09577481241426945,0.0020400220464298667,0.0061900825312973,0.008781221718187734,0.0035595471110913004,0.004562053828373433,0.0055667826434970666,0.09520095605513686
0.0002475604125961352,0.0036305222265895667,0.002220367852954567,0.0115391390003985,0.018544476411473533,0.01810829174869213,0.015987358058574066,0.0064515402471554675,0.030938516118558437,0.0098988183692996,0.0157802550982836,0.006270423422464366,0.0029161163275925332,0.0049702771975933995,0.004728199641015066,0.022897896007911468,0.0012151844485621028,0.0035862466903874668,0.001941809465905233,0.025462909367966136,0.016352144054346134,0.008869735301973667,0.027556334127469533,0.0,0.010983146950657302,0.0015216918632732334,0.0015044878926790666,0.005149208539498233,0.010384472525273733,0.002902342184874767,0.0007339454711301667,0.0016563873568074998
0.008726209868732399,0.005403130692405667,0.0031221048413554667,0.011138711551763299,0.018395291958857335,0.0164379385476589,0.008790539285407099,0.0096347923000877,0.016977628299910466,0.0033662659631011004,0.010197008008646001,0.019554276966998865,0.0038533637000916,0.0009135431319364342,0.0007654030951346332,0.010805323032607034,0.014245269375937368,0.011736775983799465,0.0020904010123478666,0.0028535102889685666,0.01891108565147823,0.06520250871658755,0.005151200652566666,0.005559284084069867,0.0,0.0009124809319912,0.009622030486053966,0.009258871409984533,0.0121055230551384,0.0011619420384477335,0.000878449093128241,0.0737914086001671
0.0009068456080521334,0.003736529295460435,0.0017790282147760333,0.020960522633774733,0.005985789932476533,0.0223513256745819,0.004678132096129366,0.012197727642376933,0.0085386277353506,0.0054222705710182005,0.012472669985709867,0.019189102712880896,0.013659140902602734,0.004320165217327299,0.0056348016509763,0.011865965015781967,0.0047183816129425645,0.006385101916575333,0.0017940892237837333,0.014334645024432833,0.0019804391031579657,0.0052503450487921995,0.008415279940285068,0.0415044226707649,0.013886193648899833,0.0,0.0183302044623176,0.0282910255261954,0.011471969842929199,0.005496840385197267,0.0021777314951687333,0.007945436695144767
0.0032570949512903333,0.004139250111433565,0.0027683761205718003,0.023735690233863228,0.008334424341869833,0.019992591680718635,0.005188844558870066,0.0210540028038618,0.011487224534882233,0.004943344041948033,0.006734719034316866,0.009735373009602701,0.0111301683368957,0.002638700636732133,0.0062265892316871,0.0136768726447899,0.0029396586417013335,0.0033362241098067666,0.0016876226750145334,0.0048490412964005665,0.0017627266684357998,0.006058761706052434,0.019508450379191567,0.024779934943520304,0.010718080195170532,0.05947293847128726,0.0,0.015795927849877732,0.007596455865328433,0.0028443132038983,0.005342803845373834,0.005549032900947767
0.0052733120841990345,0.0044137898546479665,0.0018778474075081333,0.0038217372123798333,0.006338075939495699,0.013425159116298999,0.003484654359641,0.0038175670664527335,0.0190908224912118,0.0054803003565367,0.04009299442271,0.015642156992677864,0.03502097967387264,0.0030185241386513004,0.0006353754843890334,0.017878481568004066,0.006170311048545668,0.0037511359802780996,0.0013945448216848332,0.002270348595852733,0.0051662788393842,0.0097525402785953,0.009053632407491333,0.0029851219228912667,0.004144640339376133,0.005329508601377667,0.009129818852264434,0.0,0.012613456638904,0.004325407064535733,0.0049875118224017995,0.011082205547149499
0.0021631487763340332,0.004776874987219434,0.0016723358345116669,0.015021147925583032,0.012219239308344766,0.0012444155290077881,0.020953076933024836,0.0021009781526621332,0.011966163796169167,0.018793385899121533,0.009630050393177566,0.038345807823819404,0.0169472480915659,0.010835387008049068,0.013782360344663564,0.009465914168598,0.0022350367499667,0.005128484256527966,0.002943721042323767,0.0053958385224323,0.0022033382179831333,0.0031098615066759336,0.007709051053165633,0.012724505587891835,0.012284766405653602,0.005824650419222167,0.0162748080215462,0.023071155958324735,0.0,0.006285929234011167,0.025340288358150432,0.013242296300711933
0.0029795695967998665,0.0026636779519417664,0.0031818912500965724,0.016465892812006697,0.004671752981407433,0.0126963983266846,0.003717875413404467,0.013803879439676633,0.012238943311758815,0.005792077886165067,0.0293474627389728,0.04663416658206233,0.0078464839075374,0.0031012427260267,0.0020775621316458906,0.017313129378290833,0.00367003652981,0.0013747787753563333,0.0069178234896160665,0.010801133499928233,0.0013229342198985,0.0006936307804140334,0.0029294351282391335,0.0011803715638394666,0.0098482387432728,0.006062808833267566,0.0017884543787789,0.016280491322951434,0.0021283073252086333,0.0,0.024270103884177302,0.006483531745322867
0.0030526334892816997,0.0018082364108305948,0.0005742227221429666,0.0013508820307156332,0.019092714245591134,0.001678813181546,0.013642518189371435,0.007077884311304346,0.0030992072047101664,0.006656007559647067,0.014534958453509432,0.0061985645557697,0.0103519908463832,0.0029858733129425664,0.0079580964931456,0.014871318481800748,0.0036563008657531,0.0036377650756768596,0.005458025617022733,0.006167723254237367,0.0036001492491994336,0.0030468146095875923,0.0026177641648245,0.007411428937267767,0.006255207219387767,0.0052755094786351995,0.013843069884889066,0.004419123063487699,0.0021720453938856334,0.004278252893319467,0.0,0.008494686337946132
0.0053750366869457335,0.0047967320929885,0.0011494736337195426,0.015665069905287866,0.010680075184648868,0.012773041324105465,0.0099768241359814,0.009709974280294333,0.018841814216173935,0.004593101544412733,0.0064379836608099,0.010904608901439359,0.0024211328846784,0.0032390521212929332,0.0015667016315575,0.010757515586971732,0.011254427743595202,0.009057725035239366,0.0038139291075020335,0.0009440698549014666,0.0042450733734338,0.04408508087330879,0.0069609430950367335,0.0046489190875306,0.007356179676213566,0.0010641751281279266,0.014055031315474165,0.0027660194388875333,0.0047908566734468335,0.0020327740506451,0.0005583759803538666,0.0
