0,0.494180395399752,0.100204474837659,0.155563416080221,0.222067319459294,0.0466185297991054,0.150428145289177,0.131729939096799,0.610216929312534,0.332600922647641,0.0713789821475818,0.275273642120352,0.229236907468949,0.0460520485516318,0.162369550006535,0.0562026876321375,0.059742196811905,0.0550005165098252,0.0934533473011717,0.135678901094474,0.0226438859019771,0.275461389399039,0.165717607845033,0.232541192076212,0.0810682853777956,0.105958231613136,0.0403136023149258,0.364073968193688,0.0222162584669201,0.251852573499222,0.278940206690782,0.141681229890346
0.494180395399752,0,0.228370947243093,0.123812239961224,0.406556557063628,0.321039195374,0.5707086918784,0.245046541134082,0.528953743972498,0.16117374816924,0.157626772851215,0.108300729519393,0.207457251776362,0.0954612964630807,0.0792834559735303,0.39369784278367,0.346014345717958,0.125455812942013,0.276006274071596,0.205916272723647,0.0820923979851084,0.240298965798822,0.330821047236097,0.233382059527286,0.25406669134709,0.137309214691807,0.120630345113651,0.215237283269179,0.127775801730868,0.271024023651782,0.31492343035719,0.497761479440753
0.100204474837659,0.228370947243093,0,0.0501155697220902,0.0224582796777269,0.0861184431273467,0.197370872801078,0.0542862869922199,0.43198140949034,0.047474724824868,0.317471393205688,0.111326956416497,0.037517961062129,0.105805945163198,0.0885507340769927,0.371286252553937,0.167663340630273,0.183588035066948,0.315381350698897,0.180136712254846,0.10486459654379,0.113744894041817,0.183438729459392,0.255414583204564,0.165675440202422,0.0886225342502904,0.0671097612232012,0.0998479558715716,0.253049176220253,0.032554632295134,0.112306718726594,0.107931827378772
0.155563416080221,0.123812239961224,0.0501155697220902,0,0.169047479701188,0.0991153694973588,0.111056919004617,0.8711324539796,0.175945079866666,0.507482579760213,0.166693755176762,0.177792655583586,0.0128214408073381,0.479833777584049,0.384961580579741,0.00389507885446905,0.079800541759721,0.145841226748473,0.0429659302008046,0.0193444346341906,0.156758164454066,0.193975263441851,0.176222238091328,0.00461487126638016,0.067375372907661,0.0862584929754614,0.167082640916934,0.240467832035694,0.139866635713613,0.0150475348285773,0.0866263958400897,0.106267180772436
0.222067319459294,0.406556557063628,0.0224582796777269,0.169047479701188,0,0.148859044487321,0.434495814131787,0.275270088967776,0.348213495784603,0.124423843633353,0.0178520909335477,0.0116034470329916,0.154372304390213,0.200612606675808,0.127734111873675,0.00942271358357058,0.38491979995963,0.0272772198630911,0.0159619488715566,0.0434009937084072,0.0714314237416681,0.00473988979865056,0.0692230867831524,0.0967077115681558,0.382973125238307,0.0679983880606555,0.095358434423955,0.0875282175170249,0.0761730432637355,0.182277100053187,0.317365213644077,0.189415253818807
0.0466185297991054,0.321039195374,0.0861184431273467,0.0991153694973588,0.148859044487321,0,0.663626908631121,0.278316073053771,0.0393538055614734,0.106835174849548,0.26910899882084,0.0679432501364228,0.191912144054198,0.267939855437395,0.320066099320169,0.517310530868666,0.123532313264427,0.259900337870146,0.45212627799745,0.0633970197767601,0.294766891703568,0.61212110290414,0.610495471610527,0.0585347674673887,0.134963227949608,0.00497786022006866,0.0230156983568128,0.0175681156754462,0.238303085304319,0.0349532416783224,0.235294490492572,0.359819436542418
0.150428145289177,0.5707086918784,0.197370872801078,0.111056919004617,0.434495814131787,0.663626908631121,0,0.290710450105675,0.338890850031361,0.0261711694459173,0.10707864821574,0.0452286811454579,0.22087370548816,0.0705327160458905,0.127985798610233,0.540159737244234,0.372805990416775,0.171946461199937,0.409875029203869,0.159997615015553,0.214199581795671,0.340061135152787,0.547564339336078,0.204687738516786,0.35750715183454,0.0365420156452081,0.0598600093270463,0.128740185235127,0.150846034859832,0.072800057329377,0.427143491140225,0.527623250575671
0.131729939096799,0.245046541134082,0.0542862869922199,0.8711324539796,0.275270088967776,0.278316073053771,0.290710450105675,0,0.175384678568668,0.327725690457401,0.225975528566678,0.084556430192541,0.0302553887063695,0.526282175846521,0.439416304826916,0.0528165828392543,0.0886932465140543,0.0359424729861018,0.0981386602486294,0.0200665162265351,0.249611235035742,0.311843820346447,0.364035027130456,0.0306668924148425,0.101966739939356,0.0678149866909373,0.100468736806964,0.181635835016985,0.109405190373955,0.0131389584438429,0.181360426052052,0.19510562601421
0.610216929312534,0.528953743972498,0.43198140949034,0.175945079866666,0.348213495784603,0.0393538055614734,0.338890850031361,0.175384678568668,0,0.103503613665609,0.0318934351194605,0.248677313529472,0.102769085806577,0.0369455486739662,0.183857758473881,0.114014315309212,0.266588955576528,0.0163876674874806,0.105318151259858,0.262928265342302,0.0204138992168827,0.0735025506376454,0.0928440501897971,0.420267597159288,0.28913419818974,0.157166690981095,0.0550469186014594,0.353298154524943,0.105423510718739,0.170801560895563,0.341354005277765,0.172150229432682
0.332600922647641,0.16117374816924,0.047474724824868,0.507482579760213,0.124423843633353,0.106835174849548,0.0261711694459173,0.327725690457401,0.103503613665609,0,0.56783070450315,0.0688014803390503,0.0686227903138245,0.144638575093042,0.174824169776631,0.0306395168104197,0.126866101215623,0.0440749044576979,0.05581388617199,0.0470590602627078,0.046214346270022,0.165012657429595,0.0557152450649869,0.0493424368956362,0.10421667669524,0.0194693462627657,0.0311376151906174,0.0975039623601721,0.118516871390039,0.145593595442558,0.0379087184626186,0.0693210239776074
0.0713789821475818,0.157626772851215,0.317471393205688,0.166693755176762,0.0178520909335477,0.26910899882084,0.10707864821574,0.225975528566678,0.0318934351194605,0.56783070450315,0,0.0210121824975592,0.0515113460141801,0.0405266974790727,0.241215968894389,0.273227374074966,0.0287444746943424,0.015170086101775,0.143485322467062,0.0231130143311944,0.0822646967981733,0.228845552110681,0.165825824336449,0.0237349606524063,0.025083221789649,0.0176734205443568,0.0445753517219304,0.0168763165600039,0.0488678792869374,0.158632390811787,0.0214951487099166,0.0611413116980245
0.275273642120352,0.108300729519393,0.111326956416497,0.177792655583586,0.0116034470329916,0.0679432501364228,0.0452286811454579,0.084556430192541,0.248677313529472,0.0688014803390503,0.0210121824975592,0,0.005766342449882,0.0544592174990311,0.184561394511329,0.138292206336063,0.0456069969452064,0.170140866873638,0.127856407750171,0.0172156888706614,0.160063311799786,0.142247136705954,0.111814881698908,0.0343620988140986,0.077951414326168,0.111803221939519,0.169226943757053,0.767334166666112,0.167373563908455,0.0404429693835246,0.0445905879182829,0.0176776546329427
0.229236907468949,0.207457251776362,0.037517961062129,0.0128214408073381,0.154372304390213,0.191912144054198,0.22087370548816,0.0302553887063695,0.102769085806577,0.0686227903138245,0.0515113460141801,0.005766342449882,0,0.128517293927558,0.344399099914499,0.0712320288849531,0.252809615982418,0.311970347427504,0.146902150923442,0.106204477773594,0.0918657575652464,0.200803136313838,0.185961117076744,0.09899907107659,0.20627065308512,0.0374516547207681,0.0360458949992468,0.0733146128296855,0.120093121089181,0.320125437377611,0.366972712027294,0.293806166959063
0.0460520485516318,0.0954612964630807,0.105805945163198,0.479833777584049,0.200612606675808,0.267939855437395,0.0705327160458905,0.526282175846521,0.0369455486739662,0.144638575093042,0.0405266974790727,0.0544592174990311,0.128517293927558,0,0.488158208934204,0.0911986702398617,0.0933622324560124,0.201938270410474,0.173419109619883,0.0676584560439097,0.139087798175436,0.153377246544035,0.123840388085963,0.0472047099427275,0.105023071575071,0.168330866542544,0.137681664639833,0.0434581191959815,0.312046407339727,0.0196244119082181,0.159211183873005,0.0735681597212512
0.162369550006535,0.0792834559735303,0.0885507340769927,0.384961580579741,0.127734111873675,0.320066099320169,0.127985798610233,0.439416304826916,0.183857758473881,0.174824169776631,0.241215968894389,0.184561394511329,0.344399099914499,0.488158208934204,0,0.0165556358845739,0.0824537645477945,0.127339760487992,0.107696048249623,0.0436944752904898,0.142424678549609,0.40007167645763,0.293673298422985,0.0287241289462587,0.135508783487884,0.0543705563540287,0.0663524019650412,0.066233025002617,0.283771927977895,0.0451620726308055,0.244713789880754,0.162454569484864
0.0562026876321375,0.39369784278367,0.371286252553937,0.00389507885446905,0.00942271358357058,0.517310530868666,0.540159737244234,0.0528165828392543,0.114014315309212,0.0306395168104197,0.273227374074966,0.138292206336063,0.0712320288849531,0.0911986702398617,0.0165556358845739,0,0.0851641852585809,0.458939736640133,0.586479845714283,0.122796160935986,0.0621293608539573,0.398907173128801,0.430353053927501,0.0790890128364215,0.0577068606528913,0.163266150692168,0.29023484220985,0.106017152644131,0.214324383538978,0.143856077326198,0.132944151829934,0.470188117881515
0.059742196811905,0.346014345717958,0.167663340630273,0.079800541759721,0.38491979995963,0.123532313264427,0.372805990416775,0.0886932465140543,0.266588955576528,0.126866101215623,0.0287444746943424,0.0456069969452064,0.252809615982418,0.0933622324560124,0.0824537645477945,0.0851641852585809,0,0.23866990755106,0.26038518351842,0.291332205906435,0.115317307891262,0.0883725616969225,0.207636092618692,0.286155597722116,0.782832865488558,0.179660141281012,0.130910617924039,0.00996715954507684,0.225407693918999,0.380308093939943,0.319267545638154,0.533111519583751
0.0550005165098252,0.125455812942013,0.183588035066948,0.145841226748473,0.0272772198630911,0.259900337870146,0.171946461199937,0.0359424729861018,0.0163876674874806,0.0440749044576979,0.015170086101775,0.170140866873638,0.311970347427504,0.201938270410474,0.127339760487992,0.458939736640133,0.23866990755106,0,0.496544171993566,0.0900873083470672,0.0879473139457665,0.277053958623961,0.218236487679102,0.0445797656629774,0.0942489610194396,0.195321523395433,0.270118372526368,0.050269584677625,0.412898398516838,0.363159148783847,0.196851145807027,0.421735568558449
0.0934533473011717,0.276006274071596,0.315381350698897,0.0429659302008046,0.0159619488715566,0.45212627799745,0.409875029203869,0.0981386602486294,0.105318151259858,0.05581388617199,0.143485322467062,0.127856407750171,0.146902150923442,0.173419109619883,0.107696048249623,0.586479845714283,0.26038518351842,0.496544171993566,0,0.433580174334028,0.380642979596083,0.458053058022514,0.587869827582945,0.387801948148885,0.210082524382737,0.428269664728089,0.311017811524178,0.0198472712322921,0.563434848909263,0.151063408121767,0.235582811091345,0.320242576955903
0.135678901094474,0.205916272723647,0.180136712254846,0.0193444346341906,0.0434009937084072,0.0633970197767601,0.159997615015553,0.0200665162265351,0.262928265342302,0.0470590602627078,0.0231130143311944,0.0172156888706614,0.106204477773594,0.0676584560439097,0.0436944752904898,0.122796160935986,0.291332205906435,0.0900873083470672,0.433580174334028,0,0.404807045794337,0.0496160418766273,0.141140831350987,0.939201476098184,0.449508326887477,0.605334490336983,0.368194970846917,0.0106853333743877,0.182358848799251,0.295296105894081,0.080659186517188,0.208089060509286
0.0226438859019771,0.0820923979851084,0.10486459654379,0.156758164454066,0.0714314237416681,0.294766891703568,0.214199581795671,0.249611235035742,0.0204138992168827,0.046214346270022,0.0822646967981733,0.160063311799786,0.0918657575652464,0.139087798175436,0.142424678549609,0.0621293608539573,0.115317307891262,0.0879473139457665,0.380642979596083,0.404807045794337,0,0.290645672100619,0.475231247036542,0.370999062552041,0.145191501752755,0.177327005485708,0.0654606770483623,0.10267867051744,0.179765286361331,0.0730688312033037,0.0812886848100726,0.0348245909934281
0.275461389399039,0.240298965798822,0.113744894041817,0.193975263441851,0.00473988979865056,0.61212110290414,0.340061135152787,0.311843820346447,0.0735025506376454,0.165012657429595,0.228845552110681,0.142247136705954,0.200803136313838,0.153377246544035,0.40007167645763,0.398907173128801,0.0883725616969225,0.277053958623961,0.458053058022514,0.0496160418766273,0.290645672100619,0,0.878297466705328,0.0461478842558955,0.119580669727779,0.0500984241266088,0.0896497116555509,0.037562925649282,0.1679574654766,0.130259124043956,0.195971779101893,0.439914654807202
0.165717607845033,0.330821047236097,0.183438729459392,0.176222238091328,0.0692230867831524,0.610495471610527,0.547564339336078,0.364035027130456,0.0928440501897971,0.0557152450649869,0.165825824336449,0.111814881698908,0.185961117076744,0.123840388085963,0.293673298422985,0.430353053927501,0.207636092618692,0.218236487679102,0.587869827582945,0.141140831350987,0.475231247036542,0.878297466705328,0,0.150715420131474,0.222236057399727,0.0748048407679111,0.0725841366725734,0.0236089609550519,0.211081349211552,0.0950207659079831,0.256916970370836,0.452576793280014
0.232541192076212,0.233382059527286,0.255414583204564,0.00461487126638016,0.0967077115681558,0.0585347674673887,0.204687738516786,0.0306668924148425,0.420267597159288,0.0493424368956362,0.0237349606524063,0.0343620988140986,0.09899907107659,0.0472047099427275,0.0287241289462587,0.0790890128364215,0.286155597722116,0.0445797656629774,0.387801948148885,0.939201476098184,0.370999062552041,0.0461478842558955,0.150715420131474,0,0.471638506952515,0.57103286090528,0.276298839227294,0.0521030994427039,0.186466339942456,0.277072894240483,0.1577498844615,0.157842279420532
0.0810682853777956,0.25406669134709,0.165675440202422,0.067375372907661,0.382973125238307,0.134963227949608,0.35750715183454,0.101966739939356,0.28913419818974,0.10421667669524,0.025083221789649,0.077951414326168,0.20627065308512,0.105023071575071,0.135508783487884,0.0577068606528913,0.782832865488558,0.0942489610194396,0.210082524382737,0.449508326887477,0.145191501752755,0.119580669727779,0.222236057399727,0.471638506952515,0,0.224441998772154,0.114372431700353,0.0291194157494768,0.0862451214447792,0.321099719762011,0.254025639422628,0.523596369350405
0.105958231613136,0.137309214691807,0.0886225342502904,0.0862584929754614,0.0679983880606555,0.00497786022006866,0.0365420156452081,0.0678149866909373,0.157166690981095,0.0194693462627657,0.0176734205443568,0.111803221939519,0.0374516547207681,0.168330866542544,0.0543705563540287,0.163266150692168,0.179660141281012,0.195321523395433,0.428269664728089,0.605334490336983,0.177327005485708,0.0500984241266088,0.0748048407679111,0.57103286090528,0.224441998772154,0,0.841090191409097,0.154338734403589,0.418659290097148,0.221533672759938,0.125658035201523,0.139714034132421
0.0403136023149258,0.120630345113651,0.0671097612232012,0.167082640916934,0.095358434423955,0.0230156983568128,0.0598600093270463,0.100468736806964,0.0550469186014594,0.0311376151906174,0.0445753517219304,0.169226943757053,0.0360458949992468,0.137681664639833,0.0663524019650412,0.29023484220985,0.130910617924039,0.270118372526368,0.311017811524178,0.368194970846917,0.0654606770483623,0.0896497116555509,0.0725841366725734,0.276298839227294,0.114372431700353,0.841090191409097,0,0.212339707219577,0.306895065370997,0.226397800517861,0.0770311715827234,0.186466680840604
0.364073968193688,0.215237283269179,0.0998479558715716,0.240467832035694,0.0875282175170249,0.0175681156754462,0.128740185235127,0.181635835016985,0.353298154524943,0.0975039623601721,0.0168763165600039,0.767334166666112,0.0733146128296855,0.0434581191959815,0.066233025002617,0.106017152644131,0.00996715954507684,0.050269584677625,0.0198472712322921,0.0106853333743877,0.10267867051744,0.037562925649282,0.0236089609550519,0.0521030994427039,0.0291194157494768,0.154338734403589,0.212339707219577,0,0.0387946487343648,0.0417372678705618,0.252998490837196,0.0552140604470214
0.0222162584669201,0.127775801730868,0.253049176220253,0.139866635713613,0.0761730432637355,0.238303085304319,0.150846034859832,0.109405190373955,0.105423510718739,0.118516871390039,0.0488678792869374,0.167373563908455,0.120093121089181,0.312046407339727,0.283771927977895,0.214324383538978,0.225407693918999,0.412898398516838,0.563434848909263,0.182358848799251,0.179765286361331,0.1679574654766,0.211081349211552,0.186466339942456,0.0862451214447792,0.418659290097148,0.306895065370997,0.0387946487343648,0,0.18951005923512,0.494034070746404,0.116590621695267
0.251852573499222,0.271024023651782,0.032554632295134,0.0150475348285773,0.182277100053187,0.0349532416783224,0.072800057329377,0.0131389584438429,0.170801560895563,0.145593595442558,0.158632390811787,0.0404429693835246,0.320125437377611,0.0196244119082181,0.0451620726308055,0.143856077326198,0.380308093939943,0.363159148783847,0.151063408121767,0.295296105894081,0.0730688312033037,0.130259124043956,0.0950207659079831,0.277072894240483,0.321099719762011,0.221533672759938,0.226397800517861,0.0417372678705618,0.18951005923512,0,0.404512372882448,0.421228126933243
0.278940206690782,0.31492343035719,0.112306718726594,0.0866263958400897,0.317365213644077,0.235294490492572,0.427143491140225,0.181360426052052,0.341354005277765,0.0379087184626186,0.0214951487099166,0.0445905879182829,0.366972712027294,0.159211183873005,0.244713789880754,0.132944151829934,0.319267545638154,0.196851145807027,0.235582811091345,0.080659186517188,0.0812886848100726,0.195971779101893,0.256916970370836,0.1577498844615,0.254025639422628,0.125658035201523,0.0770311715827234,0.252998490837196,0.494034070746404,0.404512372882448,0,0.291004219698627
0.141681229890346,0.497761479440753,0.107931827378772,0.106267180772436,0.189415253818807,0.359819436542418,0.527623250575671,0.19510562601421,0.172150229432682,0.0693210239776074,0.0611413116980245,0.0176776546329427,0.293806166959063,0.0735681597212512,0.162454569484864,0.470188117881515,0.533111519583751,0.421735568558449,0.320242576955903,0.208089060509286,0.0348245909934281,0.439914654807202,0.452576793280014,0.157842279420532,0.523596369350405,0.139714034132421,0.186466680840604,0.0552140604470214,0.116590621695267,0.421228126933243,0.291004219698627,0
